ts,value,lag_1d,lag_2d,lag_7d,block_sin,block_cos,dow,is_weekend,is_holiday,month_sin,month_cos,temperature_2m,precipitation,cloud_cover
2026-06-17 00:00:00,3844.71,4001.1,4239.18,4026.57,0.06540312923014306,0.9978589232386035,2,0,0,1.2246467991473532e-16,-1.0,0.0,0.0,0.0
2026-06-17 00:15:00,3758.63,3966.79,4175.56,3910.8,0.13052619222005157,0.9914448613738104,2,0,0,1.2246467991473532e-16,-1.0,0.0,0.0,0.0
2026-06-17 00:30:00,3757.64,3861.26,4095.51,3804.01,0.19509032201612825,0.9807852804032304,2,0,0,1.2246467991473532e-16,-1.0,0.0,0.0,0.0
2026-06-17 00:45:00,3692.87,3720.45,3975.35,3788.0,0.25881904510252074,0.9659258262890683,2,0,0,1.2246467991473532e-16,-1.0,0.0,0.0,0.0
2026-06-17 01:00:00,3551.06,3707.98,3913.57,3750.17,0.3214394653031616,0.9469301294951057,2,0,0,1.2246467991473532e-16,-1.0,0.0,0.0,0.0
2026-06-17 01:15:00,3540.99,3635.99,3887.53,3697.05,0.3826834323650898,0.9238795325112867,2,0,0,1.2246467991473532e-16,-1.0,0.0,0.0,0.0
2026-06-17 01:30:00,3440.76,3585.99,3833.29,3599.15,0.44228869021900125,0.8968727415326884,2,0,0,1.2246467991473532e-16,-1.0,0.0,0.0,0.0
2026-06-17 01:45:00,3416.46,3561.92,3683.98,3533.14,0.49999999999999994,0.8660254037844387,2,0,0,1.2246467991473532e-16,-1.0,0.0,0.0,0.0
2026-06-17 02:00:00,3378.8,3449.6,3723.22,3453.17,0.5555702330196022,0.8314696123025452,2,0,0,1.2246467991473532e-16,-1.0,0.0,0.0,0.0
2026-06-17 02:15:00,3291.96,3432.38,3655.04,3423.48,0.6087614290087207,0.7933533402912352,2,0,0,1.2246467991473532e-16,-1.0,0.0,0.0,0.0
2026-06-17 02:30:00,3270.06,3366.88,3581.75,3379.19,0.6593458151000688,0.7518398074789774,2,0,0,1.2246467991473532e-16,-1.0,0.0,0.0,0.0
2026-06-17 02:45:00,3211.58,3407.73,3598.48,3385.1,0.7071067811865476,0.7071067811865476,2,0,0,1.2246467991473532e-16,-1.0,0.0,0.0,0.0
2026-06-17 03:00:00,3208.23,3365.2,3511.28,3349.62,0.7518398074789774,0.6593458151000688,2,0,0,1.2246467991473532e-16,-1.0,0.0,0.0,0.0
2026-06-17 03:15:00,3167.78,3302.35,3510.29,3258.48,0.7933533402912352,0.6087614290087207,2,0,0,1.2246467991473532e-16,-1.0,0.0,0.0,0.0
2026-06-17 03:30:00,3190.67,3305.22,3443.63,3294.49,0.8314696123025451,0.5555702330196024,2,0,0,1.2246467991473532e-16,-1.0,0.0,0.0,0.0
2026-06-17 03:45:00,3085.06,3274.3,3403.85,3269.77,0.8660254037844386,0.5000000000000001,2,0,0,1.2246467991473532e-16,-1.0,0.0,0.0,0.0
2026-06-17 04:00:00,3056.48,3171.36,3411.07,3177.05,0.8968727415326884,0.44228869021900125,2,0,0,1.2246467991473532e-16,-1.0,0.0,0.0,0.0
2026-06-17 04:15:00,3111.29,3188.04,3398.27,3231.19,0.9238795325112867,0.38268343236508984,2,0,0,1.2246467991473532e-16,-1.0,0.0,0.0,0.0
2026-06-17 04:30:00,3079.4,3150.56,3348.14,3174.54,0.9469301294951056,0.3214394653031617,2,0,0,1.2246467991473532e-16,-1.0,0.0,0.0,0.0
2026-06-17 04:45:00,3104.01,3127.13,3368.45,3183.62,0.9659258262890683,0.25881904510252074,2,0,0,1.2246467991473532e-16,-1.0,0.0,0.0,0.0
2026-06-17 05:00:00,3032.01,3150.4,3301.01,3133.64,0.9807852804032304,0.19509032201612833,2,0,0,1.2246467991473532e-16,-1.0,0.0,0.0,0.0
2026-06-17 05:15:00,3065.47,3134.16,3328.7,3191.2,0.9914448613738104,0.1305261922200517,2,0,0,1.2246467991473532e-16,-1.0,0.0,0.0,0.0
2026-06-17 05:30:00,3060.0,3150.05,3381.7,3148.14,0.9978589232386035,0.06540312923014327,2,0,0,1.2246467991473532e-16,-1.0,0.0,0.0,0.0
2026-06-17 05:45:00,3066.66,3209.07,3351.44,3173.15,1.0,6.123233995736766e-17,2,0,0,1.2246467991473532e-16,-1.0,0.0,0.0,0.0
2026-06-17 06:00:00,3125.24,3162.33,3350.65,3176.59,0.9978589232386035,-0.06540312923014314,2,0,0,1.2246467991473532e-16,-1.0,0.0,0.0,0.0
2026-06-17 06:15:00,3085.88,3223.69,3398.9,3174.6,0.9914448613738104,-0.1305261922200516,2,0,0,1.2246467991473532e-16,-1.0,0.0,0.0,0.0
2026-06-17 06:30:00,3047.4,3227.19,3332.74,3197.56,0.9807852804032304,-0.1950903220161282,2,0,0,1.2246467991473532e-16,-1.0,0.0,0.0,0.0
2026-06-17 06:45:00,3064.97,3166.62,3373.19,3181.26,0.9659258262890683,-0.25881904510252063,2,0,0,1.2246467991473532e-16,-1.0,0.0,0.0,0.0
2026-06-17 07:00:00,3027.28,3094.33,3276.16,3120.1,0.9469301294951057,-0.3214394653031616,2,0,0,1.2246467991473532e-16,-1.0,0.0,0.0,0.0
2026-06-17 07:15:00,2972.56,3058.71,3272.22,3104.77,0.9238795325112868,-0.3826834323650895,2,0,0,1.2246467991473532e-16,-1.0,0.0,0.0,0.0
2026-06-17 07:30:00,2931.66,3065.56,3260.87,3063.19,0.8968727415326884,-0.44228869021900113,2,0,0,1.2246467991473532e-16,-1.0,0.0,0.0,0.0
2026-06-17 07:45:00,2873.96,2997.44,3188.5,2969.35,0.8660254037844387,-0.4999999999999998,2,0,0,1.2246467991473532e-16,-1.0,0.0,0.0,0.0
2026-06-17 08:00:00,2872.06,2958.74,3113.9,3019.68,0.8314696123025451,-0.5555702330196023,2,0,0,1.2246467991473532e-16,-1.0,0.0,0.0,0.0
2026-06-17 08:15:00,2854.29,3019.21,3124.11,2972.02,0.7933533402912352,-0.6087614290087207,2,0,0,1.2246467991473532e-16,-1.0,0.0,0.0,0.0
2026-06-17 08:30:00,2863.83,3006.08,3087.99,2977.77,0.7518398074789774,-0.6593458151000688,2,0,0,1.2246467991473532e-16,-1.0,0.0,0.0,0.0
2026-06-17 08:45:00,2836.81,3009.19,3110.33,2967.2,0.7071067811865476,-0.7071067811865475,2,0,0,1.2246467991473532e-16,-1.0,0.0,0.0,0.0
2026-06-17 09:00:00,2894.37,2958.34,3141.09,2960.95,0.659345815100069,-0.7518398074789773,2,0,0,1.2246467991473532e-16,-1.0,0.0,0.0,0.0
2026-06-17 09:15:00,2950.11,3047.77,3239.92,3069.22,0.6087614290087209,-0.793353340291235,2,0,0,1.2246467991473532e-16,-1.0,0.0,0.0,0.0
2026-06-17 09:30:00,2947.01,3051.59,3268.57,3104.69,0.5555702330196025,-0.831469612302545,2,0,0,1.2246467991473532e-16,-1.0,0.0,0.0,0.0
2026-06-17 09:45:00,2996.69,3101.0,3298.2,3130.25,0.49999999999999994,-0.8660254037844387,2,0,0,1.2246467991473532e-16,-1.0,0.0,0.0,0.0
2026-06-17 10:00:00,2991.2,3089.18,3314.23,3090.82,0.4422886902190017,-0.8968727415326881,2,0,0,1.2246467991473532e-16,-1.0,0.0,0.0,0.0
2026-06-17 10:15:00,2984.64,3090.79,3273.22,3071.16,0.3826834323650899,-0.9238795325112867,2,0,0,1.2246467991473532e-16,-1.0,0.0,0.0,0.0
2026-06-17 10:30:00,2969.68,3156.49,3282.26,3095.5,0.32143946530316175,-0.9469301294951056,2,0,0,1.2246467991473532e-16,-1.0,0.0,0.0,0.0
2026-06-17 10:45:00,3031.45,3152.29,3248.17,3122.78,0.258819045102521,-0.9659258262890682,2,0,0,1.2246467991473532e-16,-1.0,0.0,0.0,0.0
2026-06-17 11:00:00,3027.58,3091.99,3341.47,3097.97,0.19509032201612816,-0.9807852804032304,2,0,0,1.2246467991473532e-16,-1.0,0.0,0.0,0.0
2026-06-17 11:15:00,2992.86,3146.24,3279.4,3072.79,0.130526192220052,-0.9914448613738104,2,0,0,1.2246467991473532e-16,-1.0,0.0,0.0,0.0
2026-06-17 11:30:00,3002.0,3150.56,3265.77,3101.64,0.06540312923014312,-0.9978589232386035,2,0,0,1.2246467991473532e-16,-1.0,0.0,0.0,0.0
2026-06-17 11:45:00,3004.4,3083.81,3316.8,3105.63,1.2246467991473532e-16,-1.0,2,0,0,1.2246467991473532e-16,-1.0,0.0,0.0,0.0
2026-06-17 12:00:00,3006.46,3168.8,3277.62,3078.77,-0.06540312923014287,-0.9978589232386035,2,0,0,1.2246467991473532e-16,-1.0,0.0,0.0,0.0
2026-06-17 12:15:00,3042.59,3157.12,3307.94,3130.14,-0.13052619222005177,-0.9914448613738104,2,0,0,1.2246467991473532e-16,-1.0,0.0,0.0,0.0
2026-06-17 12:30:00,3027.06,3190.93,3339.64,3119.37,-0.19509032201612792,-0.9807852804032305,2,0,0,1.2246467991473532e-16,-1.0,0.0,0.0,0.0
2026-06-17 12:45:00,3021.83,3143.93,3361.12,3144.68,-0.2588190451025208,-0.9659258262890683,2,0,0,1.2246467991473532e-16,-1.0,0.0,0.0,0.0
2026-06-17 13:00:00,2987.63,3107.35,3329.48,3092.89,-0.32143946530316153,-0.9469301294951057,2,0,0,1.2246467991473532e-16,-1.0,0.0,0.0,0.0
2026-06-17 13:15:00,3002.2,3102.81,3325.23,3108.21,-0.38268343236508967,-0.9238795325112868,2,0,0,1.2246467991473532e-16,-1.0,0.0,0.0,0.0
2026-06-17 13:30:00,3069.42,3173.98,3386.59,3203.71,-0.44228869021900147,-0.8968727415326883,2,0,0,1.2246467991473532e-16,-1.0,0.0,0.0,0.0
2026-06-17 13:45:00,3110.53,3232.09,3375.46,3258.84,-0.4999999999999997,-0.8660254037844388,2,0,0,1.2246467991473532e-16,-1.0,0.0,0.0,0.0
2026-06-17 14:00:00,3219.95,3321.07,3527.22,3354.42,-0.555570233019602,-0.8314696123025455,2,0,0,1.2246467991473532e-16,-1.0,0.0,0.0,0.0
2026-06-17 14:15:00,3299.39,3467.42,3629.21,3426.73,-0.6087614290087207,-0.7933533402912352,2,0,0,1.2246467991473532e-16,-1.0,0.0,0.0,0.0
2026-06-17 14:30:00,3423.12,3521.39,3738.12,3449.13,-0.6593458151000688,-0.7518398074789774,2,0,0,1.2246467991473532e-16,-1.0,0.0,0.0,0.0
2026-06-17 14:45:00,3393.06,3524.58,3778.1,3560.82,-0.7071067811865471,-0.7071067811865479,2,0,0,1.2246467991473532e-16,-1.0,0.0,0.0,0.0
2026-06-17 15:00:00,3449.96,3601.8,3781.38,3585.26,-0.7518398074789773,-0.6593458151000691,2,0,0,1.2246467991473532e-16,-1.0,0.0,0.0,0.0
2026-06-17 15:15:00,3521.64,3651.52,3894.14,3664.85,-0.7933533402912349,-0.6087614290087209,2,0,0,1.2246467991473532e-16,-1.0,0.0,0.0,0.0
2026-06-17 15:30:00,3586.42,3628.16,3834.43,3630.02,-0.8314696123025452,-0.5555702330196022,2,0,0,1.2246467991473532e-16,-1.0,0.0,0.0,0.0
2026-06-17 15:45:00,3524.25,3677.29,3920.95,3703.47,-0.8660254037844385,-0.5000000000000004,2,0,0,1.2246467991473532e-16,-1.0,0.0,0.0,0.0
2026-06-17 16:00:00,3605.21,3628.69,3926.08,3627.4,-0.8968727415326883,-0.44228869021900136,2,0,0,1.2246467991473532e-16,-1.0,0.0,0.0,0.0
2026-06-17 16:15:00,3558.1,3651.64,3943.35,3663.39,-0.9238795325112868,-0.3826834323650895,2,0,0,1.2246467991473532e-16,-1.0,0.0,0.0,0.0
2026-06-17 16:30:00,3560.65,3669.62,3854.2,3653.54,-0.9469301294951056,-0.3214394653031618,2,0,0,1.2246467991473532e-16,-1.0,0.0,0.0,0.0
2026-06-17 16:45:00,3576.22,3742.24,3886.5,3654.46,-0.9659258262890683,-0.25881904510252063,2,0,0,1.2246467991473532e-16,-1.0,0.0,0.0,0.0
2026-06-17 17:00:00,3532.34,3701.6,3937.17,3615.91,-0.9807852804032303,-0.19509032201612866,2,0,0,1.2246467991473532e-16,-1.0,0.0,0.0,0.0
2026-06-17 17:15:00,3501.46,3705.61,3814.51,3695.22,-0.9914448613738104,-0.13052619222005163,2,0,0,1.2246467991473532e-16,-1.0,0.0,0.0,0.0
2026-06-17 17:30:00,3561.04,3624.97,3899.35,3668.0,-0.9978589232386035,-0.06540312923014273,2,0,0,1.2246467991473532e-16,-1.0,0.0,0.0,0.0
2026-06-17 17:45:00,3539.93,3687.8,3819.23,3624.98,-1.0,-1.8369701987210297e-16,2,0,0,1.2246467991473532e-16,-1.0,0.0,0.0,0.0
2026-06-17 18:00:00,3513.55,3653.06,3803.72,3593.02,-0.9978589232386036,0.06540312923014237,2,0,0,1.2246467991473532e-16,-1.0,0.0,0.0,0.0
2026-06-17 18:15:00,3522.91,3662.54,3898.34,3657.78,-0.9914448613738105,0.13052619222005127,2,0,0,1.2246467991473532e-16,-1.0,0.0,0.0,0.0
2026-06-17 18:30:00,3596.24,3806.31,3994.59,3785.13,-0.9807852804032304,0.1950903220161283,2,0,0,1.2246467991473532e-16,-1.0,0.0,0.0,0.0
2026-06-17 18:45:00,3765.41,4002.82,4216.93,3916.07,-0.9659258262890684,0.2588190451025203,2,0,0,1.2246467991473532e-16,-1.0,0.0,0.0,0.0
2026-06-17 19:00:00,3966.73,4061.71,4253.29,4038.76,-0.9469301294951057,0.3214394653031615,2,0,0,1.2246467991473532e-16,-1.0,0.0,0.0,0.0
2026-06-17 19:15:00,3957.5,4039.09,4303.74,4061.76,-0.923879532511287,0.38268343236508917,2,0,0,1.2246467991473532e-16,-1.0,0.0,0.0,0.0
2026-06-17 19:30:00,3993.37,4140.26,4372.05,4035.18,-0.8968727415326884,0.442288690219001,2,0,0,1.2246467991473532e-16,-1.0,0.0,0.0,0.0
2026-06-17 19:45:00,3973.86,4031.58,4335.56,4034.09,-0.8660254037844386,0.5000000000000001,2,0,0,1.2246467991473532e-16,-1.0,0.0,0.0,0.0
2026-06-17 20:00:00,3907.08,4041.81,4252.68,4045.98,-0.8314696123025455,0.5555702330196018,2,0,0,1.2246467991473532e-16,-1.0,0.0,0.0,0.0
2026-06-17 20:15:00,3909.08,4075.44,4368.33,4089.22,-0.7933533402912357,0.6087614290087199,2,0,0,1.2246467991473532e-16,-1.0,0.0,0.0,0.0
2026-06-17 20:30:00,3980.67,4120.4,4307.36,4106.15,-0.7518398074789772,0.6593458151000691,2,0,0,1.2246467991473532e-16,-1.0,0.0,0.0,0.0
2026-06-17 20:45:00,3896.05,4111.99,4344.83,4050.16,-0.7071067811865477,0.7071067811865474,2,0,0,1.2246467991473532e-16,-1.0,0.0,0.0,0.0
2026-06-17 21:00:00,4006.32,4055.31,4295.47,4068.46,-0.6593458151000687,0.7518398074789775,2,0,0,1.2246467991473532e-16,-1.0,0.0,0.0,0.0
2026-06-17 21:15:00,4019.08,4091.29,4365.07,4112.93,-0.608761429008721,0.7933533402912349,2,0,0,1.2246467991473532e-16,-1.0,0.0,0.0,0.0
2026-06-17 21:30:00,3995.13,4160.77,4432.9,4118.28,-0.555570233019603,0.8314696123025447,2,0,0,1.2246467991473532e-16,-1.0,0.0,0.0,0.0
2026-06-17 21:45:00,4071.21,4171.31,4444.41,4221.95,-0.5000000000000004,0.8660254037844384,2,0,0,1.2246467991473532e-16,-1.0,0.0,0.0,0.0
2026-06-17 22:00:00,4203.2,4283.25,4515.12,4357.41,-0.4422886902190014,0.8968727415326883,2,0,0,1.2246467991473532e-16,-1.0,0.0,0.0,0.0
2026-06-17 22:15:00,4127.82,4281.0,4493.46,4226.58,-0.38268343236508956,0.9238795325112868,2,0,0,1.2246467991473532e-16,-1.0,0.0,0.0,0.0
2026-06-17 22:30:00,4022.89,4235.93,4469.94,4182.85,-0.32143946530316186,0.9469301294951056,2,0,0,1.2246467991473532e-16,-1.0,0.0,0.0,0.0
2026-06-17 22:45:00,4051.89,4157.81,4440.45,4227.1,-0.25881904510252157,0.9659258262890681,2,0,0,1.2246467991473532e-16,-1.0,0.0,0.0,0.0
2026-06-17 23:00:00,4041.76,4137.52,4408.79,4240.29,-0.19509032201612872,0.9807852804032303,2,0,0,1.2246467991473532e-16,-1.0,0.0,0.0,0.0
2026-06-17 23:15:00,3984.47,4118.82,4428.24,4100.18,-0.13052619222005168,0.9914448613738104,2,0,0,1.2246467991473532e-16,-1.0,0.0,0.0,0.0
2026-06-17 23:30:00,4042.59,4107.12,4391.36,4063.39,-0.0654031292301428,0.9978589232386035,2,0,0,1.2246467991473532e-16,-1.0,0.0,0.0,0.0
2026-06-17 23:45:00,3903.19,4081.35,4378.38,4124.67,-2.4492935982947064e-16,1.0,2,0,0,1.2246467991473532e-16,-1.0,0.0,0.0,0.0
2026-06-18 00:00:00,3805.57,3844.71,4001.1,4042.2,0.06540312923014306,0.9978589232386035,3,0,0,1.2246467991473532e-16,-1.0,0.0,0.0,0.0
2026-06-18 00:15:00,3764.57,3758.63,3966.79,4044.1,0.13052619222005157,0.9914448613738104,3,0,0,1.2246467991473532e-16,-1.0,0.0,0.0,0.0
2026-06-18 00:30:00,3682.01,3757.64,3861.26,3905.46,0.19509032201612825,0.9807852804032304,3,0,0,1.2246467991473532e-16,-1.0,0.0,0.0,0.0
2026-06-18 00:45:00,3680.96,3692.87,3720.45,3931.21,0.25881904510252074,0.9659258262890683,3,0,0,1.2246467991473532e-16,-1.0,0.0,0.0,0.0
2026-06-18 01:00:00,3572.7,3551.06,3707.98,3783.88,0.3214394653031616,0.9469301294951057,3,0,0,1.2246467991473532e-16,-1.0,0.0,0.0,0.0
2026-06-18 01:15:00,3569.68,3540.99,3635.99,3761.64,0.3826834323650898,0.9238795325112867,3,0,0,1.2246467991473532e-16,-1.0,0.0,0.0,0.0
2026-06-18 01:30:00,3425.27,3440.76,3585.99,3715.0,0.44228869021900125,0.8968727415326884,3,0,0,1.2246467991473532e-16,-1.0,0.0,0.0,0.0
2026-06-18 01:45:00,3419.28,3416.46,3561.92,3642.06,0.49999999999999994,0.8660254037844387,3,0,0,1.2246467991473532e-16,-1.0,0.0,0.0,0.0
2026-06-18 02:00:00,3354.64,3378.8,3449.6,3604.67,0.5555702330196022,0.8314696123025452,3,0,0,1.2246467991473532e-16,-1.0,0.0,0.0,0.0
2026-06-18 02:15:00,3330.27,3291.96,3432.38,3561.83,0.6087614290087207,0.7933533402912352,3,0,0,1.2246467991473532e-16,-1.0,0.0,0.0,0.0
2026-06-18 02:30:00,3282.1,3270.06,3366.88,3454.37,0.6593458151000688,0.7518398074789774,3,0,0,1.2246467991473532e-16,-1.0,0.0,0.0,0.0
2026-06-18 02:45:00,3223.53,3211.58,3407.73,3429.32,0.7071067811865476,0.7071067811865476,3,0,0,1.2246467991473532e-16,-1.0,0.0,0.0,0.0
2026-06-18 03:00:00,3257.97,3208.23,3365.2,3419.53,0.7518398074789774,0.6593458151000688,3,0,0,1.2246467991473532e-16,-1.0,0.0,0.0,0.0
2026-06-18 03:15:00,3165.89,3167.78,3302.35,3358.9,0.7933533402912352,0.6087614290087207,3,0,0,1.2246467991473532e-16,-1.0,0.0,0.0,0.0
2026-06-18 03:30:00,3165.66,3190.67,3305.22,3327.17,0.8314696123025451,0.5555702330196024,3,0,0,1.2246467991473532e-16,-1.0,0.0,0.0,0.0
2026-06-18 03:45:00,3132.44,3085.06,3274.3,3345.38,0.8660254037844386,0.5000000000000001,3,0,0,1.2246467991473532e-16,-1.0,0.0,0.0,0.0
2026-06-18 04:00:00,3137.87,3056.48,3171.36,3299.7,0.8968727415326884,0.44228869021900125,3,0,0,1.2246467991473532e-16,-1.0,0.0,0.0,0.0
2026-06-18 04:15:00,3080.93,3111.29,3188.04,3299.61,0.9238795325112867,0.38268343236508984,3,0,0,1.2246467991473532e-16,-1.0,0.0,0.0,0.0
2026-06-18 04:30:00,3047.43,3079.4,3150.56,3246.19,0.9469301294951056,0.3214394653031617,3,0,0,1.2246467991473532e-16,-1.0,0.0,0.0,0.0
2026-06-18 04:45:00,3100.34,3104.01,3127.13,3221.63,0.9659258262890683,0.25881904510252074,3,0,0,1.2246467991473532e-16,-1.0,0.0,0.0,0.0
2026-06-18 05:00:00,3035.54,3032.01,3150.4,3292.69,0.9807852804032304,0.19509032201612833,3,0,0,1.2246467991473532e-16,-1.0,0.0,0.0,0.0
2026-06-18 05:15:00,3066.2,3065.47,3134.16,3242.61,0.9914448613738104,0.1305261922200517,3,0,0,1.2246467991473532e-16,-1.0,0.0,0.0,0.0
2026-06-18 05:30:00,3035.81,3060.0,3150.05,3269.33,0.9978589232386035,0.06540312923014327,3,0,0,1.2246467991473532e-16,-1.0,0.0,0.0,0.0
2026-06-18 05:45:00,3101.62,3066.66,3209.07,3268.0,1.0,6.123233995736766e-17,3,0,0,1.2246467991473532e-16,-1.0,0.0,0.0,0.0
2026-06-18 06:00:00,3112.73,3125.24,3162.33,3256.28,0.9978589232386035,-0.06540312923014314,3,0,0,1.2246467991473532e-16,-1.0,0.0,0.0,0.0
2026-06-18 06:15:00,3123.11,3085.88,3223.69,3323.06,0.9914448613738104,-0.1305261922200516,3,0,0,1.2246467991473532e-16,-1.0,0.0,0.0,0.0
2026-06-18 06:30:00,3121.01,3047.4,3227.19,3301.97,0.9807852804032304,-0.1950903220161282,3,0,0,1.2246467991473532e-16,-1.0,0.0,0.0,0.0
2026-06-18 06:45:00,3077.81,3064.97,3166.62,3271.69,0.9659258262890683,-0.25881904510252063,3,0,0,1.2246467991473532e-16,-1.0,0.0,0.0,0.0
2026-06-18 07:00:00,3059.51,3027.28,3094.33,3180.59,0.9469301294951057,-0.3214394653031616,3,0,0,1.2246467991473532e-16,-1.0,0.0,0.0,0.0
2026-06-18 07:15:00,2955.41,2972.56,3058.71,3220.65,0.9238795325112868,-0.3826834323650895,3,0,0,1.2246467991473532e-16,-1.0,0.0,0.0,0.0
2026-06-18 07:30:00,2986.52,2931.66,3065.56,3184.63,0.8968727415326884,-0.44228869021900113,3,0,0,1.2246467991473532e-16,-1.0,0.0,0.0,0.0
2026-06-18 07:45:00,2880.9,2873.96,2997.44,3055.1,0.8660254037844387,-0.4999999999999998,3,0,0,1.2246467991473532e-16,-1.0,0.0,0.0,0.0
2026-06-18 08:00:00,2853.97,2872.06,2958.74,3087.05,0.8314696123025451,-0.5555702330196023,3,0,0,1.2246467991473532e-16,-1.0,0.0,0.0,0.0
2026-06-18 08:15:00,2838.29,2854.29,3019.21,3084.92,0.7933533402912352,-0.6087614290087207,3,0,0,1.2246467991473532e-16,-1.0,0.0,0.0,0.0
2026-06-18 08:30:00,2853.96,2863.83,3006.08,3021.69,0.7518398074789774,-0.6593458151000688,3,0,0,1.2246467991473532e-16,-1.0,0.0,0.0,0.0
2026-06-18 08:45:00,2870.83,2836.81,3009.19,3074.52,0.7071067811865476,-0.7071067811865475,3,0,0,1.2246467991473532e-16,-1.0,0.0,0.0,0.0
2026-06-18 09:00:00,2912.84,2894.37,2958.34,3067.06,0.659345815100069,-0.7518398074789773,3,0,0,1.2246467991473532e-16,-1.0,0.0,0.0,0.0
2026-06-18 09:15:00,2932.83,2950.11,3047.77,3111.53,0.6087614290087209,-0.793353340291235,3,0,0,1.2246467991473532e-16,-1.0,0.0,0.0,0.0
2026-06-18 09:30:00,2980.41,2947.01,3051.59,3125.55,0.5555702330196025,-0.831469612302545,3,0,0,1.2246467991473532e-16,-1.0,0.0,0.0,0.0
2026-06-18 09:45:00,3017.33,2996.69,3101.0,3210.94,0.49999999999999994,-0.8660254037844387,3,0,0,1.2246467991473532e-16,-1.0,0.0,0.0,0.0
2026-06-18 10:00:00,2980.56,2991.2,3089.18,3199.83,0.4422886902190017,-0.8968727415326881,3,0,0,1.2246467991473532e-16,-1.0,0.0,0.0,0.0
2026-06-18 10:15:00,3037.64,2984.64,3090.79,3201.64,0.3826834323650899,-0.9238795325112867,3,0,0,1.2246467991473532e-16,-1.0,0.0,0.0,0.0
2026-06-18 10:30:00,3021.64,2969.68,3156.49,3217.53,0.32143946530316175,-0.9469301294951056,3,0,0,1.2246467991473532e-16,-1.0,0.0,0.0,0.0
2026-06-18 10:45:00,3035.18,3031.45,3152.29,3191.17,0.258819045102521,-0.9659258262890682,3,0,0,1.2246467991473532e-16,-1.0,0.0,0.0,0.0
2026-06-18 11:00:00,3051.79,3027.58,3091.99,3226.35,0.19509032201612816,-0.9807852804032304,3,0,0,1.2246467991473532e-16,-1.0,0.0,0.0,0.0
2026-06-18 11:15:00,3014.12,2992.86,3146.24,3219.73,0.130526192220052,-0.9914448613738104,3,0,0,1.2246467991473532e-16,-1.0,0.0,0.0,0.0
2026-06-18 11:30:00,2980.05,3002.0,3150.56,3229.32,0.06540312923014312,-0.9978589232386035,3,0,0,1.2246467991473532e-16,-1.0,0.0,0.0,0.0
2026-06-18 11:45:00,2973.57,3004.4,3083.81,3219.08,1.2246467991473532e-16,-1.0,3,0,0,1.2246467991473532e-16,-1.0,0.0,0.0,0.0
2026-06-18 12:00:00,3060.01,3006.46,3168.8,3170.59,-0.06540312923014287,-0.9978589232386035,3,0,0,1.2246467991473532e-16,-1.0,0.0,0.0,0.0
2026-06-18 12:15:00,3032.78,3042.59,3157.12,3252.37,-0.13052619222005177,-0.9914448613738104,3,0,0,1.2246467991473532e-16,-1.0,0.0,0.0,0.0
2026-06-18 12:30:00,3070.87,3027.06,3190.93,3268.19,-0.19509032201612792,-0.9807852804032305,3,0,0,1.2246467991473532e-16,-1.0,0.0,0.0,0.0
2026-06-18 12:45:00,2996.21,3021.83,3143.93,3271.34,-0.2588190451025208,-0.9659258262890683,3,0,0,1.2246467991473532e-16,-1.0,0.0,0.0,0.0
2026-06-18 13:00:00,3000.47,2987.63,3107.35,3190.93,-0.32143946530316153,-0.9469301294951057,3,0,0,1.2246467991473532e-16,-1.0,0.0,0.0,0.0
2026-06-18 13:15:00,3058.66,3002.2,3102.81,3241.34,-0.38268343236508967,-0.9238795325112868,3,0,0,1.2246467991473532e-16,-1.0,0.0,0.0,0.0
2026-06-18 13:30:00,3042.52,3069.42,3173.98,3237.11,-0.44228869021900147,-0.8968727415326883,3,0,0,1.2246467991473532e-16,-1.0,0.0,0.0,0.0
2026-06-18 13:45:00,3095.4,3110.53,3232.09,3332.11,-0.4999999999999997,-0.8660254037844388,3,0,0,1.2246467991473532e-16,-1.0,0.0,0.0,0.0
2026-06-18 14:00:00,3170.19,3219.95,3321.07,3432.34,-0.555570233019602,-0.8314696123025455,3,0,0,1.2246467991473532e-16,-1.0,0.0,0.0,0.0
2026-06-18 14:15:00,3266.75,3299.39,3467.42,3553.13,-0.6087614290087207,-0.7933533402912352,3,0,0,1.2246467991473532e-16,-1.0,0.0,0.0,0.0
2026-06-18 14:30:00,3363.35,3423.12,3521.39,3592.17,-0.6593458151000688,-0.7518398074789774,3,0,0,1.2246467991473532e-16,-1.0,0.0,0.0,0.0
2026-06-18 14:45:00,3445.17,3393.06,3524.58,3624.04,-0.7071067811865471,-0.7071067811865479,3,0,0,1.2246467991473532e-16,-1.0,0.0,0.0,0.0
2026-06-18 15:00:00,3517.42,3449.96,3601.8,3742.16,-0.7518398074789773,-0.6593458151000691,3,0,0,1.2246467991473532e-16,-1.0,0.0,0.0,0.0
2026-06-18 15:15:00,3506.52,3521.64,3651.52,3705.12,-0.7933533402912349,-0.6087614290087209,3,0,0,1.2246467991473532e-16,-1.0,0.0,0.0,0.0
2026-06-18 15:30:00,3581.51,3586.42,3628.16,3769.89,-0.8314696123025452,-0.5555702330196022,3,0,0,1.2246467991473532e-16,-1.0,0.0,0.0,0.0
2026-06-18 15:45:00,3614.33,3524.25,3677.29,3744.54,-0.8660254037844385,-0.5000000000000004,3,0,0,1.2246467991473532e-16,-1.0,0.0,0.0,0.0
2026-06-18 16:00:00,3544.95,3605.21,3628.69,3790.98,-0.8968727415326883,-0.44228869021900136,3,0,0,1.2246467991473532e-16,-1.0,0.0,0.0,0.0
2026-06-18 16:15:00,3566.47,3558.1,3651.64,3801.64,-0.9238795325112868,-0.3826834323650895,3,0,0,1.2246467991473532e-16,-1.0,0.0,0.0,0.0
2026-06-18 16:30:00,3609.44,3560.65,3669.62,3747.6,-0.9469301294951056,-0.3214394653031618,3,0,0,1.2246467991473532e-16,-1.0,0.0,0.0,0.0
2026-06-18 16:45:00,3600.68,3576.22,3742.24,3798.37,-0.9659258262890683,-0.25881904510252063,3,0,0,1.2246467991473532e-16,-1.0,0.0,0.0,0.0
2026-06-18 17:00:00,3538.38,3532.34,3701.6,3730.56,-0.9807852804032303,-0.19509032201612866,3,0,0,1.2246467991473532e-16,-1.0,0.0,0.0,0.0
2026-06-18 17:15:00,3533.56,3501.46,3705.61,3724.9,-0.9914448613738104,-0.13052619222005163,3,0,0,1.2246467991473532e-16,-1.0,0.0,0.0,0.0
2026-06-18 17:30:00,3507.34,3561.04,3624.97,3785.8,-0.9978589232386035,-0.06540312923014273,3,0,0,1.2246467991473532e-16,-1.0,0.0,0.0,0.0
2026-06-18 17:45:00,3545.39,3539.93,3687.8,3777.91,-1.0,-1.8369701987210297e-16,3,0,0,1.2246467991473532e-16,-1.0,0.0,0.0,0.0
2026-06-18 18:00:00,3518.17,3513.55,3653.06,3683.11,-0.9978589232386036,0.06540312923014237,3,0,0,1.2246467991473532e-16,-1.0,0.0,0.0,0.0
2026-06-18 18:15:00,3529.83,3522.91,3662.54,3751.08,-0.9914448613738105,0.13052619222005127,3,0,0,1.2246467991473532e-16,-1.0,0.0,0.0,0.0
2026-06-18 18:30:00,3583.7,3596.24,3806.31,3831.63,-0.9807852804032304,0.1950903220161283,3,0,0,1.2246467991473532e-16,-1.0,0.0,0.0,0.0
2026-06-18 18:45:00,3786.87,3765.41,4002.82,4003.87,-0.9659258262890684,0.2588190451025203,3,0,0,1.2246467991473532e-16,-1.0,0.0,0.0,0.0
2026-06-18 19:00:00,3983.75,3966.73,4061.71,4183.29,-0.9469301294951057,0.3214394653031615,3,0,0,1.2246467991473532e-16,-1.0,0.0,0.0,0.0
2026-06-18 19:15:00,3988.69,3957.5,4039.09,4261.84,-0.923879532511287,0.38268343236508917,3,0,0,1.2246467991473532e-16,-1.0,0.0,0.0,0.0
2026-06-18 19:30:00,3889.0,3993.37,4140.26,4243.2,-0.8968727415326884,0.442288690219001,3,0,0,1.2246467991473532e-16,-1.0,0.0,0.0,0.0
2026-06-18 19:45:00,3897.66,3973.86,4031.58,4215.3,-0.8660254037844386,0.5000000000000001,3,0,0,1.2246467991473532e-16,-1.0,0.0,0.0,0.0
2026-06-18 20:00:00,3918.03,3907.08,4041.81,4249.17,-0.8314696123025455,0.5555702330196018,3,0,0,1.2246467991473532e-16,-1.0,0.0,0.0,0.0
2026-06-18 20:15:00,3888.6,3909.08,4075.44,4234.62,-0.7933533402912357,0.6087614290087199,3,0,0,1.2246467991473532e-16,-1.0,0.0,0.0,0.0
2026-06-18 20:30:00,3959.2,3980.67,4120.4,4165.94,-0.7518398074789772,0.6593458151000691,3,0,0,1.2246467991473532e-16,-1.0,0.0,0.0,0.0
2026-06-18 20:45:00,3914.76,3896.05,4111.99,4236.95,-0.7071067811865477,0.7071067811865474,3,0,0,1.2246467991473532e-16,-1.0,0.0,0.0,0.0
2026-06-18 21:00:00,3902.25,4006.32,4055.31,4151.64,-0.6593458151000687,0.7518398074789775,3,0,0,1.2246467991473532e-16,-1.0,0.0,0.0,0.0
2026-06-18 21:15:00,3979.29,4019.08,4091.29,4182.97,-0.608761429008721,0.7933533402912349,3,0,0,1.2246467991473532e-16,-1.0,0.0,0.0,0.0
2026-06-18 21:30:00,3998.59,3995.13,4160.77,4309.24,-0.555570233019603,0.8314696123025447,3,0,0,1.2246467991473532e-16,-1.0,0.0,0.0,0.0
2026-06-18 21:45:00,4052.82,4071.21,4171.31,4314.12,-0.5000000000000004,0.8660254037844384,3,0,0,1.2246467991473532e-16,-1.0,0.0,0.0,0.0
2026-06-18 22:00:00,4165.45,4203.2,4283.25,4442.46,-0.4422886902190014,0.8968727415326883,3,0,0,1.2246467991473532e-16,-1.0,0.0,0.0,0.0
2026-06-18 22:15:00,4101.84,4127.82,4281.0,4412.66,-0.38268343236508956,0.9238795325112868,3,0,0,1.2246467991473532e-16,-1.0,0.0,0.0,0.0
2026-06-18 22:30:00,4111.02,4022.89,4235.93,4323.27,-0.32143946530316186,0.9469301294951056,3,0,0,1.2246467991473532e-16,-1.0,0.0,0.0,0.0
2026-06-18 22:45:00,3995.63,4051.89,4157.81,4259.21,-0.25881904510252157,0.9659258262890681,3,0,0,1.2246467991473532e-16,-1.0,0.0,0.0,0.0
2026-06-18 23:00:00,4048.68,4041.76,4137.52,4264.38,-0.19509032201612872,0.9807852804032303,3,0,0,1.2246467991473532e-16,-1.0,0.0,0.0,0.0
2026-06-18 23:15:00,4053.46,3984.47,4118.82,4223.08,-0.13052619222005168,0.9914448613738104,3,0,0,1.2246467991473532e-16,-1.0,0.0,0.0,0.0
2026-06-18 23:30:00,4001.77,4042.59,4107.12,4295.59,-0.0654031292301428,0.9978589232386035,3,0,0,1.2246467991473532e-16,-1.0,0.0,0.0,0.0
2026-06-18 23:45:00,3905.21,3903.19,4081.35,4221.11,-2.4492935982947064e-16,1.0,3,0,0,1.2246467991473532e-16,-1.0,0.0,0.0,0.0
2026-06-19 00:00:00,4021.79,3805.57,3844.71,4061.25,0.06540312923014306,0.9978589232386035,4,0,0,1.2246467991473532e-16,-1.0,0.0,0.0,0.0
2026-06-19 00:15:00,3914.84,3764.57,3758.63,3884.29,0.13052619222005157,0.9914448613738104,4,0,0,1.2246467991473532e-16,-1.0,0.0,0.0,0.0
2026-06-19 00:30:00,3851.65,3682.01,3757.64,3860.82,0.19509032201612825,0.9807852804032304,4,0,0,1.2246467991473532e-16,-1.0,0.0,0.0,0.0
2026-06-19 00:45:00,3771.16,3680.96,3692.87,3744.18,0.25881904510252074,0.9659258262890683,4,0,0,1.2246467991473532e-16,-1.0,0.0,0.0,0.0
2026-06-19 01:00:00,3641.57,3572.7,3551.06,3723.92,0.3214394653031616,0.9469301294951057,4,0,0,1.2246467991473532e-16,-1.0,0.0,0.0,0.0
2026-06-19 01:15:00,3686.69,3569.68,3540.99,3721.84,0.3826834323650898,0.9238795325112867,4,0,0,1.2246467991473532e-16,-1.0,0.0,0.0,0.0
2026-06-19 01:30:00,3614.3,3425.27,3440.76,3593.15,0.44228869021900125,0.8968727415326884,4,0,0,1.2246467991473532e-16,-1.0,0.0,0.0,0.0
2026-06-19 01:45:00,3517.96,3419.28,3416.46,3513.05,0.49999999999999994,0.8660254037844387,4,0,0,1.2246467991473532e-16,-1.0,0.0,0.0,0.0
2026-06-19 02:00:00,3442.19,3354.64,3378.8,3458.39,0.5555702330196022,0.8314696123025452,4,0,0,1.2246467991473532e-16,-1.0,0.0,0.0,0.0
2026-06-19 02:15:00,3430.83,3330.27,3291.96,3501.28,0.6087614290087207,0.7933533402912352,4,0,0,1.2246467991473532e-16,-1.0,0.0,0.0,0.0
2026-06-19 02:30:00,3397.93,3282.1,3270.06,3432.97,0.6593458151000688,0.7518398074789774,4,0,0,1.2246467991473532e-16,-1.0,0.0,0.0,0.0
2026-06-19 02:45:00,3388.25,3223.53,3211.58,3375.57,0.7071067811865476,0.7071067811865476,4,0,0,1.2246467991473532e-16,-1.0,0.0,0.0,0.0
2026-06-19 03:00:00,3365.7,3257.97,3208.23,3344.79,0.7518398074789774,0.6593458151000688,4,0,0,1.2246467991473532e-16,-1.0,0.0,0.0,0.0
2026-06-19 03:15:00,3290.09,3165.89,3167.78,3281.11,0.7933533402912352,0.6087614290087207,4,0,0,1.2246467991473532e-16,-1.0,0.0,0.0,0.0
2026-06-19 03:30:00,3273.42,3165.66,3190.67,3311.8,0.8314696123025451,0.5555702330196024,4,0,0,1.2246467991473532e-16,-1.0,0.0,0.0,0.0
2026-06-19 03:45:00,3244.78,3132.44,3085.06,3235.96,0.8660254037844386,0.5000000000000001,4,0,0,1.2246467991473532e-16,-1.0,0.0,0.0,0.0
2026-06-19 04:00:00,3168.19,3137.87,3056.48,3201.26,0.8968727415326884,0.44228869021900125,4,0,0,1.2246467991473532e-16,-1.0,0.0,0.0,0.0
2026-06-19 04:15:00,3210.74,3080.93,3111.29,3159.1,0.9238795325112867,0.38268343236508984,4,0,0,1.2246467991473532e-16,-1.0,0.0,0.0,0.0
2026-06-19 04:30:00,3190.9,3047.43,3079.4,3222.14,0.9469301294951056,0.3214394653031617,4,0,0,1.2246467991473532e-16,-1.0,0.0,0.0,0.0
2026-06-19 04:45:00,3171.5,3100.34,3104.01,3148.51,0.9659258262890683,0.25881904510252074,4,0,0,1.2246467991473532e-16,-1.0,0.0,0.0,0.0
2026-06-19 05:00:00,3182.85,3035.54,3032.01,3155.11,0.9807852804032304,0.19509032201612833,4,0,0,1.2246467991473532e-16,-1.0,0.0,0.0,0.0
2026-06-19 05:15:00,3150.82,3066.2,3065.47,3174.14,0.9914448613738104,0.1305261922200517,4,0,0,1.2246467991473532e-16,-1.0,0.0,0.0,0.0
2026-06-19 05:30:00,3152.42,3035.81,3060.0,3201.66,0.9978589232386035,0.06540312923014327,4,0,0,1.2246467991473532e-16,-1.0,0.0,0.0,0.0
2026-06-19 05:45:00,3159.66,3101.62,3066.66,3220.91,1.0,6.123233995736766e-17,4,0,0,1.2246467991473532e-16,-1.0,0.0,0.0,0.0
2026-06-19 06:00:00,3215.53,3112.73,3125.24,3185.81,0.9978589232386035,-0.06540312923014314,4,0,0,1.2246467991473532e-16,-1.0,0.0,0.0,0.0
2026-06-19 06:15:00,3202.78,3123.11,3085.88,3197.49,0.9914448613738104,-0.1305261922200516,4,0,0,1.2246467991473532e-16,-1.0,0.0,0.0,0.0
2026-06-19 06:30:00,3153.91,3121.01,3047.4,3246.54,0.9807852804032304,-0.1950903220161282,4,0,0,1.2246467991473532e-16,-1.0,0.0,0.0,0.0
2026-06-19 06:45:00,3113.61,3077.81,3064.97,3136.59,0.9659258262890683,-0.25881904510252063,4,0,0,1.2246467991473532e-16,-1.0,0.0,0.0,0.0
2026-06-19 07:00:00,3134.74,3059.51,3027.28,3190.71,0.9469301294951057,-0.3214394653031616,4,0,0,1.2246467991473532e-16,-1.0,0.0,0.0,0.0
2026-06-19 07:15:00,3090.5,2955.41,2972.56,3101.22,0.9238795325112868,-0.3826834323650895,4,0,0,1.2246467991473532e-16,-1.0,0.0,0.0,0.0
2026-06-19 07:30:00,3018.03,2986.52,2931.66,3069.3,0.8968727415326884,-0.44228869021900113,4,0,0,1.2246467991473532e-16,-1.0,0.0,0.0,0.0
2026-06-19 07:45:00,2971.5,2880.9,2873.96,3005.31,0.8660254037844387,-0.4999999999999998,4,0,0,1.2246467991473532e-16,-1.0,0.0,0.0,0.0
2026-06-19 08:00:00,2962.62,2853.97,2872.06,3000.06,0.8314696123025451,-0.5555702330196023,4,0,0,1.2246467991473532e-16,-1.0,0.0,0.0,0.0
2026-06-19 08:15:00,2967.71,2838.29,2854.29,3035.87,0.7933533402912352,-0.6087614290087207,4,0,0,1.2246467991473532e-16,-1.0,0.0,0.0,0.0
2026-06-19 08:30:00,2943.59,2853.96,2863.83,2950.92,0.7518398074789774,-0.6593458151000688,4,0,0,1.2246467991473532e-16,-1.0,0.0,0.0,0.0
2026-06-19 08:45:00,2977.26,2870.83,2836.81,2972.8,0.7071067811865476,-0.7071067811865475,4,0,0,1.2246467991473532e-16,-1.0,0.0,0.0,0.0
2026-06-19 09:00:00,3004.91,2912.84,2894.37,2974.9,0.659345815100069,-0.7518398074789773,4,0,0,1.2246467991473532e-16,-1.0,0.0,0.0,0.0
2026-06-19 09:15:00,3033.73,2932.83,2950.11,3090.59,0.6087614290087209,-0.793353340291235,4,0,0,1.2246467991473532e-16,-1.0,0.0,0.0,0.0
2026-06-19 09:30:00,3092.29,2980.41,2947.01,3047.17,0.5555702330196025,-0.831469612302545,4,0,0,1.2246467991473532e-16,-1.0,0.0,0.0,0.0
2026-06-19 09:45:00,3124.28,3017.33,2996.69,3138.77,0.49999999999999994,-0.8660254037844387,4,0,0,1.2246467991473532e-16,-1.0,0.0,0.0,0.0
2026-06-19 10:00:00,3099.82,2980.56,2991.2,3138.79,0.4422886902190017,-0.8968727415326881,4,0,0,1.2246467991473532e-16,-1.0,0.0,0.0,0.0
2026-06-19 10:15:00,3118.88,3037.64,2984.64,3099.57,0.3826834323650899,-0.9238795325112867,4,0,0,1.2246467991473532e-16,-1.0,0.0,0.0,0.0
2026-06-19 10:30:00,3142.97,3021.64,2969.68,3138.5,0.32143946530316175,-0.9469301294951056,4,0,0,1.2246467991473532e-16,-1.0,0.0,0.0,0.0
2026-06-19 10:45:00,3074.49,3035.18,3031.45,3145.88,0.258819045102521,-0.9659258262890682,4,0,0,1.2246467991473532e-16,-1.0,0.0,0.0,0.0
2026-06-19 11:00:00,3123.01,3051.79,3027.58,3126.3,0.19509032201612816,-0.9807852804032304,4,0,0,1.2246467991473532e-16,-1.0,0.0,0.0,0.0
2026-06-19 11:15:00,3127.06,3014.12,2992.86,3150.79,0.130526192220052,-0.9914448613738104,4,0,0,1.2246467991473532e-16,-1.0,0.0,0.0,0.0
2026-06-19 11:30:00,3083.31,2980.05,3002.0,3127.42,0.06540312923014312,-0.9978589232386035,4,0,0,1.2246467991473532e-16,-1.0,0.0,0.0,0.0
2026-06-19 11:45:00,3087.94,2973.57,3004.4,3152.33,1.2246467991473532e-16,-1.0,4,0,0,1.2246467991473532e-16,-1.0,0.0,0.0,0.0
2026-06-19 12:00:00,3120.16,3060.01,3006.46,3097.56,-0.06540312923014287,-0.9978589232386035,4,0,0,1.2246467991473532e-16,-1.0,0.0,0.0,0.0
2026-06-19 12:15:00,3087.77,3032.78,3042.59,3201.26,-0.13052619222005177,-0.9914448613738104,4,0,0,1.2246467991473532e-16,-1.0,0.0,0.0,0.0
2026-06-19 12:30:00,3157.43,3070.87,3027.06,3153.5,-0.19509032201612792,-0.9807852804032305,4,0,0,1.2246467991473532e-16,-1.0,0.0,0.0,0.0
2026-06-19 12:45:00,3139.57,2996.21,3021.83,3170.34,-0.2588190451025208,-0.9659258262890683,4,0,0,1.2246467991473532e-16,-1.0,0.0,0.0,0.0
2026-06-19 13:00:00,3117.73,3000.47,2987.63,3155.3,-0.32143946530316153,-0.9469301294951057,4,0,0,1.2246467991473532e-16,-1.0,0.0,0.0,0.0
2026-06-19 13:15:00,3175.94,3058.66,3002.2,3179.45,-0.38268343236508967,-0.9238795325112868,4,0,0,1.2246467991473532e-16,-1.0,0.0,0.0,0.0
2026-06-19 13:30:00,3133.58,3042.52,3069.42,3168.64,-0.44228869021900147,-0.8968727415326883,4,0,0,1.2246467991473532e-16,-1.0,0.0,0.0,0.0
2026-06-19 13:45:00,3178.9,3095.4,3110.53,3258.79,-0.4999999999999997,-0.8660254037844388,4,0,0,1.2246467991473532e-16,-1.0,0.0,0.0,0.0
2026-06-19 14:00:00,3323.69,3170.19,3219.95,3294.97,-0.555570233019602,-0.8314696123025455,4,0,0,1.2246467991473532e-16,-1.0,0.0,0.0,0.0
2026-06-19 14:15:00,3436.79,3266.75,3299.39,3478.71,-0.6087614290087207,-0.7933533402912352,4,0,0,1.2246467991473532e-16,-1.0,0.0,0.0,0.0
2026-06-19 14:30:00,3482.03,3363.35,3423.12,3506.66,-0.6593458151000688,-0.7518398074789774,4,0,0,1.2246467991473532e-16,-1.0,0.0,0.0,0.0
2026-06-19 14:45:00,3578.89,3445.17,3393.06,3578.96,-0.7071067811865471,-0.7071067811865479,4,0,0,1.2246467991473532e-16,-1.0,0.0,0.0,0.0
2026-06-19 15:00:00,3536.75,3517.42,3449.96,3604.9,-0.7518398074789773,-0.6593458151000691,4,0,0,1.2246467991473532e-16,-1.0,0.0,0.0,0.0
2026-06-19 15:15:00,3571.64,3506.52,3521.64,3659.5,-0.7933533402912349,-0.6087614290087209,4,0,0,1.2246467991473532e-16,-1.0,0.0,0.0,0.0
2026-06-19 15:30:00,3606.05,3581.51,3586.42,3625.86,-0.8314696123025452,-0.5555702330196022,4,0,0,1.2246467991473532e-16,-1.0,0.0,0.0,0.0
2026-06-19 15:45:00,3696.07,3614.33,3524.25,3706.39,-0.8660254037844385,-0.5000000000000004,4,0,0,1.2246467991473532e-16,-1.0,0.0,0.0,0.0
2026-06-19 16:00:00,3676.46,3544.95,3605.21,3647.52,-0.8968727415326883,-0.44228869021900136,4,0,0,1.2246467991473532e-16,-1.0,0.0,0.0,0.0
2026-06-19 16:15:00,3703.13,3566.47,3558.1,3659.56,-0.9238795325112868,-0.3826834323650895,4,0,0,1.2246467991473532e-16,-1.0,0.0,0.0,0.0
2026-06-19 16:30:00,3711.82,3609.44,3560.65,3700.67,-0.9469301294951056,-0.3214394653031618,4,0,0,1.2246467991473532e-16,-1.0,0.0,0.0,0.0
2026-06-19 16:45:00,3732.08,3600.68,3576.22,3770.14,-0.9659258262890683,-0.25881904510252063,4,0,0,1.2246467991473532e-16,-1.0,0.0,0.0,0.0
2026-06-19 17:00:00,3699.09,3538.38,3532.34,3636.22,-0.9807852804032303,-0.19509032201612866,4,0,0,1.2246467991473532e-16,-1.0,0.0,0.0,0.0
2026-06-19 17:15:00,3638.91,3533.56,3501.46,3632.81,-0.9914448613738104,-0.13052619222005163,4,0,0,1.2246467991473532e-16,-1.0,0.0,0.0,0.0
2026-06-19 17:30:00,3678.42,3507.34,3561.04,3678.71,-0.9978589232386035,-0.06540312923014273,4,0,0,1.2246467991473532e-16,-1.0,0.0,0.0,0.0
2026-06-19 17:45:00,3627.3,3545.39,3539.93,3701.24,-1.0,-1.8369701987210297e-16,4,0,0,1.2246467991473532e-16,-1.0,0.0,0.0,0.0
2026-06-19 18:00:00,3582.57,3518.17,3513.55,3660.4,-0.9978589232386036,0.06540312923014237,4,0,0,1.2246467991473532e-16,-1.0,0.0,0.0,0.0
2026-06-19 18:15:00,3621.52,3529.83,3522.91,3686.93,-0.9914448613738105,0.13052619222005127,4,0,0,1.2246467991473532e-16,-1.0,0.0,0.0,0.0
2026-06-19 18:30:00,3792.99,3583.7,3596.24,3800.27,-0.9807852804032304,0.1950903220161283,4,0,0,1.2246467991473532e-16,-1.0,0.0,0.0,0.0
2026-06-19 18:45:00,3912.32,3786.87,3765.41,3988.75,-0.9659258262890684,0.2588190451025203,4,0,0,1.2246467991473532e-16,-1.0,0.0,0.0,0.0
2026-06-19 19:00:00,4103.83,3983.75,3966.73,4070.64,-0.9469301294951057,0.3214394653031615,4,0,0,1.2246467991473532e-16,-1.0,0.0,0.0,0.0
2026-06-19 19:15:00,4070.93,3988.69,3957.5,4105.65,-0.923879532511287,0.38268343236508917,4,0,0,1.2246467991473532e-16,-1.0,0.0,0.0,0.0
2026-06-19 19:30:00,4088.74,3889.0,3993.37,4053.53,-0.8968727415326884,0.442288690219001,4,0,0,1.2246467991473532e-16,-1.0,0.0,0.0,0.0
2026-06-19 19:45:00,4015.49,3897.66,3973.86,4166.04,-0.8660254037844386,0.5000000000000001,4,0,0,1.2246467991473532e-16,-1.0,0.0,0.0,0.0
2026-06-19 20:00:00,4045.31,3918.03,3907.08,4150.91,-0.8314696123025455,0.5555702330196018,4,0,0,1.2246467991473532e-16,-1.0,0.0,0.0,0.0
2026-06-19 20:15:00,4029.92,3888.6,3909.08,4152.37,-0.7933533402912357,0.6087614290087199,4,0,0,1.2246467991473532e-16,-1.0,0.0,0.0,0.0
2026-06-19 20:30:00,4104.06,3959.2,3980.67,4034.7,-0.7518398074789772,0.6593458151000691,4,0,0,1.2246467991473532e-16,-1.0,0.0,0.0,0.0
2026-06-19 20:45:00,4018.94,3914.76,3896.05,4036.84,-0.7071067811865477,0.7071067811865474,4,0,0,1.2246467991473532e-16,-1.0,0.0,0.0,0.0
2026-06-19 21:00:00,4096.17,3902.25,4006.32,4137.21,-0.6593458151000687,0.7518398074789775,4,0,0,1.2246467991473532e-16,-1.0,0.0,0.0,0.0
2026-06-19 21:15:00,4057.34,3979.29,4019.08,4189.31,-0.608761429008721,0.7933533402912349,4,0,0,1.2246467991473532e-16,-1.0,0.0,0.0,0.0
2026-06-19 21:30:00,4156.54,3998.59,3995.13,4187.26,-0.555570233019603,0.8314696123025447,4,0,0,1.2246467991473532e-16,-1.0,0.0,0.0,0.0
2026-06-19 21:45:00,4202.41,4052.82,4071.21,4194.35,-0.5000000000000004,0.8660254037844384,4,0,0,1.2246467991473532e-16,-1.0,0.0,0.0,0.0
2026-06-19 22:00:00,4300.95,4165.45,4203.2,4317.6,-0.4422886902190014,0.8968727415326883,4,0,0,1.2246467991473532e-16,-1.0,0.0,0.0,0.0
2026-06-19 22:15:00,4306.28,4101.84,4127.82,4359.51,-0.38268343236508956,0.9238795325112868,4,0,0,1.2246467991473532e-16,-1.0,0.0,0.0,0.0
2026-06-19 22:30:00,4215.8,4111.02,4022.89,4214.2,-0.32143946530316186,0.9469301294951056,4,0,0,1.2246467991473532e-16,-1.0,0.0,0.0,0.0
2026-06-19 22:45:00,4137.66,3995.63,4051.89,4167.38,-0.25881904510252157,0.9659258262890681,4,0,0,1.2246467991473532e-16,-1.0,0.0,0.0,0.0
2026-06-19 23:00:00,4161.04,4048.68,4041.76,4245.97,-0.19509032201612872,0.9807852804032303,4,0,0,1.2246467991473532e-16,-1.0,0.0,0.0,0.0
2026-06-19 23:15:00,4145.74,4053.46,3984.47,4194.06,-0.13052619222005168,0.9914448613738104,4,0,0,1.2246467991473532e-16,-1.0,0.0,0.0,0.0
2026-06-19 23:30:00,4095.86,4001.77,4042.59,4191.87,-0.0654031292301428,0.9978589232386035,4,0,0,1.2246467991473532e-16,-1.0,0.0,0.0,0.0
2026-06-19 23:45:00,4117.2,3905.21,3903.19,4125.87,-2.4492935982947064e-16,1.0,4,0,0,1.2246467991473532e-16,-1.0,0.0,0.0,0.0
2026-06-20 00:00:00,3972.55,4021.79,3805.57,3791.74,0.06540312923014306,0.9978589232386035,5,1,0,1.2246467991473532e-16,-1.0,0.0,0.0,0.0
2026-06-20 00:15:00,3847.82,3914.84,3764.57,3750.16,0.13052619222005157,0.9914448613738104,5,1,0,1.2246467991473532e-16,-1.0,0.0,0.0,0.0
2026-06-20 00:30:00,3819.74,3851.65,3682.01,3622.71,0.19509032201612825,0.9807852804032304,5,1,0,1.2246467991473532e-16,-1.0,0.0,0.0,0.0
2026-06-20 00:45:00,3774.89,3771.16,3680.96,3534.84,0.25881904510252074,0.9659258262890683,5,1,0,1.2246467991473532e-16,-1.0,0.0,0.0,0.0
2026-06-20 01:00:00,3681.17,3641.57,3572.7,3513.17,0.3214394653031616,0.9469301294951057,5,1,0,1.2246467991473532e-16,-1.0,0.0,0.0,0.0
2026-06-20 01:15:00,3652.95,3686.69,3569.68,3452.59,0.3826834323650898,0.9238795325112867,5,1,0,1.2246467991473532e-16,-1.0,0.0,0.0,0.0
2026-06-20 01:30:00,3501.14,3614.3,3425.27,3370.04,0.44228869021900125,0.8968727415326884,5,1,0,1.2246467991473532e-16,-1.0,0.0,0.0,0.0
2026-06-20 01:45:00,3480.95,3517.96,3419.28,3350.29,0.49999999999999994,0.8660254037844387,5,1,0,1.2246467991473532e-16,-1.0,0.0,0.0,0.0
2026-06-20 02:00:00,3447.62,3442.19,3354.64,3275.14,0.5555702330196022,0.8314696123025452,5,1,0,1.2246467991473532e-16,-1.0,0.0,0.0,0.0
2026-06-20 02:15:00,3369.5,3430.83,3330.27,3274.02,0.6087614290087207,0.7933533402912352,5,1,0,1.2246467991473532e-16,-1.0,0.0,0.0,0.0
2026-06-20 02:30:00,3324.54,3397.93,3282.1,3192.68,0.6593458151000688,0.7518398074789774,5,1,0,1.2246467991473532e-16,-1.0,0.0,0.0,0.0
2026-06-20 02:45:00,3321.96,3388.25,3223.53,3215.03,0.7071067811865476,0.7071067811865476,5,1,0,1.2246467991473532e-16,-1.0,0.0,0.0,0.0
2026-06-20 03:00:00,3324.95,3365.7,3257.97,3134.65,0.7518398074789774,0.6593458151000688,5,1,0,1.2246467991473532e-16,-1.0,0.0,0.0,0.0
2026-06-20 03:15:00,3216.43,3290.09,3165.89,3080.0,0.7933533402912352,0.6087614290087207,5,1,0,1.2246467991473532e-16,-1.0,0.0,0.0,0.0
2026-06-20 03:30:00,3208.1,3273.42,3165.66,3097.01,0.8314696123025451,0.5555702330196024,5,1,0,1.2246467991473532e-16,-1.0,0.0,0.0,0.0
2026-06-20 03:45:00,3224.7,3244.78,3132.44,3077.28,0.8660254037844386,0.5000000000000001,5,1,0,1.2246467991473532e-16,-1.0,0.0,0.0,0.0
2026-06-20 04:00:00,3210.31,3168.19,3137.87,3078.38,0.8968727415326884,0.44228869021900125,5,1,0,1.2246467991473532e-16,-1.0,0.0,0.0,0.0
2026-06-20 04:15:00,3130.89,3210.74,3080.93,3019.59,0.9238795325112867,0.38268343236508984,5,1,0,1.2246467991473532e-16,-1.0,0.0,0.0,0.0
2026-06-20 04:30:00,3121.93,3190.9,3047.43,3047.68,0.9469301294951056,0.3214394653031617,5,1,0,1.2246467991473532e-16,-1.0,0.0,0.0,0.0
2026-06-20 04:45:00,3167.22,3171.5,3100.34,2981.6,0.9659258262890683,0.25881904510252074,5,1,0,1.2246467991473532e-16,-1.0,0.0,0.0,0.0
2026-06-20 05:00:00,3109.56,3182.85,3035.54,2985.02,0.9807852804032304,0.19509032201612833,5,1,0,1.2246467991473532e-16,-1.0,0.0,0.0,0.0
2026-06-20 05:15:00,3121.46,3150.82,3066.2,3009.86,0.9914448613738104,0.1305261922200517,5,1,0,1.2246467991473532e-16,-1.0,0.0,0.0,0.0
2026-06-20 05:30:00,3108.96,3152.42,3035.81,3008.66,0.9978589232386035,0.06540312923014327,5,1,0,1.2246467991473532e-16,-1.0,0.0,0.0,0.0
2026-06-20 05:45:00,3173.09,3159.66,3101.62,3016.64,1.0,6.123233995736766e-17,5,1,0,1.2246467991473532e-16,-1.0,0.0,0.0,0.0
2026-06-20 06:00:00,3178.61,3215.53,3112.73,3017.22,0.9978589232386035,-0.06540312923014314,5,1,0,1.2246467991473532e-16,-1.0,0.0,0.0,0.0
2026-06-20 06:15:00,3149.56,3202.78,3123.11,3033.44,0.9914448613738104,-0.1305261922200516,5,1,0,1.2246467991473532e-16,-1.0,0.0,0.0,0.0
2026-06-20 06:30:00,3157.62,3153.91,3121.01,3075.37,0.9807852804032304,-0.1950903220161282,5,1,0,1.2246467991473532e-16,-1.0,0.0,0.0,0.0
2026-06-20 06:45:00,3083.07,3113.61,3077.81,3049.5,0.9659258262890683,-0.25881904510252063,5,1,0,1.2246467991473532e-16,-1.0,0.0,0.0,0.0
2026-06-20 07:00:00,3122.92,3134.74,3059.51,2980.49,0.9469301294951057,-0.3214394653031616,5,1,0,1.2246467991473532e-16,-1.0,0.0,0.0,0.0
2026-06-20 07:15:00,3090.63,3090.5,2955.41,2980.04,0.9238795325112868,-0.3826834323650895,5,1,0,1.2246467991473532e-16,-1.0,0.0,0.0,0.0
2026-06-20 07:30:00,3007.88,3018.03,2986.52,2940.7,0.8968727415326884,-0.44228869021900113,5,1,0,1.2246467991473532e-16,-1.0,0.0,0.0,0.0
2026-06-20 07:45:00,2977.65,2971.5,2880.9,2864.87,0.8660254037844387,-0.4999999999999998,5,1,0,1.2246467991473532e-16,-1.0,0.0,0.0,0.0
2026-06-20 08:00:00,2953.77,2962.62,2853.97,2806.45,0.8314696123025451,-0.5555702330196023,5,1,0,1.2246467991473532e-16,-1.0,0.0,0.0,0.0
2026-06-20 08:15:00,2987.01,2967.71,2838.29,2862.41,0.7933533402912352,-0.6087614290087207,5,1,0,1.2246467991473532e-16,-1.0,0.0,0.0,0.0
2026-06-20 08:30:00,2889.7,2943.59,2853.96,2844.55,0.7518398074789774,-0.6593458151000688,5,1,0,1.2246467991473532e-16,-1.0,0.0,0.0,0.0
2026-06-20 08:45:00,2946.25,2977.26,2870.83,2831.33,0.7071067811865476,-0.7071067811865475,5,1,0,1.2246467991473532e-16,-1.0,0.0,0.0,0.0
2026-06-20 09:00:00,2966.17,3004.91,2912.84,2826.14,0.659345815100069,-0.7518398074789773,5,1,0,1.2246467991473532e-16,-1.0,0.0,0.0,0.0
2026-06-20 09:15:00,2962.71,3033.73,2932.83,2859.15,0.6087614290087209,-0.793353340291235,5,1,0,1.2246467991473532e-16,-1.0,0.0,0.0,0.0
2026-06-20 09:30:00,3025.33,3092.29,2980.41,2927.78,0.5555702330196025,-0.831469612302545,5,1,0,1.2246467991473532e-16,-1.0,0.0,0.0,0.0
2026-06-20 09:45:00,3038.12,3124.28,3017.33,2925.94,0.49999999999999994,-0.8660254037844387,5,1,0,1.2246467991473532e-16,-1.0,0.0,0.0,0.0
2026-06-20 10:00:00,3038.59,3099.82,2980.56,2991.73,0.4422886902190017,-0.8968727415326881,5,1,0,1.2246467991473532e-16,-1.0,0.0,0.0,0.0
2026-06-20 10:15:00,3096.85,3118.88,3037.64,2980.51,0.3826834323650899,-0.9238795325112867,5,1,0,1.2246467991473532e-16,-1.0,0.0,0.0,0.0
2026-06-20 10:30:00,3072.2,3142.97,3021.64,2985.35,0.32143946530316175,-0.9469301294951056,5,1,0,1.2246467991473532e-16,-1.0,0.0,0.0,0.0
2026-06-20 10:45:00,3062.5,3074.49,3035.18,2923.83,0.258819045102521,-0.9659258262890682,5,1,0,1.2246467991473532e-16,-1.0,0.0,0.0,0.0
2026-06-20 11:00:00,3045.35,3123.01,3051.79,2989.1,0.19509032201612816,-0.9807852804032304,5,1,0,1.2246467991473532e-16,-1.0,0.0,0.0,0.0
2026-06-20 11:15:00,3072.02,3127.06,3014.12,2962.5,0.130526192220052,-0.9914448613738104,5,1,0,1.2246467991473532e-16,-1.0,0.0,0.0,0.0
2026-06-20 11:30:00,3091.87,3083.31,2980.05,2962.09,0.06540312923014312,-0.9978589232386035,5,1,0,1.2246467991473532e-16,-1.0,0.0,0.0,0.0
2026-06-20 11:45:00,3086.51,3087.94,2973.57,2922.77,1.2246467991473532e-16,-1.0,5,1,0,1.2246467991473532e-16,-1.0,0.0,0.0,0.0
2026-06-20 12:00:00,3069.28,3120.16,3060.01,3000.04,-0.06540312923014287,-0.9978589232386035,5,1,0,1.2246467991473532e-16,-1.0,0.0,0.0,0.0
2026-06-20 12:15:00,3083.94,3087.77,3032.78,3020.2,-0.13052619222005177,-0.9914448613738104,5,1,0,1.2246467991473532e-16,-1.0,0.0,0.0,0.0
2026-06-20 12:30:00,3062.06,3157.43,3070.87,2971.8,-0.19509032201612792,-0.9807852804032305,5,1,0,1.2246467991473532e-16,-1.0,0.0,0.0,0.0
2026-06-20 12:45:00,3141.35,3139.57,2996.21,2973.88,-0.2588190451025208,-0.9659258262890683,5,1,0,1.2246467991473532e-16,-1.0,0.0,0.0,0.0
2026-06-20 13:00:00,3056.7,3117.73,3000.47,2942.99,-0.32143946530316153,-0.9469301294951057,5,1,0,1.2246467991473532e-16,-1.0,0.0,0.0,0.0
2026-06-20 13:15:00,3123.49,3175.94,3058.66,2996.27,-0.38268343236508967,-0.9238795325112868,5,1,0,1.2246467991473532e-16,-1.0,0.0,0.0,0.0
2026-06-20 13:30:00,3091.94,3133.58,3042.52,2986.76,-0.44228869021900147,-0.8968727415326883,5,1,0,1.2246467991473532e-16,-1.0,0.0,0.0,0.0
2026-06-20 13:45:00,3177.65,3178.9,3095.4,3104.91,-0.4999999999999997,-0.8660254037844388,5,1,0,1.2246467991473532e-16,-1.0,0.0,0.0,0.0
2026-06-20 14:00:00,3312.02,3323.69,3170.19,3115.25,-0.555570233019602,-0.8314696123025455,5,1,0,1.2246467991473532e-16,-1.0,0.0,0.0,0.0
2026-06-20 14:15:00,3341.86,3436.79,3266.75,3272.01,-0.6087614290087207,-0.7933533402912352,5,1,0,1.2246467991473532e-16,-1.0,0.0,0.0,0.0
2026-06-20 14:30:00,3447.76,3482.03,3363.35,3272.34,-0.6593458151000688,-0.7518398074789774,5,1,0,1.2246467991473532e-16,-1.0,0.0,0.0,0.0
2026-06-20 14:45:00,3539.03,3578.89,3445.17,3399.51,-0.7071067811865471,-0.7071067811865479,5,1,0,1.2246467991473532e-16,-1.0,0.0,0.0,0.0
2026-06-20 15:00:00,3559.43,3536.75,3517.42,3454.74,-0.7518398074789773,-0.6593458151000691,5,1,0,1.2246467991473532e-16,-1.0,0.0,0.0,0.0
2026-06-20 15:15:00,3582.29,3571.64,3506.52,3479.29,-0.7933533402912349,-0.6087614290087209,5,1,0,1.2246467991473532e-16,-1.0,0.0,0.0,0.0
2026-06-20 15:30:00,3566.16,3606.05,3581.51,3500.33,-0.8314696123025452,-0.5555702330196022,5,1,0,1.2246467991473532e-16,-1.0,0.0,0.0,0.0
2026-06-20 15:45:00,3697.29,3696.07,3614.33,3470.14,-0.8660254037844385,-0.5000000000000004,5,1,0,1.2246467991473532e-16,-1.0,0.0,0.0,0.0
2026-06-20 16:00:00,3643.21,3676.46,3544.95,3545.02,-0.8968727415326883,-0.44228869021900136,5,1,0,1.2246467991473532e-16,-1.0,0.0,0.0,0.0
2026-06-20 16:15:00,3613.98,3703.13,3566.47,3546.45,-0.9238795325112868,-0.3826834323650895,5,1,0,1.2246467991473532e-16,-1.0,0.0,0.0,0.0
2026-06-20 16:30:00,3648.77,3711.82,3609.44,3497.57,-0.9469301294951056,-0.3214394653031618,5,1,0,1.2246467991473532e-16,-1.0,0.0,0.0,0.0
2026-06-20 16:45:00,3663.84,3732.08,3600.68,3479.88,-0.9659258262890683,-0.25881904510252063,5,1,0,1.2246467991473532e-16,-1.0,0.0,0.0,0.0
2026-06-20 17:00:00,3655.66,3699.09,3538.38,3449.07,-0.9807852804032303,-0.19509032201612866,5,1,0,1.2246467991473532e-16,-1.0,0.0,0.0,0.0
2026-06-20 17:15:00,3585.78,3638.91,3533.56,3525.07,-0.9914448613738104,-0.13052619222005163,5,1,0,1.2246467991473532e-16,-1.0,0.0,0.0,0.0
2026-06-20 17:30:00,3609.33,3678.42,3507.34,3456.17,-0.9978589232386035,-0.06540312923014273,5,1,0,1.2246467991473532e-16,-1.0,0.0,0.0,0.0
2026-06-20 17:45:00,3622.13,3627.3,3545.39,3443.75,-1.0,-1.8369701987210297e-16,5,1,0,1.2246467991473532e-16,-1.0,0.0,0.0,0.0
2026-06-20 18:00:00,3599.38,3582.57,3518.17,3458.47,-0.9978589232386036,0.06540312923014237,5,1,0,1.2246467991473532e-16,-1.0,0.0,0.0,0.0
2026-06-20 18:15:00,3590.83,3621.52,3529.83,3447.58,-0.9914448613738105,0.13052619222005127,5,1,0,1.2246467991473532e-16,-1.0,0.0,0.0,0.0
2026-06-20 18:30:00,3667.92,3792.99,3583.7,3618.49,-0.9807852804032304,0.1950903220161283,5,1,0,1.2246467991473532e-16,-1.0,0.0,0.0,0.0
2026-06-20 18:45:00,3848.15,3912.32,3786.87,3697.24,-0.9659258262890684,0.2588190451025203,5,1,0,1.2246467991473532e-16,-1.0,0.0,0.0,0.0
2026-06-20 19:00:00,4080.11,4103.83,3983.75,3924.15,-0.9469301294951057,0.3214394653031615,5,1,0,1.2246467991473532e-16,-1.0,0.0,0.0,0.0
2026-06-20 19:15:00,4040.33,4070.93,3988.69,3927.26,-0.923879532511287,0.38268343236508917,5,1,0,1.2246467991473532e-16,-1.0,0.0,0.0,0.0
2026-06-20 19:30:00,4088.47,4088.74,3889.0,3903.24,-0.8968727415326884,0.442288690219001,5,1,0,1.2246467991473532e-16,-1.0,0.0,0.0,0.0
2026-06-20 19:45:00,4012.99,4015.49,3897.66,3870.17,-0.8660254037844386,0.5000000000000001,5,1,0,1.2246467991473532e-16,-1.0,0.0,0.0,0.0
2026-06-20 20:00:00,4007.21,4045.31,3918.03,3892.45,-0.8314696123025455,0.5555702330196018,5,1,0,1.2246467991473532e-16,-1.0,0.0,0.0,0.0
2026-06-20 20:15:00,3976.51,4029.92,3888.6,3814.63,-0.7933533402912357,0.6087614290087199,5,1,0,1.2246467991473532e-16,-1.0,0.0,0.0,0.0
2026-06-20 20:30:00,3977.04,4104.06,3959.2,3803.08,-0.7518398074789772,0.6593458151000691,5,1,0,1.2246467991473532e-16,-1.0,0.0,0.0,0.0
2026-06-20 20:45:00,4018.63,4018.94,3914.76,3895.02,-0.7071067811865477,0.7071067811865474,5,1,0,1.2246467991473532e-16,-1.0,0.0,0.0,0.0
2026-06-20 21:00:00,4007.29,4096.17,3902.25,3830.2,-0.6593458151000687,0.7518398074789775,5,1,0,1.2246467991473532e-16,-1.0,0.0,0.0,0.0
2026-06-20 21:15:00,4016.9,4057.34,3979.29,3939.49,-0.608761429008721,0.7933533402912349,5,1,0,1.2246467991473532e-16,-1.0,0.0,0.0,0.0
2026-06-20 21:30:00,4175.64,4156.54,3998.59,3908.69,-0.555570233019603,0.8314696123025447,5,1,0,1.2246467991473532e-16,-1.0,0.0,0.0,0.0
2026-06-20 21:45:00,4166.91,4202.41,4052.82,4074.87,-0.5000000000000004,0.8660254037844384,5,1,0,1.2246467991473532e-16,-1.0,0.0,0.0,0.0
2026-06-20 22:00:00,4236.92,4300.95,4165.45,4041.19,-0.4422886902190014,0.8968727415326883,5,1,0,1.2246467991473532e-16,-1.0,0.0,0.0,0.0
2026-06-20 22:15:00,4219.46,4306.28,4101.84,4034.26,-0.38268343236508956,0.9238795325112868,5,1,0,1.2246467991473532e-16,-1.0,0.0,0.0,0.0
2026-06-20 22:30:00,4133.28,4215.8,4111.02,4062.66,-0.32143946530316186,0.9469301294951056,5,1,0,1.2246467991473532e-16,-1.0,0.0,0.0,0.0
2026-06-20 22:45:00,4126.01,4137.66,3995.63,3961.99,-0.25881904510252157,0.9659258262890681,5,1,0,1.2246467991473532e-16,-1.0,0.0,0.0,0.0
2026-06-20 23:00:00,4182.53,4161.04,4048.68,3933.1,-0.19509032201612872,0.9807852804032303,5,1,0,1.2246467991473532e-16,-1.0,0.0,0.0,0.0
2026-06-20 23:15:00,4055.25,4145.74,4053.46,3952.63,-0.13052619222005168,0.9914448613738104,5,1,0,1.2246467991473532e-16,-1.0,0.0,0.0,0.0
2026-06-20 23:30:00,4061.84,4095.86,4001.77,3947.94,-0.0654031292301428,0.9978589232386035,5,1,0,1.2246467991473532e-16,-1.0,0.0,0.0,0.0
2026-06-20 23:45:00,4091.96,4117.2,3905.21,3853.4,-2.4492935982947064e-16,1.0,5,1,0,1.2246467991473532e-16,-1.0,0.0,0.0,0.0
2026-06-21 00:00:00,3957.64,3972.55,4021.79,3922.0,0.06540312923014306,0.9978589232386035,6,1,0,1.2246467991473532e-16,-1.0,0.0,0.0,0.0
2026-06-21 00:15:00,3888.11,3847.82,3914.84,3870.21,0.13052619222005157,0.9914448613738104,6,1,0,1.2246467991473532e-16,-1.0,0.0,0.0,0.0
2026-06-21 00:30:00,3742.37,3819.74,3851.65,3791.28,0.19509032201612825,0.9807852804032304,6,1,0,1.2246467991473532e-16,-1.0,0.0,0.0,0.0
2026-06-21 00:45:00,3655.36,3774.89,3771.16,3763.01,0.25881904510252074,0.9659258262890683,6,1,0,1.2246467991473532e-16,-1.0,0.0,0.0,0.0
2026-06-21 01:00:00,3637.8,3681.17,3641.57,3708.47,0.3214394653031616,0.9469301294951057,6,1,0,1.2246467991473532e-16,-1.0,0.0,0.0,0.0
2026-06-21 01:15:00,3616.8,3652.95,3686.69,3633.34,0.3826834323650898,0.9238795325112867,6,1,0,1.2246467991473532e-16,-1.0,0.0,0.0,0.0
2026-06-21 01:30:00,3506.14,3501.14,3614.3,3606.64,0.44228869021900125,0.8968727415326884,6,1,0,1.2246467991473532e-16,-1.0,0.0,0.0,0.0
2026-06-21 01:45:00,3478.61,3480.95,3517.96,3507.64,0.49999999999999994,0.8660254037844387,6,1,0,1.2246467991473532e-16,-1.0,0.0,0.0,0.0
2026-06-21 02:00:00,3403.51,3447.62,3442.19,3487.98,0.5555702330196022,0.8314696123025452,6,1,0,1.2246467991473532e-16,-1.0,0.0,0.0,0.0
2026-06-21 02:15:00,3401.16,3369.5,3430.83,3375.82,0.6087614290087207,0.7933533402912352,6,1,0,1.2246467991473532e-16,-1.0,0.0,0.0,0.0
2026-06-21 02:30:00,3370.88,3324.54,3397.93,3417.2,0.6593458151000688,0.7518398074789774,6,1,0,1.2246467991473532e-16,-1.0,0.0,0.0,0.0
2026-06-21 02:45:00,3260.34,3321.96,3388.25,3371.37,0.7071067811865476,0.7071067811865476,6,1,0,1.2246467991473532e-16,-1.0,0.0,0.0,0.0
2026-06-21 03:00:00,3298.23,3324.95,3365.7,3342.52,0.7518398074789774,0.6593458151000688,6,1,0,1.2246467991473532e-16,-1.0,0.0,0.0,0.0
2026-06-21 03:15:00,3182.73,3216.43,3290.09,3291.96,0.7933533402912352,0.6087614290087207,6,1,0,1.2246467991473532e-16,-1.0,0.0,0.0,0.0
2026-06-21 03:30:00,3169.84,3208.1,3273.42,3245.78,0.8314696123025451,0.5555702330196024,6,1,0,1.2246467991473532e-16,-1.0,0.0,0.0,0.0
2026-06-21 03:45:00,3182.56,3224.7,3244.78,3196.48,0.8660254037844386,0.5000000000000001,6,1,0,1.2246467991473532e-16,-1.0,0.0,0.0,0.0
2026-06-21 04:00:00,3144.97,3210.31,3168.19,3210.48,0.8968727415326884,0.44228869021900125,6,1,0,1.2246467991473532e-16,-1.0,0.0,0.0,0.0
2026-06-21 04:15:00,3149.01,3130.89,3210.74,3157.02,0.9238795325112867,0.38268343236508984,6,1,0,1.2246467991473532e-16,-1.0,0.0,0.0,0.0
2026-06-21 04:30:00,3117.71,3121.93,3190.9,3112.43,0.9469301294951056,0.3214394653031617,6,1,0,1.2246467991473532e-16,-1.0,0.0,0.0,0.0
2026-06-21 04:45:00,3066.1,3167.22,3171.5,3168.1,0.9659258262890683,0.25881904510252074,6,1,0,1.2246467991473532e-16,-1.0,0.0,0.0,0.0
2026-06-21 05:00:00,3139.07,3109.56,3182.85,3183.37,0.9807852804032304,0.19509032201612833,6,1,0,1.2246467991473532e-16,-1.0,0.0,0.0,0.0
2026-06-21 05:15:00,3149.0,3121.46,3150.82,3180.16,0.9914448613738104,0.1305261922200517,6,1,0,1.2246467991473532e-16,-1.0,0.0,0.0,0.0
2026-06-21 05:30:00,3104.54,3108.96,3152.42,3161.97,0.9978589232386035,0.06540312923014327,6,1,0,1.2246467991473532e-16,-1.0,0.0,0.0,0.0
2026-06-21 05:45:00,3115.01,3173.09,3159.66,3149.56,1.0,6.123233995736766e-17,6,1,0,1.2246467991473532e-16,-1.0,0.0,0.0,0.0
2026-06-21 06:00:00,3104.23,3178.61,3215.53,3197.1,0.9978589232386035,-0.06540312923014314,6,1,0,1.2246467991473532e-16,-1.0,0.0,0.0,0.0
2026-06-21 06:15:00,3157.69,3149.56,3202.78,3187.55,0.9914448613738104,-0.1305261922200516,6,1,0,1.2246467991473532e-16,-1.0,0.0,0.0,0.0
2026-06-21 06:30:00,3141.47,3157.62,3153.91,3129.11,0.9807852804032304,-0.1950903220161282,6,1,0,1.2246467991473532e-16,-1.0,0.0,0.0,0.0
2026-06-21 06:45:00,3106.3,3083.07,3113.61,3180.08,0.9659258262890683,-0.25881904510252063,6,1,0,1.2246467991473532e-16,-1.0,0.0,0.0,0.0
2026-06-21 07:00:00,3077.71,3122.92,3134.74,3099.95,0.9469301294951057,-0.3214394653031616,6,1,0,1.2246467991473532e-16,-1.0,0.0,0.0,0.0
2026-06-21 07:15:00,3082.76,3090.63,3090.5,3053.3,0.9238795325112868,-0.3826834323650895,6,1,0,1.2246467991473532e-16,-1.0,0.0,0.0,0.0
2026-06-21 07:30:00,2959.07,3007.88,3018.03,3046.11,0.8968727415326884,-0.44228869021900113,6,1,0,1.2246467991473532e-16,-1.0,0.0,0.0,0.0
2026-06-21 07:45:00,2944.61,2977.65,2971.5,3023.14,0.8660254037844387,-0.4999999999999998,6,1,0,1.2246467991473532e-16,-1.0,0.0,0.0,0.0
2026-06-21 08:00:00,2942.43,2953.77,2962.62,3009.42,0.8314696123025451,-0.5555702330196023,6,1,0,1.2246467991473532e-16,-1.0,0.0,0.0,0.0
2026-06-21 08:15:00,2918.8,2987.01,2967.71,2961.17,0.7933533402912352,-0.6087614290087207,6,1,0,1.2246467991473532e-16,-1.0,0.0,0.0,0.0
2026-06-21 08:30:00,2917.94,2889.7,2943.59,2977.29,0.7518398074789774,-0.6593458151000688,6,1,0,1.2246467991473532e-16,-1.0,0.0,0.0,0.0
2026-06-21 08:45:00,2868.35,2946.25,2977.26,2938.67,0.7071067811865476,-0.7071067811865475,6,1,0,1.2246467991473532e-16,-1.0,0.0,0.0,0.0
2026-06-21 09:00:00,2900.15,2966.17,3004.91,2970.55,0.659345815100069,-0.7518398074789773,6,1,0,1.2246467991473532e-16,-1.0,0.0,0.0,0.0
2026-06-21 09:15:00,2966.08,2962.71,3033.73,3031.05,0.6087614290087209,-0.793353340291235,6,1,0,1.2246467991473532e-16,-1.0,0.0,0.0,0.0
2026-06-21 09:30:00,3007.08,3025.33,3092.29,3040.18,0.5555702330196025,-0.831469612302545,6,1,0,1.2246467991473532e-16,-1.0,0.0,0.0,0.0
2026-06-21 09:45:00,3068.89,3038.12,3124.28,3069.77,0.49999999999999994,-0.8660254037844387,6,1,0,1.2246467991473532e-16,-1.0,0.0,0.0,0.0
2026-06-21 10:00:00,3070.1,3038.59,3099.82,3065.93,0.4422886902190017,-0.8968727415326881,6,1,0,1.2246467991473532e-16,-1.0,0.0,0.0,0.0
2026-06-21 10:15:00,3057.27,3096.85,3118.88,3128.07,0.3826834323650899,-0.9238795325112867,6,1,0,1.2246467991473532e-16,-1.0,0.0,0.0,0.0
2026-06-21 10:30:00,3079.49,3072.2,3142.97,3052.25,0.32143946530316175,-0.9469301294951056,6,1,0,1.2246467991473532e-16,-1.0,0.0,0.0,0.0
2026-06-21 10:45:00,3063.91,3062.5,3074.49,3135.67,0.258819045102521,-0.9659258262890682,6,1,0,1.2246467991473532e-16,-1.0,0.0,0.0,0.0
2026-06-21 11:00:00,3103.08,3045.35,3123.01,3096.34,0.19509032201612816,-0.9807852804032304,6,1,0,1.2246467991473532e-16,-1.0,0.0,0.0,0.0
2026-06-21 11:15:00,3001.75,3072.02,3127.06,3053.69,0.130526192220052,-0.9914448613738104,6,1,0,1.2246467991473532e-16,-1.0,0.0,0.0,0.0
2026-06-21 11:30:00,3025.35,3091.87,3083.31,3091.7,0.06540312923014312,-0.9978589232386035,6,1,0,1.2246467991473532e-16,-1.0,0.0,0.0,0.0
2026-06-21 11:45:00,3088.07,3086.51,3087.94,3085.99,1.2246467991473532e-16,-1.0,6,1,0,1.2246467991473532e-16,-1.0,0.0,0.0,0.0
2026-06-21 12:00:00,3063.83,3069.28,3120.16,3097.85,-0.06540312923014287,-0.9978589232386035,6,1,0,1.2246467991473532e-16,-1.0,0.0,0.0,0.0
2026-06-21 12:15:00,3072.95,3083.94,3087.77,3151.98,-0.13052619222005177,-0.9914448613738104,6,1,0,1.2246467991473532e-16,-1.0,0.0,0.0,0.0
2026-06-21 12:30:00,3109.3,3062.06,3157.43,3087.51,-0.19509032201612792,-0.9807852804032305,6,1,0,1.2246467991473532e-16,-1.0,0.0,0.0,0.0
2026-06-21 12:45:00,3139.62,3141.35,3139.57,3165.34,-0.2588190451025208,-0.9659258262890683,6,1,0,1.2246467991473532e-16,-1.0,0.0,0.0,0.0
2026-06-21 13:00:00,3112.59,3056.7,3117.73,3078.88,-0.32143946530316153,-0.9469301294951057,6,1,0,1.2246467991473532e-16,-1.0,0.0,0.0,0.0
2026-06-21 13:15:00,3112.31,3123.49,3175.94,3123.28,-0.38268343236508967,-0.9238795325112868,6,1,0,1.2246467991473532e-16,-1.0,0.0,0.0,0.0
2026-06-21 13:30:00,3159.69,3091.94,3133.58,3143.56,-0.44228869021900147,-0.8968727415326883,6,1,0,1.2246467991473532e-16,-1.0,0.0,0.0,0.0
2026-06-21 13:45:00,3212.09,3177.65,3178.9,3163.46,-0.4999999999999997,-0.8660254037844388,6,1,0,1.2246467991473532e-16,-1.0,0.0,0.0,0.0
2026-06-21 14:00:00,3312.59,3312.02,3323.69,3274.98,-0.555570233019602,-0.8314696123025455,6,1,0,1.2246467991473532e-16,-1.0,0.0,0.0,0.0
2026-06-21 14:15:00,3324.52,3341.86,3436.79,3363.6,-0.6087614290087207,-0.7933533402912352,6,1,0,1.2246467991473532e-16,-1.0,0.0,0.0,0.0
2026-06-21 14:30:00,3399.11,3447.76,3482.03,3477.88,-0.6593458151000688,-0.7518398074789774,6,1,0,1.2246467991473532e-16,-1.0,0.0,0.0,0.0
2026-06-21 14:45:00,3495.09,3539.03,3578.89,3487.0,-0.7071067811865471,-0.7071067811865479,6,1,0,1.2246467991473532e-16,-1.0,0.0,0.0,0.0
2026-06-21 15:00:00,3482.8,3559.43,3536.75,3599.38,-0.7518398074789773,-0.6593458151000691,6,1,0,1.2246467991473532e-16,-1.0,0.0,0.0,0.0
2026-06-21 15:15:00,3593.77,3582.29,3571.64,3555.67,-0.7933533402912349,-0.6087614290087209,6,1,0,1.2246467991473532e-16,-1.0,0.0,0.0,0.0
2026-06-21 15:30:00,3642.07,3566.16,3606.05,3623.79,-0.8314696123025452,-0.5555702330196022,6,1,0,1.2246467991473532e-16,-1.0,0.0,0.0,0.0
2026-06-21 15:45:00,3623.21,3697.29,3696.07,3640.62,-0.8660254037844385,-0.5000000000000004,6,1,0,1.2246467991473532e-16,-1.0,0.0,0.0,0.0
2026-06-21 16:00:00,3624.86,3643.21,3676.46,3668.89,-0.8968727415326883,-0.44228869021900136,6,1,0,1.2246467991473532e-16,-1.0,0.0,0.0,0.0
2026-06-21 16:15:00,3625.03,3613.98,3703.13,3677.47,-0.9238795325112868,-0.3826834323650895,6,1,0,1.2246467991473532e-16,-1.0,0.0,0.0,0.0
2026-06-21 16:30:00,3596.63,3648.77,3711.82,3723.47,-0.9469301294951056,-0.3214394653031618,6,1,0,1.2246467991473532e-16,-1.0,0.0,0.0,0.0
2026-06-21 16:45:00,3596.03,3663.84,3732.08,3691.81,-0.9659258262890683,-0.25881904510252063,6,1,0,1.2246467991473532e-16,-1.0,0.0,0.0,0.0
2026-06-21 17:00:00,3598.31,3655.66,3699.09,3641.93,-0.9807852804032303,-0.19509032201612866,6,1,0,1.2246467991473532e-16,-1.0,0.0,0.0,0.0
2026-06-21 17:15:00,3566.55,3585.78,3638.91,3619.48,-0.9914448613738104,-0.13052619222005163,6,1,0,1.2246467991473532e-16,-1.0,0.0,0.0,0.0
2026-06-21 17:30:00,3625.08,3609.33,3678.42,3603.93,-0.9978589232386035,-0.06540312923014273,6,1,0,1.2246467991473532e-16,-1.0,0.0,0.0,0.0
2026-06-21 17:45:00,3549.82,3622.13,3627.3,3575.19,-1.0,-1.8369701987210297e-16,6,1,0,1.2246467991473532e-16,-1.0,0.0,0.0,0.0
2026-06-21 18:00:00,3551.98,3599.38,3582.57,3623.29,-0.9978589232386036,0.06540312923014237,6,1,0,1.2246467991473532e-16,-1.0,0.0,0.0,0.0
2026-06-21 18:15:00,3592.85,3590.83,3621.52,3624.51,-0.9914448613738105,0.13052619222005127,6,1,0,1.2246467991473532e-16,-1.0,0.0,0.0,0.0
2026-06-21 18:30:00,3707.48,3667.92,3792.99,3687.19,-0.9807852804032304,0.1950903220161283,6,1,0,1.2246467991473532e-16,-1.0,0.0,0.0,0.0
2026-06-21 18:45:00,3900.16,3848.15,3912.32,3941.04,-0.9659258262890684,0.2588190451025203,6,1,0,1.2246467991473532e-16,-1.0,0.0,0.0,0.0
2026-06-21 19:00:00,3979.09,4080.11,4103.83,4015.78,-0.9469301294951057,0.3214394653031615,6,1,0,1.2246467991473532e-16,-1.0,0.0,0.0,0.0
2026-06-21 19:15:00,4058.53,4040.33,4070.93,4104.48,-0.923879532511287,0.38268343236508917,6,1,0,1.2246467991473532e-16,-1.0,0.0,0.0,0.0
2026-06-21 19:30:00,4064.37,4088.47,4088.74,4065.13,-0.8968727415326884,0.442288690219001,6,1,0,1.2246467991473532e-16,-1.0,0.0,0.0,0.0
2026-06-21 19:45:00,3978.06,4012.99,4015.49,4110.6,-0.8660254037844386,0.5000000000000001,6,1,0,1.2246467991473532e-16,-1.0,0.0,0.0,0.0
2026-06-21 20:00:00,4005.43,4007.21,4045.31,4102.52,-0.8314696123025455,0.5555702330196018,6,1,0,1.2246467991473532e-16,-1.0,0.0,0.0,0.0
2026-06-21 20:15:00,4013.33,3976.51,4029.92,4041.05,-0.7933533402912357,0.6087614290087199,6,1,0,1.2246467991473532e-16,-1.0,0.0,0.0,0.0
2026-06-21 20:30:00,4046.32,3977.04,4104.06,4035.57,-0.7518398074789772,0.6593458151000691,6,1,0,1.2246467991473532e-16,-1.0,0.0,0.0,0.0
2026-06-21 20:45:00,3946.2,4018.63,4018.94,4014.67,-0.7071067811865477,0.7071067811865474,6,1,0,1.2246467991473532e-16,-1.0,0.0,0.0,0.0
2026-06-21 21:00:00,4017.71,4007.29,4096.17,4107.28,-0.6593458151000687,0.7518398074789775,6,1,0,1.2246467991473532e-16,-1.0,0.0,0.0,0.0
2026-06-21 21:15:00,4023.09,4016.9,4057.34,4136.58,-0.608761429008721,0.7933533402912349,6,1,0,1.2246467991473532e-16,-1.0,0.0,0.0,0.0
2026-06-21 21:30:00,4083.61,4175.64,4156.54,4120.9,-0.555570233019603,0.8314696123025447,6,1,0,1.2246467991473532e-16,-1.0,0.0,0.0,0.0
2026-06-21 21:45:00,4205.42,4166.91,4202.41,4138.66,-0.5000000000000004,0.8660254037844384,6,1,0,1.2246467991473532e-16,-1.0,0.0,0.0,0.0
2026-06-21 22:00:00,4233.77,4236.92,4300.95,4323.55,-0.4422886902190014,0.8968727415326883,6,1,0,1.2246467991473532e-16,-1.0,0.0,0.0,0.0
2026-06-21 22:15:00,4210.93,4219.46,4306.28,4227.3,-0.38268343236508956,0.9238795325112868,6,1,0,1.2246467991473532e-16,-1.0,0.0,0.0,0.0
2026-06-21 22:30:00,4207.78,4133.28,4215.8,4131.25,-0.32143946530316186,0.9469301294951056,6,1,0,1.2246467991473532e-16,-1.0,0.0,0.0,0.0
2026-06-21 22:45:00,4082.45,4126.01,4137.66,4223.81,-0.25881904510252157,0.9659258262890681,6,1,0,1.2246467991473532e-16,-1.0,0.0,0.0,0.0
2026-06-21 23:00:00,4056.89,4182.53,4161.04,4086.57,-0.19509032201612872,0.9807852804032303,6,1,0,1.2246467991473532e-16,-1.0,0.0,0.0,0.0
2026-06-21 23:15:00,4087.63,4055.25,4145.74,4125.09,-0.13052619222005168,0.9914448613738104,6,1,0,1.2246467991473532e-16,-1.0,0.0,0.0,0.0
2026-06-21 23:30:00,4075.03,4061.84,4095.86,4152.46,-0.0654031292301428,0.9978589232386035,6,1,0,1.2246467991473532e-16,-1.0,0.0,0.0,0.0
2026-06-21 23:45:00,4016.07,4091.96,4117.2,4079.46,-2.4492935982947064e-16,1.0,6,1,0,1.2246467991473532e-16,-1.0,0.0,0.0,0.0
2026-06-22 00:00:00,4055.3,3957.64,3972.55,4239.18,0.06540312923014306,0.9978589232386035,0,0,0,1.2246467991473532e-16,-1.0,0.0,0.0,0.0
2026-06-22 00:15:00,3970.88,3888.11,3847.82,4175.56,0.13052619222005157,0.9914448613738104,0,0,0,1.2246467991473532e-16,-1.0,0.0,0.0,0.0
2026-06-22 00:30:00,3990.7,3742.37,3819.74,4095.51,0.19509032201612825,0.9807852804032304,0,0,0,1.2246467991473532e-16,-1.0,0.0,0.0,0.0
2026-06-22 00:45:00,3823.35,3655.36,3774.89,3975.35,0.25881904510252074,0.9659258262890683,0,0,0,1.2246467991473532e-16,-1.0,0.0,0.0,0.0
2026-06-22 01:00:00,3765.93,3637.8,3681.17,3913.57,0.3214394653031616,0.9469301294951057,0,0,0,1.2246467991473532e-16,-1.0,0.0,0.0,0.0
2026-06-22 01:15:00,3738.51,3616.8,3652.95,3887.53,0.3826834323650898,0.9238795325112867,0,0,0,1.2246467991473532e-16,-1.0,0.0,0.0,0.0
2026-06-22 01:30:00,3669.53,3506.14,3501.14,3833.29,0.44228869021900125,0.8968727415326884,0,0,0,1.2246467991473532e-16,-1.0,0.0,0.0,0.0
2026-06-22 01:45:00,3676.16,3478.61,3480.95,3683.98,0.49999999999999994,0.8660254037844387,0,0,0,1.2246467991473532e-16,-1.0,0.0,0.0,0.0
2026-06-22 02:00:00,3544.75,3403.51,3447.62,3723.22,0.5555702330196022,0.8314696123025452,0,0,0,1.2246467991473532e-16,-1.0,0.0,0.0,0.0
2026-06-22 02:15:00,3570.9,3401.16,3369.5,3655.04,0.6087614290087207,0.7933533402912352,0,0,0,1.2246467991473532e-16,-1.0,0.0,0.0,0.0
2026-06-22 02:30:00,3471.96,3370.88,3324.54,3581.75,0.6593458151000688,0.7518398074789774,0,0,0,1.2246467991473532e-16,-1.0,0.0,0.0,0.0
2026-06-22 02:45:00,3500.42,3260.34,3321.96,3598.48,0.7071067811865476,0.7071067811865476,0,0,0,1.2246467991473532e-16,-1.0,0.0,0.0,0.0
2026-06-22 03:00:00,3413.16,3298.23,3324.95,3511.28,0.7518398074789774,0.6593458151000688,0,0,0,1.2246467991473532e-16,-1.0,0.0,0.0,0.0
2026-06-22 03:15:00,3387.53,3182.73,3216.43,3510.29,0.7933533402912352,0.6087614290087207,0,0,0,1.2246467991473532e-16,-1.0,0.0,0.0,0.0
2026-06-22 03:30:00,3389.2,3169.84,3208.1,3443.63,0.8314696123025451,0.5555702330196024,0,0,0,1.2246467991473532e-16,-1.0,0.0,0.0,0.0
2026-06-22 03:45:00,3309.37,3182.56,3224.7,3403.85,0.8660254037844386,0.5000000000000001,0,0,0,1.2246467991473532e-16,-1.0,0.0,0.0,0.0
2026-06-22 04:00:00,3343.17,3144.97,3210.31,3411.07,0.8968727415326884,0.44228869021900125,0,0,0,1.2246467991473532e-16,-1.0,0.0,0.0,0.0
2026-06-22 04:15:00,3238.25,3149.01,3130.89,3398.27,0.9238795325112867,0.38268343236508984,0,0,0,1.2246467991473532e-16,-1.0,0.0,0.0,0.0
2026-06-22 04:30:00,3318.44,3117.71,3121.93,3348.14,0.9469301294951056,0.3214394653031617,0,0,0,1.2246467991473532e-16,-1.0,0.0,0.0,0.0
2026-06-22 04:45:00,3269.91,3066.1,3167.22,3368.45,0.9659258262890683,0.25881904510252074,0,0,0,1.2246467991473532e-16,-1.0,0.0,0.0,0.0
2026-06-22 05:00:00,3282.19,3139.07,3109.56,3301.01,0.9807852804032304,0.19509032201612833,0,0,0,1.2246467991473532e-16,-1.0,0.0,0.0,0.0
2026-06-22 05:15:00,3221.39,3149.0,3121.46,3328.7,0.9914448613738104,0.1305261922200517,0,0,0,1.2246467991473532e-16,-1.0,0.0,0.0,0.0
2026-06-22 05:30:00,3275.21,3104.54,3108.96,3381.7,0.9978589232386035,0.06540312923014327,0,0,0,1.2246467991473532e-16,-1.0,0.0,0.0,0.0
2026-06-22 05:45:00,3303.7,3115.01,3173.09,3351.44,1.0,6.123233995736766e-17,0,0,0,1.2246467991473532e-16,-1.0,0.0,0.0,0.0
2026-06-22 06:00:00,3336.25,3104.23,3178.61,3350.65,0.9978589232386035,-0.06540312923014314,0,0,0,1.2246467991473532e-16,-1.0,0.0,0.0,0.0
2026-06-22 06:15:00,3281.08,3157.69,3149.56,3398.9,0.9914448613738104,-0.1305261922200516,0,0,0,1.2246467991473532e-16,-1.0,0.0,0.0,0.0
2026-06-22 06:30:00,3268.96,3141.47,3157.62,3332.74,0.9807852804032304,-0.1950903220161282,0,0,0,1.2246467991473532e-16,-1.0,0.0,0.0,0.0
2026-06-22 06:45:00,3233.13,3106.3,3083.07,3373.19,0.9659258262890683,-0.25881904510252063,0,0,0,1.2246467991473532e-16,-1.0,0.0,0.0,0.0
2026-06-22 07:00:00,3260.43,3077.71,3122.92,3276.16,0.9469301294951057,-0.3214394653031616,0,0,0,1.2246467991473532e-16,-1.0,0.0,0.0,0.0
2026-06-22 07:15:00,3164.76,3082.76,3090.63,3272.22,0.9238795325112868,-0.3826834323650895,0,0,0,1.2246467991473532e-16,-1.0,0.0,0.0,0.0
2026-06-22 07:30:00,3100.91,2959.07,3007.88,3260.87,0.8968727415326884,-0.44228869021900113,0,0,0,1.2246467991473532e-16,-1.0,0.0,0.0,0.0
2026-06-22 07:45:00,3078.92,2944.61,2977.65,3188.5,0.8660254037844387,-0.4999999999999998,0,0,0,1.2246467991473532e-16,-1.0,0.0,0.0,0.0
2026-06-22 08:00:00,3092.17,2942.43,2953.77,3113.9,0.8314696123025451,-0.5555702330196023,0,0,0,1.2246467991473532e-16,-1.0,0.0,0.0,0.0
2026-06-22 08:15:00,3050.56,2918.8,2987.01,3124.11,0.7933533402912352,-0.6087614290087207,0,0,0,1.2246467991473532e-16,-1.0,0.0,0.0,0.0
2026-06-22 08:30:00,3062.67,2917.94,2889.7,3087.99,0.7518398074789774,-0.6593458151000688,0,0,0,1.2246467991473532e-16,-1.0,0.0,0.0,0.0
2026-06-22 08:45:00,3013.62,2868.35,2946.25,3110.33,0.7071067811865476,-0.7071067811865475,0,0,0,1.2246467991473532e-16,-1.0,0.0,0.0,0.0
2026-06-22 09:00:00,3108.7,2900.15,2966.17,3141.09,0.659345815100069,-0.7518398074789773,0,0,0,1.2246467991473532e-16,-1.0,0.0,0.0,0.0
2026-06-22 09:15:00,3101.86,2966.08,2962.71,3239.92,0.6087614290087209,-0.793353340291235,0,0,0,1.2246467991473532e-16,-1.0,0.0,0.0,0.0
2026-06-22 09:30:00,3140.17,3007.08,3025.33,3268.57,0.5555702330196025,-0.831469612302545,0,0,0,1.2246467991473532e-16,-1.0,0.0,0.0,0.0
2026-06-22 09:45:00,3187.98,3068.89,3038.12,3298.2,0.49999999999999994,-0.8660254037844387,0,0,0,1.2246467991473532e-16,-1.0,0.0,0.0,0.0
2026-06-22 10:00:00,3199.1,3070.1,3038.59,3314.23,0.4422886902190017,-0.8968727415326881,0,0,0,1.2246467991473532e-16,-1.0,0.0,0.0,0.0
2026-06-22 10:15:00,3208.89,3057.27,3096.85,3273.22,0.3826834323650899,-0.9238795325112867,0,0,0,1.2246467991473532e-16,-1.0,0.0,0.0,0.0
2026-06-22 10:30:00,3240.66,3079.49,3072.2,3282.26,0.32143946530316175,-0.9469301294951056,0,0,0,1.2246467991473532e-16,-1.0,0.0,0.0,0.0
2026-06-22 10:45:00,3210.41,3063.91,3062.5,3248.17,0.258819045102521,-0.9659258262890682,0,0,0,1.2246467991473532e-16,-1.0,0.0,0.0,0.0
2026-06-22 11:00:00,3249.63,3103.08,3045.35,3341.47,0.19509032201612816,-0.9807852804032304,0,0,0,1.2246467991473532e-16,-1.0,0.0,0.0,0.0
2026-06-22 11:15:00,3143.9,3001.75,3072.02,3279.4,0.130526192220052,-0.9914448613738104,0,0,0,1.2246467991473532e-16,-1.0,0.0,0.0,0.0
2026-06-22 11:30:00,3153.98,3025.35,3091.87,3265.77,0.06540312923014312,-0.9978589232386035,0,0,0,1.2246467991473532e-16,-1.0,0.0,0.0,0.0
2026-06-22 11:45:00,3181.27,3088.07,3086.51,3316.8,1.2246467991473532e-16,-1.0,0,0,0,1.2246467991473532e-16,-1.0,0.0,0.0,0.0
2026-06-22 12:00:00,3220.15,3063.83,3069.28,3277.62,-0.06540312923014287,-0.9978589232386035,0,0,0,1.2246467991473532e-16,-1.0,0.0,0.0,0.0
2026-06-22 12:15:00,3220.55,3072.95,3083.94,3307.94,-0.13052619222005177,-0.9914448613738104,0,0,0,1.2246467991473532e-16,-1.0,0.0,0.0,0.0
2026-06-22 12:30:00,3268.77,3109.3,3062.06,3339.64,-0.19509032201612792,-0.9807852804032305,0,0,0,1.2246467991473532e-16,-1.0,0.0,0.0,0.0
2026-06-22 12:45:00,3211.07,3139.62,3141.35,3361.12,-0.2588190451025208,-0.9659258262890683,0,0,0,1.2246467991473532e-16,-1.0,0.0,0.0,0.0
2026-06-22 13:00:00,3216.2,3112.59,3056.7,3329.48,-0.32143946530316153,-0.9469301294951057,0,0,0,1.2246467991473532e-16,-1.0,0.0,0.0,0.0
2026-06-22 13:15:00,3260.74,3112.31,3123.49,3325.23,-0.38268343236508967,-0.9238795325112868,0,0,0,1.2246467991473532e-16,-1.0,0.0,0.0,0.0
2026-06-22 13:30:00,3289.98,3159.69,3091.94,3386.59,-0.44228869021900147,-0.8968727415326883,0,0,0,1.2246467991473532e-16,-1.0,0.0,0.0,0.0
2026-06-22 13:45:00,3352.02,3212.09,3177.65,3375.46,-0.4999999999999997,-0.8660254037844388,0,0,0,1.2246467991473532e-16,-1.0,0.0,0.0,0.0
2026-06-22 14:00:00,3450.87,3312.59,3312.02,3527.22,-0.555570233019602,-0.8314696123025455,0,0,0,1.2246467991473532e-16,-1.0,0.0,0.0,0.0
2026-06-22 14:15:00,3547.9,3324.52,3341.86,3629.21,-0.6087614290087207,-0.7933533402912352,0,0,0,1.2246467991473532e-16,-1.0,0.0,0.0,0.0
2026-06-22 14:30:00,3651.75,3399.11,3447.76,3738.12,-0.6593458151000688,-0.7518398074789774,0,0,0,1.2246467991473532e-16,-1.0,0.0,0.0,0.0
2026-06-22 14:45:00,3694.27,3495.09,3539.03,3778.1,-0.7071067811865471,-0.7071067811865479,0,0,0,1.2246467991473532e-16,-1.0,0.0,0.0,0.0
2026-06-22 15:00:00,3668.66,3482.8,3559.43,3781.38,-0.7518398074789773,-0.6593458151000691,0,0,0,1.2246467991473532e-16,-1.0,0.0,0.0,0.0
2026-06-22 15:15:00,3747.92,3593.77,3582.29,3894.14,-0.7933533402912349,-0.6087614290087209,0,0,0,1.2246467991473532e-16,-1.0,0.0,0.0,0.0
2026-06-22 15:30:00,3741.33,3642.07,3566.16,3834.43,-0.8314696123025452,-0.5555702330196022,0,0,0,1.2246467991473532e-16,-1.0,0.0,0.0,0.0
2026-06-22 15:45:00,3762.94,3623.21,3697.29,3920.95,-0.8660254037844385,-0.5000000000000004,0,0,0,1.2246467991473532e-16,-1.0,0.0,0.0,0.0
2026-06-22 16:00:00,3791.9,3624.86,3643.21,3926.08,-0.8968727415326883,-0.44228869021900136,0,0,0,1.2246467991473532e-16,-1.0,0.0,0.0,0.0
2026-06-22 16:15:00,3775.41,3625.03,3613.98,3943.35,-0.9238795325112868,-0.3826834323650895,0,0,0,1.2246467991473532e-16,-1.0,0.0,0.0,0.0
2026-06-22 16:30:00,3843.42,3596.63,3648.77,3854.2,-0.9469301294951056,-0.3214394653031618,0,0,0,1.2246467991473532e-16,-1.0,0.0,0.0,0.0
2026-06-22 16:45:00,3757.49,3596.03,3663.84,3886.5,-0.9659258262890683,-0.25881904510252063,0,0,0,1.2246467991473532e-16,-1.0,0.0,0.0,0.0
2026-06-22 17:00:00,3780.56,3598.31,3655.66,3937.17,-0.9807852804032303,-0.19509032201612866,0,0,0,1.2246467991473532e-16,-1.0,0.0,0.0,0.0
2026-06-22 17:15:00,3729.83,3566.55,3585.78,3814.51,-0.9914448613738104,-0.13052619222005163,0,0,0,1.2246467991473532e-16,-1.0,0.0,0.0,0.0
2026-06-22 17:30:00,3778.07,3625.08,3609.33,3899.35,-0.9978589232386035,-0.06540312923014273,0,0,0,1.2246467991473532e-16,-1.0,0.0,0.0,0.0
2026-06-22 17:45:00,3717.61,3549.82,3622.13,3819.23,-1.0,-1.8369701987210297e-16,0,0,0,1.2246467991473532e-16,-1.0,0.0,0.0,0.0
2026-06-22 18:00:00,3701.84,3551.98,3599.38,3803.72,-0.9978589232386036,0.06540312923014237,0,0,0,1.2246467991473532e-16,-1.0,0.0,0.0,0.0
2026-06-22 18:15:00,3734.09,3592.85,3590.83,3898.34,-0.9914448613738105,0.13052619222005127,0,0,0,1.2246467991473532e-16,-1.0,0.0,0.0,0.0
2026-06-22 18:30:00,3912.48,3707.48,3667.92,3994.59,-0.9807852804032304,0.1950903220161283,0,0,0,1.2246467991473532e-16,-1.0,0.0,0.0,0.0
2026-06-22 18:45:00,4102.47,3900.16,3848.15,4216.93,-0.9659258262890684,0.2588190451025203,0,0,0,1.2246467991473532e-16,-1.0,0.0,0.0,0.0
2026-06-22 19:00:00,4156.71,3979.09,4080.11,4253.29,-0.9469301294951057,0.3214394653031615,0,0,0,1.2246467991473532e-16,-1.0,0.0,0.0,0.0
2026-06-22 19:15:00,4180.31,4058.53,4040.33,4303.74,-0.923879532511287,0.38268343236508917,0,0,0,1.2246467991473532e-16,-1.0,0.0,0.0,0.0
2026-06-22 19:30:00,4175.97,4064.37,4088.47,4372.05,-0.8968727415326884,0.442288690219001,0,0,0,1.2246467991473532e-16,-1.0,0.0,0.0,0.0
2026-06-22 19:45:00,4181.28,3978.06,4012.99,4335.56,-0.8660254037844386,0.5000000000000001,0,0,0,1.2246467991473532e-16,-1.0,0.0,0.0,0.0
2026-06-22 20:00:00,4178.5,4005.43,4007.21,4252.68,-0.8314696123025455,0.5555702330196018,0,0,0,1.2246467991473532e-16,-1.0,0.0,0.0,0.0
2026-06-22 20:15:00,4208.72,4013.33,3976.51,4368.33,-0.7933533402912357,0.6087614290087199,0,0,0,1.2246467991473532e-16,-1.0,0.0,0.0,0.0
2026-06-22 20:30:00,4183.23,4046.32,3977.04,4307.36,-0.7518398074789772,0.6593458151000691,0,0,0,1.2246467991473532e-16,-1.0,0.0,0.0,0.0
2026-06-22 20:45:00,4187.26,3946.2,4018.63,4344.83,-0.7071067811865477,0.7071067811865474,0,0,0,1.2246467991473532e-16,-1.0,0.0,0.0,0.0
2026-06-22 21:00:00,4219.12,4017.71,4007.29,4295.47,-0.6593458151000687,0.7518398074789775,0,0,0,1.2246467991473532e-16,-1.0,0.0,0.0,0.0
2026-06-22 21:15:00,4200.19,4023.09,4016.9,4365.07,-0.608761429008721,0.7933533402912349,0,0,0,1.2246467991473532e-16,-1.0,0.0,0.0,0.0
2026-06-22 21:30:00,4273.59,4083.61,4175.64,4432.9,-0.555570233019603,0.8314696123025447,0,0,0,1.2246467991473532e-16,-1.0,0.0,0.0,0.0
2026-06-22 21:45:00,4377.16,4205.42,4166.91,4444.41,-0.5000000000000004,0.8660254037844384,0,0,0,1.2246467991473532e-16,-1.0,0.0,0.0,0.0
2026-06-22 22:00:00,4366.45,4233.77,4236.92,4515.12,-0.4422886902190014,0.8968727415326883,0,0,0,1.2246467991473532e-16,-1.0,0.0,0.0,0.0
2026-06-22 22:15:00,4471.42,4210.93,4219.46,4493.46,-0.38268343236508956,0.9238795325112868,0,0,0,1.2246467991473532e-16,-1.0,0.0,0.0,0.0
2026-06-22 22:30:00,4386.19,4207.78,4133.28,4469.94,-0.32143946530316186,0.9469301294951056,0,0,0,1.2246467991473532e-16,-1.0,0.0,0.0,0.0
2026-06-22 22:45:00,4364.6,4082.45,4126.01,4440.45,-0.25881904510252157,0.9659258262890681,0,0,0,1.2246467991473532e-16,-1.0,0.0,0.0,0.0
2026-06-22 23:00:00,4284.91,4056.89,4182.53,4408.79,-0.19509032201612872,0.9807852804032303,0,0,0,1.2246467991473532e-16,-1.0,0.0,0.0,0.0
2026-06-22 23:15:00,4202.57,4087.63,4055.25,4428.24,-0.13052619222005168,0.9914448613738104,0,0,0,1.2246467991473532e-16,-1.0,0.0,0.0,0.0
2026-06-22 23:30:00,4228.5,4075.03,4061.84,4391.36,-0.0654031292301428,0.9978589232386035,0,0,0,1.2246467991473532e-16,-1.0,0.0,0.0,0.0
2026-06-22 23:45:00,4228.06,4016.07,4091.96,4378.38,-2.4492935982947064e-16,1.0,0,0,0,1.2246467991473532e-16,-1.0,0.0,0.0,0.0
2026-06-23 00:00:00,4195.99,4055.3,3957.64,4001.1,0.06540312923014306,0.9978589232386035,1,0,0,1.2246467991473532e-16,-1.0,0.0,0.0,0.0
2026-06-23 00:15:00,4105.31,3970.88,3888.11,3966.79,0.13052619222005157,0.9914448613738104,1,0,0,1.2246467991473532e-16,-1.0,0.0,0.0,0.0
2026-06-23 00:30:00,4075.72,3990.7,3742.37,3861.26,0.19509032201612825,0.9807852804032304,1,0,0,1.2246467991473532e-16,-1.0,0.0,0.0,0.0
2026-06-23 00:45:00,3996.39,3823.35,3655.36,3720.45,0.25881904510252074,0.9659258262890683,1,0,0,1.2246467991473532e-16,-1.0,0.0,0.0,0.0
2026-06-23 01:00:00,3927.64,3765.93,3637.8,3707.98,0.3214394653031616,0.9469301294951057,1,0,0,1.2246467991473532e-16,-1.0,0.0,0.0,0.0
2026-06-23 01:15:00,3894.28,3738.51,3616.8,3635.99,0.3826834323650898,0.9238795325112867,1,0,0,1.2246467991473532e-16,-1.0,0.0,0.0,0.0
2026-06-23 01:30:00,3815.1,3669.53,3506.14,3585.99,0.44228869021900125,0.8968727415326884,1,0,0,1.2246467991473532e-16,-1.0,0.0,0.0,0.0
2026-06-23 01:45:00,3688.58,3676.16,3478.61,3561.92,0.49999999999999994,0.8660254037844387,1,0,0,1.2246467991473532e-16,-1.0,0.0,0.0,0.0
2026-06-23 02:00:00,3637.95,3544.75,3403.51,3449.6,0.5555702330196022,0.8314696123025452,1,0,0,1.2246467991473532e-16,-1.0,0.0,0.0,0.0
2026-06-23 02:15:00,3665.97,3570.9,3401.16,3432.38,0.6087614290087207,0.7933533402912352,1,0,0,1.2246467991473532e-16,-1.0,0.0,0.0,0.0
2026-06-23 02:30:00,3540.31,3471.96,3370.88,3366.88,0.6593458151000688,0.7518398074789774,1,0,0,1.2246467991473532e-16,-1.0,0.0,0.0,0.0
2026-06-23 02:45:00,3580.29,3500.42,3260.34,3407.73,0.7071067811865476,0.7071067811865476,1,0,0,1.2246467991473532e-16,-1.0,0.0,0.0,0.0
2026-06-23 03:00:00,3488.01,3413.16,3298.23,3365.2,0.7518398074789774,0.6593458151000688,1,0,0,1.2246467991473532e-16,-1.0,0.0,0.0,0.0
2026-06-23 03:15:00,3430.1,3387.53,3182.73,3302.35,0.7933533402912352,0.6087614290087207,1,0,0,1.2246467991473532e-16,-1.0,0.0,0.0,0.0
2026-06-23 03:30:00,3466.44,3389.2,3169.84,3305.22,0.8314696123025451,0.5555702330196024,1,0,0,1.2246467991473532e-16,-1.0,0.0,0.0,0.0
2026-06-23 03:45:00,3366.77,3309.37,3182.56,3274.3,0.8660254037844386,0.5000000000000001,1,0,0,1.2246467991473532e-16,-1.0,0.0,0.0,0.0
2026-06-23 04:00:00,3425.71,3343.17,3144.97,3171.36,0.8968727415326884,0.44228869021900125,1,0,0,1.2246467991473532e-16,-1.0,0.0,0.0,0.0
2026-06-23 04:15:00,3390.37,3238.25,3149.01,3188.04,0.9238795325112867,0.38268343236508984,1,0,0,1.2246467991473532e-16,-1.0,0.0,0.0,0.0
2026-06-23 04:30:00,3384.61,3318.44,3117.71,3150.56,0.9469301294951056,0.3214394653031617,1,0,0,1.2246467991473532e-16,-1.0,0.0,0.0,0.0
2026-06-23 04:45:00,3391.34,3269.91,3066.1,3127.13,0.9659258262890683,0.25881904510252074,1,0,0,1.2246467991473532e-16,-1.0,0.0,0.0,0.0
2026-06-23 05:00:00,3306.98,3282.19,3139.07,3150.4,0.9807852804032304,0.19509032201612833,1,0,0,1.2246467991473532e-16,-1.0,0.0,0.0,0.0
2026-06-23 05:15:00,3356.89,3221.39,3149.0,3134.16,0.9914448613738104,0.1305261922200517,1,0,0,1.2246467991473532e-16,-1.0,0.0,0.0,0.0
2026-06-23 05:30:00,3365.05,3275.21,3104.54,3150.05,0.9978589232386035,0.06540312923014327,1,0,0,1.2246467991473532e-16,-1.0,0.0,0.0,0.0
2026-06-23 05:45:00,3366.22,3303.7,3115.01,3209.07,1.0,6.123233995736766e-17,1,0,0,1.2246467991473532e-16,-1.0,0.0,0.0,0.0
2026-06-23 06:00:00,3401.85,3336.25,3104.23,3162.33,0.9978589232386035,-0.06540312923014314,1,0,0,1.2246467991473532e-16,-1.0,0.0,0.0,0.0
2026-06-23 06:15:00,3340.99,3281.08,3157.69,3223.69,0.9914448613738104,-0.1305261922200516,1,0,0,1.2246467991473532e-16,-1.0,0.0,0.0,0.0
2026-06-23 06:30:00,3382.96,3268.96,3141.47,3227.19,0.9807852804032304,-0.1950903220161282,1,0,0,1.2246467991473532e-16,-1.0,0.0,0.0,0.0
2026-06-23 06:45:00,3325.95,3233.13,3106.3,3166.62,0.9659258262890683,-0.25881904510252063,1,0,0,1.2246467991473532e-16,-1.0,0.0,0.0,0.0
2026-06-23 07:00:00,3339.3,3260.43,3077.71,3094.33,0.9469301294951057,-0.3214394653031616,1,0,0,1.2246467991473532e-16,-1.0,0.0,0.0,0.0
2026-06-23 07:15:00,3235.73,3164.76,3082.76,3058.71,0.9238795325112868,-0.3826834323650895,1,0,0,1.2246467991473532e-16,-1.0,0.0,0.0,0.0
2026-06-23 07:30:00,3260.46,3100.91,2959.07,3065.56,0.8968727415326884,-0.44228869021900113,1,0,0,1.2246467991473532e-16,-1.0,0.0,0.0,0.0
2026-06-23 07:45:00,3214.06,3078.92,2944.61,2997.44,0.8660254037844387,-0.4999999999999998,1,0,0,1.2246467991473532e-16,-1.0,0.0,0.0,0.0
2026-06-23 08:00:00,3196.08,3092.17,2942.43,2958.74,0.8314696123025451,-0.5555702330196023,1,0,0,1.2246467991473532e-16,-1.0,0.0,0.0,0.0
2026-06-23 08:15:00,3107.48,3050.56,2918.8,3019.21,0.7933533402912352,-0.6087614290087207,1,0,0,1.2246467991473532e-16,-1.0,0.0,0.0,0.0
2026-06-23 08:30:00,3101.32,3062.67,2917.94,3006.08,0.7518398074789774,-0.6593458151000688,1,0,0,1.2246467991473532e-16,-1.0,0.0,0.0,0.0
2026-06-23 08:45:00,3144.97,3013.62,2868.35,3009.19,0.7071067811865476,-0.7071067811865475,1,0,0,1.2246467991473532e-16,-1.0,0.0,0.0,0.0
2026-06-23 09:00:00,3132.95,3108.7,2900.15,2958.34,0.659345815100069,-0.7518398074789773,1,0,0,1.2246467991473532e-16,-1.0,0.0,0.0,0.0
2026-06-23 09:15:00,3221.87,3101.86,2966.08,3047.77,0.6087614290087209,-0.793353340291235,1,0,0,1.2246467991473532e-16,-1.0,0.0,0.0,0.0
2026-06-23 09:30:00,3213.16,3140.17,3007.08,3051.59,0.5555702330196025,-0.831469612302545,1,0,0,1.2246467991473532e-16,-1.0,0.0,0.0,0.0
2026-06-23 09:45:00,3242.05,3187.98,3068.89,3101.0,0.49999999999999994,-0.8660254037844387,1,0,0,1.2246467991473532e-16,-1.0,0.0,0.0,0.0
2026-06-23 10:00:00,3274.0,3199.1,3070.1,3089.18,0.4422886902190017,-0.8968727415326881,1,0,0,1.2246467991473532e-16,-1.0,0.0,0.0,0.0
2026-06-23 10:15:00,3296.7,3208.89,3057.27,3090.79,0.3826834323650899,-0.9238795325112867,1,0,0,1.2246467991473532e-16,-1.0,0.0,0.0,0.0
2026-06-23 10:30:00,3309.68,3240.66,3079.49,3156.49,0.32143946530316175,-0.9469301294951056,1,0,0,1.2246467991473532e-16,-1.0,0.0,0.0,0.0
2026-06-23 10:45:00,3317.21,3210.41,3063.91,3152.29,0.258819045102521,-0.9659258262890682,1,0,0,1.2246467991473532e-16,-1.0,0.0,0.0,0.0
2026-06-23 11:00:00,3252.85,3249.63,3103.08,3091.99,0.19509032201612816,-0.9807852804032304,1,0,0,1.2246467991473532e-16,-1.0,0.0,0.0,0.0
2026-06-23 11:15:00,3227.73,3143.9,3001.75,3146.24,0.130526192220052,-0.9914448613738104,1,0,0,1.2246467991473532e-16,-1.0,0.0,0.0,0.0
2026-06-23 11:30:00,3246.3,3153.98,3025.35,3150.56,0.06540312923014312,-0.9978589232386035,1,0,0,1.2246467991473532e-16,-1.0,0.0,0.0,0.0
2026-06-23 11:45:00,3330.93,3181.27,3088.07,3083.81,1.2246467991473532e-16,-1.0,1,0,0,1.2246467991473532e-16,-1.0,0.0,0.0,0.0
2026-06-23 12:00:00,3261.27,3220.15,3063.83,3168.8,-0.06540312923014287,-0.9978589232386035,1,0,0,1.2246467991473532e-16,-1.0,0.0,0.0,0.0
2026-06-23 12:15:00,3267.67,3220.55,3072.95,3157.12,-0.13052619222005177,-0.9914448613738104,1,0,0,1.2246467991473532e-16,-1.0,0.0,0.0,0.0
2026-06-23 12:30:00,3288.09,3268.77,3109.3,3190.93,-0.19509032201612792,-0.9807852804032305,1,0,0,1.2246467991473532e-16,-1.0,0.0,0.0,0.0
2026-06-23 12:45:00,3372.83,3211.07,3139.62,3143.93,-0.2588190451025208,-0.9659258262890683,1,0,0,1.2246467991473532e-16,-1.0,0.0,0.0,0.0
2026-06-23 13:00:00,3324.14,3216.2,3112.59,3107.35,-0.32143946530316153,-0.9469301294951057,1,0,0,1.2246467991473532e-16,-1.0,0.0,0.0,0.0
2026-06-23 13:15:00,3279.55,3260.74,3112.31,3102.81,-0.38268343236508967,-0.9238795325112868,1,0,0,1.2246467991473532e-16,-1.0,0.0,0.0,0.0
2026-06-23 13:30:00,3369.01,3289.98,3159.69,3173.98,-0.44228869021900147,-0.8968727415326883,1,0,0,1.2246467991473532e-16,-1.0,0.0,0.0,0.0
2026-06-23 13:45:00,3396.82,3352.02,3212.09,3232.09,-0.4999999999999997,-0.8660254037844388,1,0,0,1.2246467991473532e-16,-1.0,0.0,0.0,0.0
2026-06-23 14:00:00,3499.92,3450.87,3312.59,3321.07,-0.555570233019602,-0.8314696123025455,1,0,0,1.2246467991473532e-16,-1.0,0.0,0.0,0.0
2026-06-23 14:15:00,3626.04,3547.9,3324.52,3467.42,-0.6087614290087207,-0.7933533402912352,1,0,0,1.2246467991473532e-16,-1.0,0.0,0.0,0.0
2026-06-23 14:30:00,3701.45,3651.75,3399.11,3521.39,-0.6593458151000688,-0.7518398074789774,1,0,0,1.2246467991473532e-16,-1.0,0.0,0.0,0.0
2026-06-23 14:45:00,3765.57,3694.27,3495.09,3524.58,-0.7071067811865471,-0.7071067811865479,1,0,0,1.2246467991473532e-16,-1.0,0.0,0.0,0.0
2026-06-23 15:00:00,3792.08,3668.66,3482.8,3601.8,-0.7518398074789773,-0.6593458151000691,1,0,0,1.2246467991473532e-16,-1.0,0.0,0.0,0.0
2026-06-23 15:15:00,3843.0,3747.92,3593.77,3651.52,-0.7933533402912349,-0.6087614290087209,1,0,0,1.2246467991473532e-16,-1.0,0.0,0.0,0.0
2026-06-23 15:30:00,3918.85,3741.33,3642.07,3628.16,-0.8314696123025452,-0.5555702330196022,1,0,0,1.2246467991473532e-16,-1.0,0.0,0.0,0.0
2026-06-23 15:45:00,3869.09,3762.94,3623.21,3677.29,-0.8660254037844385,-0.5000000000000004,1,0,0,1.2246467991473532e-16,-1.0,0.0,0.0,0.0
2026-06-23 16:00:00,3898.62,3791.9,3624.86,3628.69,-0.8968727415326883,-0.44228869021900136,1,0,0,1.2246467991473532e-16,-1.0,0.0,0.0,0.0
2026-06-23 16:15:00,3890.39,3775.41,3625.03,3651.64,-0.9238795325112868,-0.3826834323650895,1,0,0,1.2246467991473532e-16,-1.0,0.0,0.0,0.0
2026-06-23 16:30:00,3890.39,3843.42,3596.63,3669.62,-0.9469301294951056,-0.3214394653031618,1,0,0,1.2246467991473532e-16,-1.0,0.0,0.0,0.0
2026-06-23 16:45:00,3936.71,3757.49,3596.03,3742.24,-0.9659258262890683,-0.25881904510252063,1,0,0,1.2246467991473532e-16,-1.0,0.0,0.0,0.0
2026-06-23 17:00:00,3864.92,3780.56,3598.31,3701.6,-0.9807852804032303,-0.19509032201612866,1,0,0,1.2246467991473532e-16,-1.0,0.0,0.0,0.0
2026-06-23 17:15:00,3912.72,3729.83,3566.55,3705.61,-0.9914448613738104,-0.13052619222005163,1,0,0,1.2246467991473532e-16,-1.0,0.0,0.0,0.0
2026-06-23 17:30:00,3798.47,3778.07,3625.08,3624.97,-0.9978589232386035,-0.06540312923014273,1,0,0,1.2246467991473532e-16,-1.0,0.0,0.0,0.0
2026-06-23 17:45:00,3811.64,3717.61,3549.82,3687.8,-1.0,-1.8369701987210297e-16,1,0,0,1.2246467991473532e-16,-1.0,0.0,0.0,0.0
2026-06-23 18:00:00,3782.78,3701.84,3551.98,3653.06,-0.9978589232386036,0.06540312923014237,1,0,0,1.2246467991473532e-16,-1.0,0.0,0.0,0.0
2026-06-23 18:15:00,3795.0,3734.09,3592.85,3662.54,-0.9914448613738105,0.13052619222005127,1,0,0,1.2246467991473532e-16,-1.0,0.0,0.0,0.0
2026-06-23 18:30:00,3914.4,3912.48,3707.48,3806.31,-0.9807852804032304,0.1950903220161283,1,0,0,1.2246467991473532e-16,-1.0,0.0,0.0,0.0
2026-06-23 18:45:00,4192.02,4102.47,3900.16,4002.82,-0.9659258262890684,0.2588190451025203,1,0,0,1.2246467991473532e-16,-1.0,0.0,0.0,0.0
2026-06-23 19:00:00,4343.83,4156.71,3979.09,4061.71,-0.9469301294951057,0.3214394653031615,1,0,0,1.2246467991473532e-16,-1.0,0.0,0.0,0.0
2026-06-23 19:15:00,4381.71,4180.31,4058.53,4039.09,-0.923879532511287,0.38268343236508917,1,0,0,1.2246467991473532e-16,-1.0,0.0,0.0,0.0
2026-06-23 19:30:00,4274.61,4175.97,4064.37,4140.26,-0.8968727415326884,0.442288690219001,1,0,0,1.2246467991473532e-16,-1.0,0.0,0.0,0.0
2026-06-23 19:45:00,4266.92,4181.28,3978.06,4031.58,-0.8660254037844386,0.5000000000000001,1,0,0,1.2246467991473532e-16,-1.0,0.0,0.0,0.0
2026-06-23 20:00:00,4248.3,4178.5,4005.43,4041.81,-0.8314696123025455,0.5555702330196018,1,0,0,1.2246467991473532e-16,-1.0,0.0,0.0,0.0
2026-06-23 20:15:00,4321.34,4208.72,4013.33,4075.44,-0.7933533402912357,0.6087614290087199,1,0,0,1.2246467991473532e-16,-1.0,0.0,0.0,0.0
2026-06-23 20:30:00,4312.92,4183.23,4046.32,4120.4,-0.7518398074789772,0.6593458151000691,1,0,0,1.2246467991473532e-16,-1.0,0.0,0.0,0.0
2026-06-23 20:45:00,4312.82,4187.26,3946.2,4111.99,-0.7071067811865477,0.7071067811865474,1,0,0,1.2246467991473532e-16,-1.0,0.0,0.0,0.0
2026-06-23 21:00:00,4301.31,4219.12,4017.71,4055.31,-0.6593458151000687,0.7518398074789775,1,0,0,1.2246467991473532e-16,-1.0,0.0,0.0,0.0
2026-06-23 21:15:00,4321.69,4200.19,4023.09,4091.29,-0.608761429008721,0.7933533402912349,1,0,0,1.2246467991473532e-16,-1.0,0.0,0.0,0.0
2026-06-23 21:30:00,4438.41,4273.59,4083.61,4160.77,-0.555570233019603,0.8314696123025447,1,0,0,1.2246467991473532e-16,-1.0,0.0,0.0,0.0
2026-06-23 21:45:00,4501.96,4377.16,4205.42,4171.31,-0.5000000000000004,0.8660254037844384,1,0,0,1.2246467991473532e-16,-1.0,0.0,0.0,0.0
2026-06-23 22:00:00,4503.32,4366.45,4233.77,4283.25,-0.4422886902190014,0.8968727415326883,1,0,0,1.2246467991473532e-16,-1.0,0.0,0.0,0.0
2026-06-23 22:15:00,4542.53,4471.42,4210.93,4281.0,-0.38268343236508956,0.9238795325112868,1,0,0,1.2246467991473532e-16,-1.0,0.0,0.0,0.0
2026-06-23 22:30:00,4463.65,4386.19,4207.78,4235.93,-0.32143946530316186,0.9469301294951056,1,0,0,1.2246467991473532e-16,-1.0,0.0,0.0,0.0
2026-06-23 22:45:00,4385.2,4364.6,4082.45,4157.81,-0.25881904510252157,0.9659258262890681,1,0,0,1.2246467991473532e-16,-1.0,0.0,0.0,0.0
2026-06-23 23:00:00,4410.28,4284.91,4056.89,4137.52,-0.19509032201612872,0.9807852804032303,1,0,0,1.2246467991473532e-16,-1.0,0.0,0.0,0.0
2026-06-23 23:15:00,4342.67,4202.57,4087.63,4118.82,-0.13052619222005168,0.9914448613738104,1,0,0,1.2246467991473532e-16,-1.0,0.0,0.0,0.0
2026-06-23 23:30:00,4402.57,4228.5,4075.03,4107.12,-0.0654031292301428,0.9978589232386035,1,0,0,1.2246467991473532e-16,-1.0,0.0,0.0,0.0
2026-06-23 23:45:00,4348.12,4228.06,4016.07,4081.35,-2.4492935982947064e-16,1.0,1,0,0,1.2246467991473532e-16,-1.0,0.0,0.0,0.0
2026-06-24 00:00:00,4246.38,4195.99,4055.3,3844.71,0.06540312923014306,0.9978589232386035,2,0,0,1.2246467991473532e-16,-1.0,0.0,0.0,0.0
2026-06-24 00:15:00,4181.23,4105.31,3970.88,3758.63,0.13052619222005157,0.9914448613738104,2,0,0,1.2246467991473532e-16,-1.0,0.0,0.0,0.0
2026-06-24 00:30:00,3997.57,4075.72,3990.7,3757.64,0.19509032201612825,0.9807852804032304,2,0,0,1.2246467991473532e-16,-1.0,0.0,0.0,0.0
2026-06-24 00:45:00,3911.74,3996.39,3823.35,3692.87,0.25881904510252074,0.9659258262890683,2,0,0,1.2246467991473532e-16,-1.0,0.0,0.0,0.0
2026-06-24 01:00:00,3862.81,3927.64,3765.93,3551.06,0.3214394653031616,0.9469301294951057,2,0,0,1.2246467991473532e-16,-1.0,0.0,0.0,0.0
2026-06-24 01:15:00,3879.67,3894.28,3738.51,3540.99,0.3826834323650898,0.9238795325112867,2,0,0,1.2246467991473532e-16,-1.0,0.0,0.0,0.0
2026-06-24 01:30:00,3736.5,3815.1,3669.53,3440.76,0.44228869021900125,0.8968727415326884,2,0,0,1.2246467991473532e-16,-1.0,0.0,0.0,0.0
2026-06-24 01:45:00,3723.44,3688.58,3676.16,3416.46,0.49999999999999994,0.8660254037844387,2,0,0,1.2246467991473532e-16,-1.0,0.0,0.0,0.0
2026-06-24 02:00:00,3689.26,3637.95,3544.75,3378.8,0.5555702330196022,0.8314696123025452,2,0,0,1.2246467991473532e-16,-1.0,0.0,0.0,0.0
2026-06-24 02:15:00,3644.84,3665.97,3570.9,3291.96,0.6087614290087207,0.7933533402912352,2,0,0,1.2246467991473532e-16,-1.0,0.0,0.0,0.0
2026-06-24 02:30:00,3530.96,3540.31,3471.96,3270.06,0.6593458151000688,0.7518398074789774,2,0,0,1.2246467991473532e-16,-1.0,0.0,0.0,0.0
2026-06-24 02:45:00,3490.48,3580.29,3500.42,3211.58,0.7071067811865476,0.7071067811865476,2,0,0,1.2246467991473532e-16,-1.0,0.0,0.0,0.0
2026-06-24 03:00:00,3457.9,3488.01,3413.16,3208.23,0.7518398074789774,0.6593458151000688,2,0,0,1.2246467991473532e-16,-1.0,0.0,0.0,0.0
2026-06-24 03:15:00,3498.57,3430.1,3387.53,3167.78,0.7933533402912352,0.6087614290087207,2,0,0,1.2246467991473532e-16,-1.0,0.0,0.0,0.0
2026-06-24 03:30:00,3384.03,3466.44,3389.2,3190.67,0.8314696123025451,0.5555702330196024,2,0,0,1.2246467991473532e-16,-1.0,0.0,0.0,0.0
2026-06-24 03:45:00,3442.14,3366.77,3309.37,3085.06,0.8660254037844386,0.5000000000000001,2,0,0,1.2246467991473532e-16,-1.0,0.0,0.0,0.0
2026-06-24 04:00:00,3396.66,3425.71,3343.17,3056.48,0.8968727415326884,0.44228869021900125,2,0,0,1.2246467991473532e-16,-1.0,0.0,0.0,0.0
2026-06-24 04:15:00,3365.89,3390.37,3238.25,3111.29,0.9238795325112867,0.38268343236508984,2,0,0,1.2246467991473532e-16,-1.0,0.0,0.0,0.0
2026-06-24 04:30:00,3385.12,3384.61,3318.44,3079.4,0.9469301294951056,0.3214394653031617,2,0,0,1.2246467991473532e-16,-1.0,0.0,0.0,0.0
2026-06-24 04:45:00,3309.84,3391.34,3269.91,3104.01,0.9659258262890683,0.25881904510252074,2,0,0,1.2246467991473532e-16,-1.0,0.0,0.0,0.0
2026-06-24 05:00:00,3325.6,3306.98,3282.19,3032.01,0.9807852804032304,0.19509032201612833,2,0,0,1.2246467991473532e-16,-1.0,0.0,0.0,0.0
2026-06-24 05:15:00,3343.53,3356.89,3221.39,3065.47,0.9914448613738104,0.1305261922200517,2,0,0,1.2246467991473532e-16,-1.0,0.0,0.0,0.0
2026-06-24 05:30:00,3358.56,3365.05,3275.21,3060.0,0.9978589232386035,0.06540312923014327,2,0,0,1.2246467991473532e-16,-1.0,0.0,0.0,0.0
2026-06-24 05:45:00,3319.58,3366.22,3303.7,3066.66,1.0,6.123233995736766e-17,2,0,0,1.2246467991473532e-16,-1.0,0.0,0.0,0.0
2026-06-24 06:00:00,3333.12,3401.85,3336.25,3125.24,0.9978589232386035,-0.06540312923014314,2,0,0,1.2246467991473532e-16,-1.0,0.0,0.0,0.0
2026-06-24 06:15:00,3322.52,3340.99,3281.08,3085.88,0.9914448613738104,-0.1305261922200516,2,0,0,1.2246467991473532e-16,-1.0,0.0,0.0,0.0
2026-06-24 06:30:00,3337.58,3382.96,3268.96,3047.4,0.9807852804032304,-0.1950903220161282,2,0,0,1.2246467991473532e-16,-1.0,0.0,0.0,0.0
2026-06-24 06:45:00,3321.63,3325.95,3233.13,3064.97,0.9659258262890683,-0.25881904510252063,2,0,0,1.2246467991473532e-16,-1.0,0.0,0.0,0.0
2026-06-24 07:00:00,3297.96,3339.3,3260.43,3027.28,0.9469301294951057,-0.3214394653031616,2,0,0,1.2246467991473532e-16,-1.0,0.0,0.0,0.0
2026-06-24 07:15:00,3293.92,3235.73,3164.76,2972.56,0.9238795325112868,-0.3826834323650895,2,0,0,1.2246467991473532e-16,-1.0,0.0,0.0,0.0
2026-06-24 07:30:00,3245.13,3260.46,3100.91,2931.66,0.8968727415326884,-0.44228869021900113,2,0,0,1.2246467991473532e-16,-1.0,0.0,0.0,0.0
2026-06-24 07:45:00,3209.25,3214.06,3078.92,2873.96,0.8660254037844387,-0.4999999999999998,2,0,0,1.2246467991473532e-16,-1.0,0.0,0.0,0.0
2026-06-24 08:00:00,3121.48,3196.08,3092.17,2872.06,0.8314696123025451,-0.5555702330196023,2,0,0,1.2246467991473532e-16,-1.0,0.0,0.0,0.0
2026-06-24 08:15:00,3183.28,3107.48,3050.56,2854.29,0.7933533402912352,-0.6087614290087207,2,0,0,1.2246467991473532e-16,-1.0,0.0,0.0,0.0
2026-06-24 08:30:00,3158.42,3101.32,3062.67,2863.83,0.7518398074789774,-0.6593458151000688,2,0,0,1.2246467991473532e-16,-1.0,0.0,0.0,0.0
2026-06-24 08:45:00,3087.23,3144.97,3013.62,2836.81,0.7071067811865476,-0.7071067811865475,2,0,0,1.2246467991473532e-16,-1.0,0.0,0.0,0.0
2026-06-24 09:00:00,3149.31,3132.95,3108.7,2894.37,0.659345815100069,-0.7518398074789773,2,0,0,1.2246467991473532e-16,-1.0,0.0,0.0,0.0
2026-06-24 09:15:00,3187.37,3221.87,3101.86,2950.11,0.6087614290087209,-0.793353340291235,2,0,0,1.2246467991473532e-16,-1.0,0.0,0.0,0.0
2026-06-24 09:30:00,3215.68,3213.16,3140.17,2947.01,0.5555702330196025,-0.831469612302545,2,0,0,1.2246467991473532e-16,-1.0,0.0,0.0,0.0
2026-06-24 09:45:00,3307.89,3242.05,3187.98,2996.69,0.49999999999999994,-0.8660254037844387,2,0,0,1.2246467991473532e-16,-1.0,0.0,0.0,0.0
2026-06-24 10:00:00,3255.45,3274.0,3199.1,2991.2,0.4422886902190017,-0.8968727415326881,2,0,0,1.2246467991473532e-16,-1.0,0.0,0.0,0.0
2026-06-24 10:15:00,3261.77,3296.7,3208.89,2984.64,0.3826834323650899,-0.9238795325112867,2,0,0,1.2246467991473532e-16,-1.0,0.0,0.0,0.0
2026-06-24 10:30:00,3318.79,3309.68,3240.66,2969.68,0.32143946530316175,-0.9469301294951056,2,0,0,1.2246467991473532e-16,-1.0,0.0,0.0,0.0
2026-06-24 10:45:00,3319.13,3317.21,3210.41,3031.45,0.258819045102521,-0.9659258262890682,2,0,0,1.2246467991473532e-16,-1.0,0.0,0.0,0.0
2026-06-24 11:00:00,3257.61,3252.85,3249.63,3027.58,0.19509032201612816,-0.9807852804032304,2,0,0,1.2246467991473532e-16,-1.0,0.0,0.0,0.0
2026-06-24 11:15:00,3238.57,3227.73,3143.9,2992.86,0.130526192220052,-0.9914448613738104,2,0,0,1.2246467991473532e-16,-1.0,0.0,0.0,0.0
2026-06-24 11:30:00,3254.83,3246.3,3153.98,3002.0,0.06540312923014312,-0.9978589232386035,2,0,0,1.2246467991473532e-16,-1.0,0.0,0.0,0.0
2026-06-24 11:45:00,3320.84,3330.93,3181.27,3004.4,1.2246467991473532e-16,-1.0,2,0,0,1.2246467991473532e-16,-1.0,0.0,0.0,0.0
2026-06-24 12:00:00,3265.11,3261.27,3220.15,3006.46,-0.06540312923014287,-0.9978589232386035,2,0,0,1.2246467991473532e-16,-1.0,0.0,0.0,0.0
2026-06-24 12:15:00,3320.13,3267.67,3220.55,3042.59,-0.13052619222005177,-0.9914448613738104,2,0,0,1.2246467991473532e-16,-1.0,0.0,0.0,0.0
2026-06-24 12:30:00,3321.41,3288.09,3268.77,3027.06,-0.19509032201612792,-0.9807852804032305,2,0,0,1.2246467991473532e-16,-1.0,0.0,0.0,0.0
2026-06-24 12:45:00,3337.26,3372.83,3211.07,3021.83,-0.2588190451025208,-0.9659258262890683,2,0,0,1.2246467991473532e-16,-1.0,0.0,0.0,0.0
2026-06-24 13:00:00,3330.98,3324.14,3216.2,2987.63,-0.32143946530316153,-0.9469301294951057,2,0,0,1.2246467991473532e-16,-1.0,0.0,0.0,0.0
2026-06-24 13:15:00,3348.26,3279.55,3260.74,3002.2,-0.38268343236508967,-0.9238795325112868,2,0,0,1.2246467991473532e-16,-1.0,0.0,0.0,0.0
2026-06-24 13:30:00,3379.35,3369.01,3289.98,3069.42,-0.44228869021900147,-0.8968727415326883,2,0,0,1.2246467991473532e-16,-1.0,0.0,0.0,0.0
2026-06-24 13:45:00,3374.4,3396.82,3352.02,3110.53,-0.4999999999999997,-0.8660254037844388,2,0,0,1.2246467991473532e-16,-1.0,0.0,0.0,0.0
2026-06-24 14:00:00,3525.41,3499.92,3450.87,3219.95,-0.555570233019602,-0.8314696123025455,2,0,0,1.2246467991473532e-16,-1.0,0.0,0.0,0.0
2026-06-24 14:15:00,3616.01,3626.04,3547.9,3299.39,-0.6087614290087207,-0.7933533402912352,2,0,0,1.2246467991473532e-16,-1.0,0.0,0.0,0.0
2026-06-24 14:30:00,3682.52,3701.45,3651.75,3423.12,-0.6593458151000688,-0.7518398074789774,2,0,0,1.2246467991473532e-16,-1.0,0.0,0.0,0.0
2026-06-24 14:45:00,3746.51,3765.57,3694.27,3393.06,-0.7071067811865471,-0.7071067811865479,2,0,0,1.2246467991473532e-16,-1.0,0.0,0.0,0.0
2026-06-24 15:00:00,3802.53,3792.08,3668.66,3449.96,-0.7518398074789773,-0.6593458151000691,2,0,0,1.2246467991473532e-16,-1.0,0.0,0.0,0.0
2026-06-24 15:15:00,3844.66,3843.0,3747.92,3521.64,-0.7933533402912349,-0.6087614290087209,2,0,0,1.2246467991473532e-16,-1.0,0.0,0.0,0.0
2026-06-24 15:30:00,3816.02,3918.85,3741.33,3586.42,-0.8314696123025452,-0.5555702330196022,2,0,0,1.2246467991473532e-16,-1.0,0.0,0.0,0.0
2026-06-24 15:45:00,3856.14,3869.09,3762.94,3524.25,-0.8660254037844385,-0.5000000000000004,2,0,0,1.2246467991473532e-16,-1.0,0.0,0.0,0.0
2026-06-24 16:00:00,3830.7,3898.62,3791.9,3605.21,-0.8968727415326883,-0.44228869021900136,2,0,0,1.2246467991473532e-16,-1.0,0.0,0.0,0.0
2026-06-24 16:15:00,3938.28,3890.39,3775.41,3558.1,-0.9238795325112868,-0.3826834323650895,2,0,0,1.2246467991473532e-16,-1.0,0.0,0.0,0.0
2026-06-24 16:30:00,3896.32,3890.39,3843.42,3560.65,-0.9469301294951056,-0.3214394653031618,2,0,0,1.2246467991473532e-16,-1.0,0.0,0.0,0.0
2026-06-24 16:45:00,3883.34,3936.71,3757.49,3576.22,-0.9659258262890683,-0.25881904510252063,2,0,0,1.2246467991473532e-16,-1.0,0.0,0.0,0.0
2026-06-24 17:00:00,3918.82,3864.92,3780.56,3532.34,-0.9807852804032303,-0.19509032201612866,2,0,0,1.2246467991473532e-16,-1.0,0.0,0.0,0.0
2026-06-24 17:15:00,3818.93,3912.72,3729.83,3501.46,-0.9914448613738104,-0.13052619222005163,2,0,0,1.2246467991473532e-16,-1.0,0.0,0.0,0.0
2026-06-24 17:30:00,3779.49,3798.47,3778.07,3561.04,-0.9978589232386035,-0.06540312923014273,2,0,0,1.2246467991473532e-16,-1.0,0.0,0.0,0.0
2026-06-24 17:45:00,3842.81,3811.64,3717.61,3539.93,-1.0,-1.8369701987210297e-16,2,0,0,1.2246467991473532e-16,-1.0,0.0,0.0,0.0
2026-06-24 18:00:00,3754.9,3782.78,3701.84,3513.55,-0.9978589232386036,0.06540312923014237,2,0,0,1.2246467991473532e-16,-1.0,0.0,0.0,0.0
2026-06-24 18:15:00,3864.94,3795.0,3734.09,3522.91,-0.9914448613738105,0.13052619222005127,2,0,0,1.2246467991473532e-16,-1.0,0.0,0.0,0.0
2026-06-24 18:30:00,4020.0,3914.4,3912.48,3596.24,-0.9807852804032304,0.1950903220161283,2,0,0,1.2246467991473532e-16,-1.0,0.0,0.0,0.0
2026-06-24 18:45:00,4166.64,4192.02,4102.47,3765.41,-0.9659258262890684,0.2588190451025203,2,0,0,1.2246467991473532e-16,-1.0,0.0,0.0,0.0
2026-06-24 19:00:00,4224.53,4343.83,4156.71,3966.73,-0.9469301294951057,0.3214394653031615,2,0,0,1.2246467991473532e-16,-1.0,0.0,0.0,0.0
2026-06-24 19:15:00,4285.98,4381.71,4180.31,3957.5,-0.923879532511287,0.38268343236508917,2,0,0,1.2246467991473532e-16,-1.0,0.0,0.0,0.0
2026-06-24 19:30:00,4308.37,4274.61,4175.97,3993.37,-0.8968727415326884,0.442288690219001,2,0,0,1.2246467991473532e-16,-1.0,0.0,0.0,0.0
2026-06-24 19:45:00,4259.35,4266.92,4181.28,3973.86,-0.8660254037844386,0.5000000000000001,2,0,0,1.2246467991473532e-16,-1.0,0.0,0.0,0.0
2026-06-24 20:00:00,4253.74,4248.3,4178.5,3907.08,-0.8314696123025455,0.5555702330196018,2,0,0,1.2246467991473532e-16,-1.0,0.0,0.0,0.0
2026-06-24 20:15:00,4280.03,4321.34,4208.72,3909.08,-0.7933533402912357,0.6087614290087199,2,0,0,1.2246467991473532e-16,-1.0,0.0,0.0,0.0
2026-06-24 20:30:00,4232.66,4312.92,4183.23,3980.67,-0.7518398074789772,0.6593458151000691,2,0,0,1.2246467991473532e-16,-1.0,0.0,0.0,0.0
2026-06-24 20:45:00,4341.59,4312.82,4187.26,3896.05,-0.7071067811865477,0.7071067811865474,2,0,0,1.2246467991473532e-16,-1.0,0.0,0.0,0.0
2026-06-24 21:00:00,4297.93,4301.31,4219.12,4006.32,-0.6593458151000687,0.7518398074789775,2,0,0,1.2246467991473532e-16,-1.0,0.0,0.0,0.0
2026-06-24 21:15:00,4335.17,4321.69,4200.19,4019.08,-0.608761429008721,0.7933533402912349,2,0,0,1.2246467991473532e-16,-1.0,0.0,0.0,0.0
2026-06-24 21:30:00,4404.27,4438.41,4273.59,3995.13,-0.555570233019603,0.8314696123025447,2,0,0,1.2246467991473532e-16,-1.0,0.0,0.0,0.0
2026-06-24 21:45:00,4454.95,4501.96,4377.16,4071.21,-0.5000000000000004,0.8660254037844384,2,0,0,1.2246467991473532e-16,-1.0,0.0,0.0,0.0
2026-06-24 22:00:00,4495.11,4503.32,4366.45,4203.2,-0.4422886902190014,0.8968727415326883,2,0,0,1.2246467991473532e-16,-1.0,0.0,0.0,0.0
2026-06-24 22:15:00,4484.06,4542.53,4471.42,4127.82,-0.38268343236508956,0.9238795325112868,2,0,0,1.2246467991473532e-16,-1.0,0.0,0.0,0.0
2026-06-24 22:30:00,4503.56,4463.65,4386.19,4022.89,-0.32143946530316186,0.9469301294951056,2,0,0,1.2246467991473532e-16,-1.0,0.0,0.0,0.0
2026-06-24 22:45:00,4470.78,4385.2,4364.6,4051.89,-0.25881904510252157,0.9659258262890681,2,0,0,1.2246467991473532e-16,-1.0,0.0,0.0,0.0
2026-06-24 23:00:00,4426.12,4410.28,4284.91,4041.76,-0.19509032201612872,0.9807852804032303,2,0,0,1.2246467991473532e-16,-1.0,0.0,0.0,0.0
2026-06-24 23:15:00,4410.1,4342.67,4202.57,3984.47,-0.13052619222005168,0.9914448613738104,2,0,0,1.2246467991473532e-16,-1.0,0.0,0.0,0.0
2026-06-24 23:30:00,4309.8,4402.57,4228.5,4042.59,-0.0654031292301428,0.9978589232386035,2,0,0,1.2246467991473532e-16,-1.0,0.0,0.0,0.0
2026-06-24 23:45:00,4328.27,4348.12,4228.06,3903.19,-2.4492935982947064e-16,1.0,2,0,0,1.2246467991473532e-16,-1.0,0.0,0.0,0.0
2026-06-25 00:00:00,3954.68,4246.38,4195.99,3805.57,0.06540312923014306,0.9978589232386035,3,0,0,1.2246467991473532e-16,-1.0,0.0,0.0,0.0
2026-06-25 00:15:00,3880.02,4181.23,4105.31,3764.57,0.13052619222005157,0.9914448613738104,3,0,0,1.2246467991473532e-16,-1.0,0.0,0.0,0.0
2026-06-25 00:30:00,3807.41,3997.57,4075.72,3682.01,0.19509032201612825,0.9807852804032304,3,0,0,1.2246467991473532e-16,-1.0,0.0,0.0,0.0
2026-06-25 00:45:00,3792.09,3911.74,3996.39,3680.96,0.25881904510252074,0.9659258262890683,3,0,0,1.2246467991473532e-16,-1.0,0.0,0.0,0.0
2026-06-25 01:00:00,3665.48,3862.81,3927.64,3572.7,0.3214394653031616,0.9469301294951057,3,0,0,1.2246467991473532e-16,-1.0,0.0,0.0,0.0
2026-06-25 01:15:00,3633.66,3879.67,3894.28,3569.68,0.3826834323650898,0.9238795325112867,3,0,0,1.2246467991473532e-16,-1.0,0.0,0.0,0.0
2026-06-25 01:30:00,3587.7,3736.5,3815.1,3425.27,0.44228869021900125,0.8968727415326884,3,0,0,1.2246467991473532e-16,-1.0,0.0,0.0,0.0
2026-06-25 01:45:00,3485.64,3723.44,3688.58,3419.28,0.49999999999999994,0.8660254037844387,3,0,0,1.2246467991473532e-16,-1.0,0.0,0.0,0.0
2026-06-25 02:00:00,3465.1,3689.26,3637.95,3354.64,0.5555702330196022,0.8314696123025452,3,0,0,1.2246467991473532e-16,-1.0,0.0,0.0,0.0
2026-06-25 02:15:00,3424.44,3644.84,3665.97,3330.27,0.6087614290087207,0.7933533402912352,3,0,0,1.2246467991473532e-16,-1.0,0.0,0.0,0.0
2026-06-25 02:30:00,3366.43,3530.96,3540.31,3282.1,0.6593458151000688,0.7518398074789774,3,0,0,1.2246467991473532e-16,-1.0,0.0,0.0,0.0
2026-06-25 02:45:00,3384.88,3490.48,3580.29,3223.53,0.7071067811865476,0.7071067811865476,3,0,0,1.2246467991473532e-16,-1.0,0.0,0.0,0.0
2026-06-25 03:00:00,3321.3,3457.9,3488.01,3257.97,0.7518398074789774,0.6593458151000688,3,0,0,1.2246467991473532e-16,-1.0,0.0,0.0,0.0
2026-06-25 03:15:00,3270.32,3498.57,3430.1,3165.89,0.7933533402912352,0.6087614290087207,3,0,0,1.2246467991473532e-16,-1.0,0.0,0.0,0.0
2026-06-25 03:30:00,3290.93,3384.03,3466.44,3165.66,0.8314696123025451,0.5555702330196024,3,0,0,1.2246467991473532e-16,-1.0,0.0,0.0,0.0
2026-06-25 03:45:00,3215.36,3442.14,3366.77,3132.44,0.8660254037844386,0.5000000000000001,3,0,0,1.2246467991473532e-16,-1.0,0.0,0.0,0.0
2026-06-25 04:00:00,3153.17,3396.66,3425.71,3137.87,0.8968727415326884,0.44228869021900125,3,0,0,1.2246467991473532e-16,-1.0,0.0,0.0,0.0
2026-06-25 04:15:00,3158.6,3365.89,3390.37,3080.93,0.9238795325112867,0.38268343236508984,3,0,0,1.2246467991473532e-16,-1.0,0.0,0.0,0.0
2026-06-25 04:30:00,3189.69,3385.12,3384.61,3047.43,0.9469301294951056,0.3214394653031617,3,0,0,1.2246467991473532e-16,-1.0,0.0,0.0,0.0
2026-06-25 04:45:00,3152.09,3309.84,3391.34,3100.34,0.9659258262890683,0.25881904510252074,3,0,0,1.2246467991473532e-16,-1.0,0.0,0.0,0.0
2026-06-25 05:00:00,3171.39,3325.6,3306.98,3035.54,0.9807852804032304,0.19509032201612833,3,0,0,1.2246467991473532e-16,-1.0,0.0,0.0,0.0
2026-06-25 05:15:00,3157.54,3343.53,3356.89,3066.2,0.9914448613738104,0.1305261922200517,3,0,0,1.2246467991473532e-16,-1.0,0.0,0.0,0.0
2026-06-25 05:30:00,3199.59,3358.56,3365.05,3035.81,0.9978589232386035,0.06540312923014327,3,0,0,1.2246467991473532e-16,-1.0,0.0,0.0,0.0
2026-06-25 05:45:00,3159.4,3319.58,3366.22,3101.62,1.0,6.123233995736766e-17,3,0,0,1.2246467991473532e-16,-1.0,0.0,0.0,0.0
2026-06-25 06:00:00,3136.63,3333.12,3401.85,3112.73,0.9978589232386035,-0.06540312923014314,3,0,0,1.2246467991473532e-16,-1.0,0.0,0.0,0.0
2026-06-25 06:15:00,3162.27,3322.52,3340.99,3123.11,0.9914448613738104,-0.1305261922200516,3,0,0,1.2246467991473532e-16,-1.0,0.0,0.0,0.0
2026-06-25 06:30:00,3202.71,3337.58,3382.96,3121.01,0.9807852804032304,-0.1950903220161282,3,0,0,1.2246467991473532e-16,-1.0,0.0,0.0,0.0
2026-06-25 06:45:00,3154.47,3321.63,3325.95,3077.81,0.9659258262890683,-0.25881904510252063,3,0,0,1.2246467991473532e-16,-1.0,0.0,0.0,0.0
2026-06-25 07:00:00,3144.3,3297.96,3339.3,3059.51,0.9469301294951057,-0.3214394653031616,3,0,0,1.2246467991473532e-16,-1.0,0.0,0.0,0.0
2026-06-25 07:15:00,3106.18,3293.92,3235.73,2955.41,0.9238795325112868,-0.3826834323650895,3,0,0,1.2246467991473532e-16,-1.0,0.0,0.0,0.0
2026-06-25 07:30:00,3058.41,3245.13,3260.46,2986.52,0.8968727415326884,-0.44228869021900113,3,0,0,1.2246467991473532e-16,-1.0,0.0,0.0,0.0
2026-06-25 07:45:00,2987.45,3209.25,3214.06,2880.9,0.8660254037844387,-0.4999999999999998,3,0,0,1.2246467991473532e-16,-1.0,0.0,0.0,0.0
2026-06-25 08:00:00,3007.93,3121.48,3196.08,2853.97,0.8314696123025451,-0.5555702330196023,3,0,0,1.2246467991473532e-16,-1.0,0.0,0.0,0.0
2026-06-25 08:15:00,2971.02,3183.28,3107.48,2838.29,0.7933533402912352,-0.6087614290087207,3,0,0,1.2246467991473532e-16,-1.0,0.0,0.0,0.0
2026-06-25 08:30:00,2900.58,3158.42,3101.32,2853.96,0.7518398074789774,-0.6593458151000688,3,0,0,1.2246467991473532e-16,-1.0,0.0,0.0,0.0
2026-06-25 08:45:00,2958.66,3087.23,3144.97,2870.83,0.7071067811865476,-0.7071067811865475,3,0,0,1.2246467991473532e-16,-1.0,0.0,0.0,0.0
2026-06-25 09:00:00,2990.74,3149.31,3132.95,2912.84,0.659345815100069,-0.7518398074789773,3,0,0,1.2246467991473532e-16,-1.0,0.0,0.0,0.0
2026-06-25 09:15:00,3033.47,3187.37,3221.87,2932.83,0.6087614290087209,-0.793353340291235,3,0,0,1.2246467991473532e-16,-1.0,0.0,0.0,0.0
2026-06-25 09:30:00,3076.01,3215.68,3213.16,2980.41,0.5555702330196025,-0.831469612302545,3,0,0,1.2246467991473532e-16,-1.0,0.0,0.0,0.0
2026-06-25 09:45:00,3040.88,3307.89,3242.05,3017.33,0.49999999999999994,-0.8660254037844387,3,0,0,1.2246467991473532e-16,-1.0,0.0,0.0,0.0
2026-06-25 10:00:00,3044.0,3255.45,3274.0,2980.56,0.4422886902190017,-0.8968727415326881,3,0,0,1.2246467991473532e-16,-1.0,0.0,0.0,0.0
2026-06-25 10:15:00,3063.76,3261.77,3296.7,3037.64,0.3826834323650899,-0.9238795325112867,3,0,0,1.2246467991473532e-16,-1.0,0.0,0.0,0.0
2026-06-25 10:30:00,3077.32,3318.79,3309.68,3021.64,0.32143946530316175,-0.9469301294951056,3,0,0,1.2246467991473532e-16,-1.0,0.0,0.0,0.0
2026-06-25 10:45:00,3144.31,3319.13,3317.21,3035.18,0.258819045102521,-0.9659258262890682,3,0,0,1.2246467991473532e-16,-1.0,0.0,0.0,0.0
2026-06-25 11:00:00,3143.79,3257.61,3252.85,3051.79,0.19509032201612816,-0.9807852804032304,3,0,0,1.2246467991473532e-16,-1.0,0.0,0.0,0.0
2026-06-25 11:15:00,3092.86,3238.57,3227.73,3014.12,0.130526192220052,-0.9914448613738104,3,0,0,1.2246467991473532e-16,-1.0,0.0,0.0,0.0
2026-06-25 11:30:00,3038.61,3254.83,3246.3,2980.05,0.06540312923014312,-0.9978589232386035,3,0,0,1.2246467991473532e-16,-1.0,0.0,0.0,0.0
2026-06-25 11:45:00,3055.74,3320.84,3330.93,2973.57,1.2246467991473532e-16,-1.0,3,0,0,1.2246467991473532e-16,-1.0,0.0,0.0,0.0
2026-06-25 12:00:00,3069.34,3265.11,3261.27,3060.01,-0.06540312923014287,-0.9978589232386035,3,0,0,1.2246467991473532e-16,-1.0,0.0,0.0,0.0
2026-06-25 12:15:00,3129.43,3320.13,3267.67,3032.78,-0.13052619222005177,-0.9914448613738104,3,0,0,1.2246467991473532e-16,-1.0,0.0,0.0,0.0
2026-06-25 12:30:00,3087.44,3321.41,3288.09,3070.87,-0.19509032201612792,-0.9807852804032305,3,0,0,1.2246467991473532e-16,-1.0,0.0,0.0,0.0
2026-06-25 12:45:00,3147.17,3337.26,3372.83,2996.21,-0.2588190451025208,-0.9659258262890683,3,0,0,1.2246467991473532e-16,-1.0,0.0,0.0,0.0
2026-06-25 13:00:00,3092.25,3330.98,3324.14,3000.47,-0.32143946530316153,-0.9469301294951057,3,0,0,1.2246467991473532e-16,-1.0,0.0,0.0,0.0
2026-06-25 13:15:00,3105.84,3348.26,3279.55,3058.66,-0.38268343236508967,-0.9238795325112868,3,0,0,1.2246467991473532e-16,-1.0,0.0,0.0,0.0
2026-06-25 13:30:00,3197.59,3379.35,3369.01,3042.52,-0.44228869021900147,-0.8968727415326883,3,0,0,1.2246467991473532e-16,-1.0,0.0,0.0,0.0
2026-06-25 13:45:00,3206.82,3374.4,3396.82,3095.4,-0.4999999999999997,-0.8660254037844388,3,0,0,1.2246467991473532e-16,-1.0,0.0,0.0,0.0
2026-06-25 14:00:00,3351.15,3525.41,3499.92,3170.19,-0.555570233019602,-0.8314696123025455,3,0,0,1.2246467991473532e-16,-1.0,0.0,0.0,0.0
2026-06-25 14:15:00,3390.04,3616.01,3626.04,3266.75,-0.6087614290087207,-0.7933533402912352,3,0,0,1.2246467991473532e-16,-1.0,0.0,0.0,0.0
2026-06-25 14:30:00,3456.15,3682.52,3701.45,3363.35,-0.6593458151000688,-0.7518398074789774,3,0,0,1.2246467991473532e-16,-1.0,0.0,0.0,0.0
2026-06-25 14:45:00,3488.09,3746.51,3765.57,3445.17,-0.7071067811865471,-0.7071067811865479,3,0,0,1.2246467991473532e-16,-1.0,0.0,0.0,0.0
2026-06-25 15:00:00,3563.86,3802.53,3792.08,3517.42,-0.7518398074789773,-0.6593458151000691,3,0,0,1.2246467991473532e-16,-1.0,0.0,0.0,0.0
2026-06-25 15:15:00,3636.93,3844.66,3843.0,3506.52,-0.7933533402912349,-0.6087614290087209,3,0,0,1.2246467991473532e-16,-1.0,0.0,0.0,0.0
2026-06-25 15:30:00,3678.07,3816.02,3918.85,3581.51,-0.8314696123025452,-0.5555702330196022,3,0,0,1.2246467991473532e-16,-1.0,0.0,0.0,0.0
2026-06-25 15:45:00,3659.45,3856.14,3869.09,3614.33,-0.8660254037844385,-0.5000000000000004,3,0,0,1.2246467991473532e-16,-1.0,0.0,0.0,0.0
2026-06-25 16:00:00,3668.01,3830.7,3898.62,3544.95,-0.8968727415326883,-0.44228869021900136,3,0,0,1.2246467991473532e-16,-1.0,0.0,0.0,0.0
2026-06-25 16:15:00,3658.61,3938.28,3890.39,3566.47,-0.9238795325112868,-0.3826834323650895,3,0,0,1.2246467991473532e-16,-1.0,0.0,0.0,0.0
2026-06-25 16:30:00,3685.26,3896.32,3890.39,3609.44,-0.9469301294951056,-0.3214394653031618,3,0,0,1.2246467991473532e-16,-1.0,0.0,0.0,0.0
2026-06-25 16:45:00,3661.31,3883.34,3936.71,3600.68,-0.9659258262890683,-0.25881904510252063,3,0,0,1.2246467991473532e-16,-1.0,0.0,0.0,0.0
2026-06-25 17:00:00,3688.68,3918.82,3864.92,3538.38,-0.9807852804032303,-0.19509032201612866,3,0,0,1.2246467991473532e-16,-1.0,0.0,0.0,0.0
2026-06-25 17:15:00,3598.52,3818.93,3912.72,3533.56,-0.9914448613738104,-0.13052619222005163,3,0,0,1.2246467991473532e-16,-1.0,0.0,0.0,0.0
2026-06-25 17:30:00,3636.47,3779.49,3798.47,3507.34,-0.9978589232386035,-0.06540312923014273,3,0,0,1.2246467991473532e-16,-1.0,0.0,0.0,0.0
2026-06-25 17:45:00,3667.64,3842.81,3811.64,3545.39,-1.0,-1.8369701987210297e-16,3,0,0,1.2246467991473532e-16,-1.0,0.0,0.0,0.0
2026-06-25 18:00:00,3637.14,3754.9,3782.78,3518.17,-0.9978589232386036,0.06540312923014237,3,0,0,1.2246467991473532e-16,-1.0,0.0,0.0,0.0
2026-06-25 18:15:00,3614.47,3864.94,3795.0,3529.83,-0.9914448613738105,0.13052619222005127,3,0,0,1.2246467991473532e-16,-1.0,0.0,0.0,0.0
2026-06-25 18:30:00,3757.26,4020.0,3914.4,3583.7,-0.9807852804032304,0.1950903220161283,3,0,0,1.2246467991473532e-16,-1.0,0.0,0.0,0.0
2026-06-25 18:45:00,3899.35,4166.64,4192.02,3786.87,-0.9659258262890684,0.2588190451025203,3,0,0,1.2246467991473532e-16,-1.0,0.0,0.0,0.0
2026-06-25 19:00:00,4007.04,4224.53,4343.83,3983.75,-0.9469301294951057,0.3214394653031615,3,0,0,1.2246467991473532e-16,-1.0,0.0,0.0,0.0
2026-06-25 19:15:00,4106.95,4285.98,4381.71,3988.69,-0.923879532511287,0.38268343236508917,3,0,0,1.2246467991473532e-16,-1.0,0.0,0.0,0.0
2026-06-25 19:30:00,4111.55,4308.37,4274.61,3889.0,-0.8968727415326884,0.442288690219001,3,0,0,1.2246467991473532e-16,-1.0,0.0,0.0,0.0
2026-06-25 19:45:00,4024.6,4259.35,4266.92,3897.66,-0.8660254037844386,0.5000000000000001,3,0,0,1.2246467991473532e-16,-1.0,0.0,0.0,0.0
2026-06-25 20:00:00,4051.76,4253.74,4248.3,3918.03,-0.8314696123025455,0.5555702330196018,3,0,0,1.2246467991473532e-16,-1.0,0.0,0.0,0.0
2026-06-25 20:15:00,4084.52,4280.03,4321.34,3888.6,-0.7933533402912357,0.6087614290087199,3,0,0,1.2246467991473532e-16,-1.0,0.0,0.0,0.0
2026-06-25 20:30:00,4032.71,4232.66,4312.92,3959.2,-0.7518398074789772,0.6593458151000691,3,0,0,1.2246467991473532e-16,-1.0,0.0,0.0,0.0
2026-06-25 20:45:00,4008.06,4341.59,4312.82,3914.76,-0.7071067811865477,0.7071067811865474,3,0,0,1.2246467991473532e-16,-1.0,0.0,0.0,0.0
2026-06-25 21:00:00,4079.89,4297.93,4301.31,3902.25,-0.6593458151000687,0.7518398074789775,3,0,0,1.2246467991473532e-16,-1.0,0.0,0.0,0.0
2026-06-25 21:15:00,4067.8,4335.17,4321.69,3979.29,-0.608761429008721,0.7933533402912349,3,0,0,1.2246467991473532e-16,-1.0,0.0,0.0,0.0
2026-06-25 21:30:00,4108.41,4404.27,4438.41,3998.59,-0.555570233019603,0.8314696123025447,3,0,0,1.2246467991473532e-16,-1.0,0.0,0.0,0.0
2026-06-25 21:45:00,4221.9,4454.95,4501.96,4052.82,-0.5000000000000004,0.8660254037844384,3,0,0,1.2246467991473532e-16,-1.0,0.0,0.0,0.0
2026-06-25 22:00:00,4268.27,4495.11,4503.32,4165.45,-0.4422886902190014,0.8968727415326883,3,0,0,1.2246467991473532e-16,-1.0,0.0,0.0,0.0
2026-06-25 22:15:00,4304.38,4484.06,4542.53,4101.84,-0.38268343236508956,0.9238795325112868,3,0,0,1.2246467991473532e-16,-1.0,0.0,0.0,0.0
2026-06-25 22:30:00,4179.94,4503.56,4463.65,4111.02,-0.32143946530316186,0.9469301294951056,3,0,0,1.2246467991473532e-16,-1.0,0.0,0.0,0.0
2026-06-25 22:45:00,4140.07,4470.78,4385.2,3995.63,-0.25881904510252157,0.9659258262890681,3,0,0,1.2246467991473532e-16,-1.0,0.0,0.0,0.0
2026-06-25 23:00:00,4195.32,4426.12,4410.28,4048.68,-0.19509032201612872,0.9807852804032303,3,0,0,1.2246467991473532e-16,-1.0,0.0,0.0,0.0
2026-06-25 23:15:00,4066.8,4410.1,4342.67,4053.46,-0.13052619222005168,0.9914448613738104,3,0,0,1.2246467991473532e-16,-1.0,0.0,0.0,0.0
2026-06-25 23:30:00,4117.35,4309.8,4402.57,4001.77,-0.0654031292301428,0.9978589232386035,3,0,0,1.2246467991473532e-16,-1.0,0.0,0.0,0.0
2026-06-25 23:45:00,4086.36,4328.27,4348.12,3905.21,-2.4492935982947064e-16,1.0,3,0,0,1.2246467991473532e-16,-1.0,0.0,0.0,0.0
2026-06-26 00:00:00,3979.25,3954.68,4246.38,4021.79,0.06540312923014306,0.9978589232386035,4,0,0,1.2246467991473532e-16,-1.0,0.0,0.0,0.0
2026-06-26 00:15:00,3922.67,3880.02,4181.23,3914.84,0.13052619222005157,0.9914448613738104,4,0,0,1.2246467991473532e-16,-1.0,0.0,0.0,0.0
2026-06-26 00:30:00,3889.64,3807.41,3997.57,3851.65,0.19509032201612825,0.9807852804032304,4,0,0,1.2246467991473532e-16,-1.0,0.0,0.0,0.0
2026-06-26 00:45:00,3823.3,3792.09,3911.74,3771.16,0.25881904510252074,0.9659258262890683,4,0,0,1.2246467991473532e-16,-1.0,0.0,0.0,0.0
2026-06-26 01:00:00,3750.88,3665.48,3862.81,3641.57,0.3214394653031616,0.9469301294951057,4,0,0,1.2246467991473532e-16,-1.0,0.0,0.0,0.0
2026-06-26 01:15:00,3660.0,3633.66,3879.67,3686.69,0.3826834323650898,0.9238795325112867,4,0,0,1.2246467991473532e-16,-1.0,0.0,0.0,0.0
2026-06-26 01:30:00,3556.63,3587.7,3736.5,3614.3,0.44228869021900125,0.8968727415326884,4,0,0,1.2246467991473532e-16,-1.0,0.0,0.0,0.0
2026-06-26 01:45:00,3548.73,3485.64,3723.44,3517.96,0.49999999999999994,0.8660254037844387,4,0,0,1.2246467991473532e-16,-1.0,0.0,0.0,0.0
2026-06-26 02:00:00,3453.91,3465.1,3689.26,3442.19,0.5555702330196022,0.8314696123025452,4,0,0,1.2246467991473532e-16,-1.0,0.0,0.0,0.0
2026-06-26 02:15:00,3493.79,3424.44,3644.84,3430.83,0.6087614290087207,0.7933533402912352,4,0,0,1.2246467991473532e-16,-1.0,0.0,0.0,0.0
2026-06-26 02:30:00,3407.57,3366.43,3530.96,3397.93,0.6593458151000688,0.7518398074789774,4,0,0,1.2246467991473532e-16,-1.0,0.0,0.0,0.0
2026-06-26 02:45:00,3393.66,3384.88,3490.48,3388.25,0.7071067811865476,0.7071067811865476,4,0,0,1.2246467991473532e-16,-1.0,0.0,0.0,0.0
2026-06-26 03:00:00,3298.27,3321.3,3457.9,3365.7,0.7518398074789774,0.6593458151000688,4,0,0,1.2246467991473532e-16,-1.0,0.0,0.0,0.0
2026-06-26 03:15:00,3268.6,3270.32,3498.57,3290.09,0.7933533402912352,0.6087614290087207,4,0,0,1.2246467991473532e-16,-1.0,0.0,0.0,0.0
2026-06-26 03:30:00,3295.8,3290.93,3384.03,3273.42,0.8314696123025451,0.5555702330196024,4,0,0,1.2246467991473532e-16,-1.0,0.0,0.0,0.0
2026-06-26 03:45:00,3235.12,3215.36,3442.14,3244.78,0.8660254037844386,0.5000000000000001,4,0,0,1.2246467991473532e-16,-1.0,0.0,0.0,0.0
2026-06-26 04:00:00,3189.56,3153.17,3396.66,3168.19,0.8968727415326884,0.44228869021900125,4,0,0,1.2246467991473532e-16,-1.0,0.0,0.0,0.0
2026-06-26 04:15:00,3156.68,3158.6,3365.89,3210.74,0.9238795325112867,0.38268343236508984,4,0,0,1.2246467991473532e-16,-1.0,0.0,0.0,0.0
2026-06-26 04:30:00,3185.55,3189.69,3385.12,3190.9,0.9469301294951056,0.3214394653031617,4,0,0,1.2246467991473532e-16,-1.0,0.0,0.0,0.0
2026-06-26 04:45:00,3181.03,3152.09,3309.84,3171.5,0.9659258262890683,0.25881904510252074,4,0,0,1.2246467991473532e-16,-1.0,0.0,0.0,0.0
2026-06-26 05:00:00,3186.99,3171.39,3325.6,3182.85,0.9807852804032304,0.19509032201612833,4,0,0,1.2246467991473532e-16,-1.0,0.0,0.0,0.0
2026-06-26 05:15:00,3168.24,3157.54,3343.53,3150.82,0.9914448613738104,0.1305261922200517,4,0,0,1.2246467991473532e-16,-1.0,0.0,0.0,0.0
2026-06-26 05:30:00,3139.85,3199.59,3358.56,3152.42,0.9978589232386035,0.06540312923014327,4,0,0,1.2246467991473532e-16,-1.0,0.0,0.0,0.0
2026-06-26 05:45:00,3189.85,3159.4,3319.58,3159.66,1.0,6.123233995736766e-17,4,0,0,1.2246467991473532e-16,-1.0,0.0,0.0,0.0
2026-06-26 06:00:00,3240.14,3136.63,3333.12,3215.53,0.9978589232386035,-0.06540312923014314,4,0,0,1.2246467991473532e-16,-1.0,0.0,0.0,0.0
2026-06-26 06:15:00,3226.76,3162.27,3322.52,3202.78,0.9914448613738104,-0.1305261922200516,4,0,0,1.2246467991473532e-16,-1.0,0.0,0.0,0.0
2026-06-26 06:30:00,3227.59,3202.71,3337.58,3153.91,0.9807852804032304,-0.1950903220161282,4,0,0,1.2246467991473532e-16,-1.0,0.0,0.0,0.0
2026-06-26 06:45:00,3177.26,3154.47,3321.63,3113.61,0.9659258262890683,-0.25881904510252063,4,0,0,1.2246467991473532e-16,-1.0,0.0,0.0,0.0
2026-06-26 07:00:00,3124.46,3144.3,3297.96,3134.74,0.9469301294951057,-0.3214394653031616,4,0,0,1.2246467991473532e-16,-1.0,0.0,0.0,0.0
2026-06-26 07:15:00,3144.6,3106.18,3293.92,3090.5,0.9238795325112868,-0.3826834323650895,4,0,0,1.2246467991473532e-16,-1.0,0.0,0.0,0.0
2026-06-26 07:30:00,3071.13,3058.41,3245.13,3018.03,0.8968727415326884,-0.44228869021900113,4,0,0,1.2246467991473532e-16,-1.0,0.0,0.0,0.0
2026-06-26 07:45:00,3005.23,2987.45,3209.25,2971.5,0.8660254037844387,-0.4999999999999998,4,0,0,1.2246467991473532e-16,-1.0,0.0,0.0,0.0
2026-06-26 08:00:00,3011.03,3007.93,3121.48,2962.62,0.8314696123025451,-0.5555702330196023,4,0,0,1.2246467991473532e-16,-1.0,0.0,0.0,0.0
2026-06-26 08:15:00,2985.35,2971.02,3183.28,2967.71,0.7933533402912352,-0.6087614290087207,4,0,0,1.2246467991473532e-16,-1.0,0.0,0.0,0.0
2026-06-26 08:30:00,2928.93,2900.58,3158.42,2943.59,0.7518398074789774,-0.6593458151000688,4,0,0,1.2246467991473532e-16,-1.0,0.0,0.0,0.0
2026-06-26 08:45:00,2970.36,2958.66,3087.23,2977.26,0.7071067811865476,-0.7071067811865475,4,0,0,1.2246467991473532e-16,-1.0,0.0,0.0,0.0
2026-06-26 09:00:00,2981.8,2990.74,3149.31,3004.91,0.659345815100069,-0.7518398074789773,4,0,0,1.2246467991473532e-16,-1.0,0.0,0.0,0.0
2026-06-26 09:15:00,3052.94,3033.47,3187.37,3033.73,0.6087614290087209,-0.793353340291235,4,0,0,1.2246467991473532e-16,-1.0,0.0,0.0,0.0
2026-06-26 09:30:00,3105.61,3076.01,3215.68,3092.29,0.5555702330196025,-0.831469612302545,4,0,0,1.2246467991473532e-16,-1.0,0.0,0.0,0.0
2026-06-26 09:45:00,3091.11,3040.88,3307.89,3124.28,0.49999999999999994,-0.8660254037844387,4,0,0,1.2246467991473532e-16,-1.0,0.0,0.0,0.0
2026-06-26 10:00:00,3092.45,3044.0,3255.45,3099.82,0.4422886902190017,-0.8968727415326881,4,0,0,1.2246467991473532e-16,-1.0,0.0,0.0,0.0
2026-06-26 10:15:00,3120.96,3063.76,3261.77,3118.88,0.3826834323650899,-0.9238795325112867,4,0,0,1.2246467991473532e-16,-1.0,0.0,0.0,0.0
2026-06-26 10:30:00,3117.72,3077.32,3318.79,3142.97,0.32143946530316175,-0.9469301294951056,4,0,0,1.2246467991473532e-16,-1.0,0.0,0.0,0.0
2026-06-26 10:45:00,3092.43,3144.31,3319.13,3074.49,0.258819045102521,-0.9659258262890682,4,0,0,1.2246467991473532e-16,-1.0,0.0,0.0,0.0
2026-06-26 11:00:00,3138.02,3143.79,3257.61,3123.01,0.19509032201612816,-0.9807852804032304,4,0,0,1.2246467991473532e-16,-1.0,0.0,0.0,0.0
2026-06-26 11:15:00,3138.45,3092.86,3238.57,3127.06,0.130526192220052,-0.9914448613738104,4,0,0,1.2246467991473532e-16,-1.0,0.0,0.0,0.0
2026-06-26 11:30:00,3112.02,3038.61,3254.83,3083.31,0.06540312923014312,-0.9978589232386035,4,0,0,1.2246467991473532e-16,-1.0,0.0,0.0,0.0
2026-06-26 11:45:00,3117.97,3055.74,3320.84,3087.94,1.2246467991473532e-16,-1.0,4,0,0,1.2246467991473532e-16,-1.0,0.0,0.0,0.0
2026-06-26 12:00:00,3123.54,3069.34,3265.11,3120.16,-0.06540312923014287,-0.9978589232386035,4,0,0,1.2246467991473532e-16,-1.0,0.0,0.0,0.0
2026-06-26 12:15:00,3176.06,3129.43,3320.13,3087.77,-0.13052619222005177,-0.9914448613738104,4,0,0,1.2246467991473532e-16,-1.0,0.0,0.0,0.0
2026-06-26 12:30:00,3180.52,3087.44,3321.41,3157.43,-0.19509032201612792,-0.9807852804032305,4,0,0,1.2246467991473532e-16,-1.0,0.0,0.0,0.0
2026-06-26 12:45:00,3118.27,3147.17,3337.26,3139.57,-0.2588190451025208,-0.9659258262890683,4,0,0,1.2246467991473532e-16,-1.0,0.0,0.0,0.0
2026-06-26 13:00:00,3170.64,3092.25,3330.98,3117.73,-0.32143946530316153,-0.9469301294951057,4,0,0,1.2246467991473532e-16,-1.0,0.0,0.0,0.0
2026-06-26 13:15:00,3170.18,3105.84,3348.26,3175.94,-0.38268343236508967,-0.9238795325112868,4,0,0,1.2246467991473532e-16,-1.0,0.0,0.0,0.0
2026-06-26 13:30:00,3193.07,3197.59,3379.35,3133.58,-0.44228869021900147,-0.8968727415326883,4,0,0,1.2246467991473532e-16,-1.0,0.0,0.0,0.0
2026-06-26 13:45:00,3204.79,3206.82,3374.4,3178.9,-0.4999999999999997,-0.8660254037844388,4,0,0,1.2246467991473532e-16,-1.0,0.0,0.0,0.0
2026-06-26 14:00:00,3325.23,3351.15,3525.41,3323.69,-0.555570233019602,-0.8314696123025455,4,0,0,1.2246467991473532e-16,-1.0,0.0,0.0,0.0
2026-06-26 14:15:00,3422.37,3390.04,3616.01,3436.79,-0.6087614290087207,-0.7933533402912352,4,0,0,1.2246467991473532e-16,-1.0,0.0,0.0,0.0
2026-06-26 14:30:00,3503.39,3456.15,3682.52,3482.03,-0.6593458151000688,-0.7518398074789774,4,0,0,1.2246467991473532e-16,-1.0,0.0,0.0,0.0
2026-06-26 14:45:00,3551.71,3488.09,3746.51,3578.89,-0.7071067811865471,-0.7071067811865479,4,0,0,1.2246467991473532e-16,-1.0,0.0,0.0,0.0
2026-06-26 15:00:00,3622.8,3563.86,3802.53,3536.75,-0.7518398074789773,-0.6593458151000691,4,0,0,1.2246467991473532e-16,-1.0,0.0,0.0,0.0
2026-06-26 15:15:00,3630.32,3636.93,3844.66,3571.64,-0.7933533402912349,-0.6087614290087209,4,0,0,1.2246467991473532e-16,-1.0,0.0,0.0,0.0
2026-06-26 15:30:00,3722.78,3678.07,3816.02,3606.05,-0.8314696123025452,-0.5555702330196022,4,0,0,1.2246467991473532e-16,-1.0,0.0,0.0,0.0
2026-06-26 15:45:00,3752.29,3659.45,3856.14,3696.07,-0.8660254037844385,-0.5000000000000004,4,0,0,1.2246467991473532e-16,-1.0,0.0,0.0,0.0
2026-06-26 16:00:00,3669.36,3668.01,3830.7,3676.46,-0.8968727415326883,-0.44228869021900136,4,0,0,1.2246467991473532e-16,-1.0,0.0,0.0,0.0
2026-06-26 16:15:00,3747.25,3658.61,3938.28,3703.13,-0.9238795325112868,-0.3826834323650895,4,0,0,1.2246467991473532e-16,-1.0,0.0,0.0,0.0
2026-06-26 16:30:00,3667.13,3685.26,3896.32,3711.82,-0.9469301294951056,-0.3214394653031618,4,0,0,1.2246467991473532e-16,-1.0,0.0,0.0,0.0
2026-06-26 16:45:00,3721.95,3661.31,3883.34,3732.08,-0.9659258262890683,-0.25881904510252063,4,0,0,1.2246467991473532e-16,-1.0,0.0,0.0,0.0
2026-06-26 17:00:00,3707.59,3688.68,3918.82,3699.09,-0.9807852804032303,-0.19509032201612866,4,0,0,1.2246467991473532e-16,-1.0,0.0,0.0,0.0
2026-06-26 17:15:00,3701.46,3598.52,3818.93,3638.91,-0.9914448613738104,-0.13052619222005163,4,0,0,1.2246467991473532e-16,-1.0,0.0,0.0,0.0
2026-06-26 17:30:00,3701.58,3636.47,3779.49,3678.42,-0.9978589232386035,-0.06540312923014273,4,0,0,1.2246467991473532e-16,-1.0,0.0,0.0,0.0
2026-06-26 17:45:00,3601.29,3667.64,3842.81,3627.3,-1.0,-1.8369701987210297e-16,4,0,0,1.2246467991473532e-16,-1.0,0.0,0.0,0.0
2026-06-26 18:00:00,3655.64,3637.14,3754.9,3582.57,-0.9978589232386036,0.06540312923014237,4,0,0,1.2246467991473532e-16,-1.0,0.0,0.0,0.0
2026-06-26 18:15:00,3617.25,3614.47,3864.94,3621.52,-0.9914448613738105,0.13052619222005127,4,0,0,1.2246467991473532e-16,-1.0,0.0,0.0,0.0
2026-06-26 18:30:00,3728.25,3757.26,4020.0,3792.99,-0.9807852804032304,0.1950903220161283,4,0,0,1.2246467991473532e-16,-1.0,0.0,0.0,0.0
2026-06-26 18:45:00,3954.03,3899.35,4166.64,3912.32,-0.9659258262890684,0.2588190451025203,4,0,0,1.2246467991473532e-16,-1.0,0.0,0.0,0.0
2026-06-26 19:00:00,4070.06,4007.04,4224.53,4103.83,-0.9469301294951057,0.3214394653031615,4,0,0,1.2246467991473532e-16,-1.0,0.0,0.0,0.0
2026-06-26 19:15:00,4132.39,4106.95,4285.98,4070.93,-0.923879532511287,0.38268343236508917,4,0,0,1.2246467991473532e-16,-1.0,0.0,0.0,0.0
2026-06-26 19:30:00,4133.99,4111.55,4308.37,4088.74,-0.8968727415326884,0.442288690219001,4,0,0,1.2246467991473532e-16,-1.0,0.0,0.0,0.0
2026-06-26 19:45:00,4096.37,4024.6,4259.35,4015.49,-0.8660254037844386,0.5000000000000001,4,0,0,1.2246467991473532e-16,-1.0,0.0,0.0,0.0
2026-06-26 20:00:00,4103.05,4051.76,4253.74,4045.31,-0.8314696123025455,0.5555702330196018,4,0,0,1.2246467991473532e-16,-1.0,0.0,0.0,0.0
2026-06-26 20:15:00,4054.38,4084.52,4280.03,4029.92,-0.7933533402912357,0.6087614290087199,4,0,0,1.2246467991473532e-16,-1.0,0.0,0.0,0.0
2026-06-26 20:30:00,4099.45,4032.71,4232.66,4104.06,-0.7518398074789772,0.6593458151000691,4,0,0,1.2246467991473532e-16,-1.0,0.0,0.0,0.0
2026-06-26 20:45:00,4122.37,4008.06,4341.59,4018.94,-0.7071067811865477,0.7071067811865474,4,0,0,1.2246467991473532e-16,-1.0,0.0,0.0,0.0
2026-06-26 21:00:00,4096.7,4079.89,4297.93,4096.17,-0.6593458151000687,0.7518398074789775,4,0,0,1.2246467991473532e-16,-1.0,0.0,0.0,0.0
2026-06-26 21:15:00,4102.06,4067.8,4335.17,4057.34,-0.608761429008721,0.7933533402912349,4,0,0,1.2246467991473532e-16,-1.0,0.0,0.0,0.0
2026-06-26 21:30:00,4144.17,4108.41,4404.27,4156.54,-0.555570233019603,0.8314696123025447,4,0,0,1.2246467991473532e-16,-1.0,0.0,0.0,0.0
2026-06-26 21:45:00,4251.21,4221.9,4454.95,4202.41,-0.5000000000000004,0.8660254037844384,4,0,0,1.2246467991473532e-16,-1.0,0.0,0.0,0.0
2026-06-26 22:00:00,4336.76,4268.27,4495.11,4300.95,-0.4422886902190014,0.8968727415326883,4,0,0,1.2246467991473532e-16,-1.0,0.0,0.0,0.0
2026-06-26 22:15:00,4313.22,4304.38,4484.06,4306.28,-0.38268343236508956,0.9238795325112868,4,0,0,1.2246467991473532e-16,-1.0,0.0,0.0,0.0
2026-06-26 22:30:00,4228.5,4179.94,4503.56,4215.8,-0.32143946530316186,0.9469301294951056,4,0,0,1.2246467991473532e-16,-1.0,0.0,0.0,0.0
2026-06-26 22:45:00,4148.69,4140.07,4470.78,4137.66,-0.25881904510252157,0.9659258262890681,4,0,0,1.2246467991473532e-16,-1.0,0.0,0.0,0.0
2026-06-26 23:00:00,4214.23,4195.32,4426.12,4161.04,-0.19509032201612872,0.9807852804032303,4,0,0,1.2246467991473532e-16,-1.0,0.0,0.0,0.0
2026-06-26 23:15:00,4209.42,4066.8,4410.1,4145.74,-0.13052619222005168,0.9914448613738104,4,0,0,1.2246467991473532e-16,-1.0,0.0,0.0,0.0
2026-06-26 23:30:00,4140.98,4117.35,4309.8,4095.86,-0.0654031292301428,0.9978589232386035,4,0,0,1.2246467991473532e-16,-1.0,0.0,0.0,0.0
2026-06-26 23:45:00,4050.62,4086.36,4328.27,4117.2,-2.4492935982947064e-16,1.0,4,0,0,1.2246467991473532e-16,-1.0,0.0,0.0,0.0
2026-06-27 00:00:00,3752.2,3979.25,3954.68,3972.55,0.06540312923014306,0.9978589232386035,5,1,0,1.2246467991473532e-16,-1.0,0.0,0.0,0.0
2026-06-27 00:15:00,3659.24,3922.67,3880.02,3847.82,0.13052619222005157,0.9914448613738104,5,1,0,1.2246467991473532e-16,-1.0,0.0,0.0,0.0
2026-06-27 00:30:00,3668.1,3889.64,3807.41,3819.74,0.19509032201612825,0.9807852804032304,5,1,0,1.2246467991473532e-16,-1.0,0.0,0.0,0.0
2026-06-27 00:45:00,3538.38,3823.3,3792.09,3774.89,0.25881904510252074,0.9659258262890683,5,1,0,1.2246467991473532e-16,-1.0,0.0,0.0,0.0
2026-06-27 01:00:00,3473.79,3750.88,3665.48,3681.17,0.3214394653031616,0.9469301294951057,5,1,0,1.2246467991473532e-16,-1.0,0.0,0.0,0.0
2026-06-27 01:15:00,3474.62,3660.0,3633.66,3652.95,0.3826834323650898,0.9238795325112867,5,1,0,1.2246467991473532e-16,-1.0,0.0,0.0,0.0
2026-06-27 01:30:00,3371.55,3556.63,3587.7,3501.14,0.44228869021900125,0.8968727415326884,5,1,0,1.2246467991473532e-16,-1.0,0.0,0.0,0.0
2026-06-27 01:45:00,3330.05,3548.73,3485.64,3480.95,0.49999999999999994,0.8660254037844387,5,1,0,1.2246467991473532e-16,-1.0,0.0,0.0,0.0
2026-06-27 02:00:00,3252.99,3453.91,3465.1,3447.62,0.5555702330196022,0.8314696123025452,5,1,0,1.2246467991473532e-16,-1.0,0.0,0.0,0.0
2026-06-27 02:15:00,3227.2,3493.79,3424.44,3369.5,0.6087614290087207,0.7933533402912352,5,1,0,1.2246467991473532e-16,-1.0,0.0,0.0,0.0
2026-06-27 02:30:00,3211.43,3407.57,3366.43,3324.54,0.6593458151000688,0.7518398074789774,5,1,0,1.2246467991473532e-16,-1.0,0.0,0.0,0.0
2026-06-27 02:45:00,3191.63,3393.66,3384.88,3321.96,0.7071067811865476,0.7071067811865476,5,1,0,1.2246467991473532e-16,-1.0,0.0,0.0,0.0
2026-06-27 03:00:00,3171.82,3298.27,3321.3,3324.95,0.7518398074789774,0.6593458151000688,5,1,0,1.2246467991473532e-16,-1.0,0.0,0.0,0.0
2026-06-27 03:15:00,3105.13,3268.6,3270.32,3216.43,0.7933533402912352,0.6087614290087207,5,1,0,1.2246467991473532e-16,-1.0,0.0,0.0,0.0
2026-06-27 03:30:00,3102.61,3295.8,3290.93,3208.1,0.8314696123025451,0.5555702330196024,5,1,0,1.2246467991473532e-16,-1.0,0.0,0.0,0.0
2026-06-27 03:45:00,3091.26,3235.12,3215.36,3224.7,0.8660254037844386,0.5000000000000001,5,1,0,1.2246467991473532e-16,-1.0,0.0,0.0,0.0
2026-06-27 04:00:00,2991.18,3189.56,3153.17,3210.31,0.8968727415326884,0.44228869021900125,5,1,0,1.2246467991473532e-16,-1.0,0.0,0.0,0.0
2026-06-27 04:15:00,3000.55,3156.68,3158.6,3130.89,0.9238795325112867,0.38268343236508984,5,1,0,1.2246467991473532e-16,-1.0,0.0,0.0,0.0
2026-06-27 04:30:00,2953.93,3185.55,3189.69,3121.93,0.9469301294951056,0.3214394653031617,5,1,0,1.2246467991473532e-16,-1.0,0.0,0.0,0.0
2026-06-27 04:45:00,2988.39,3181.03,3152.09,3167.22,0.9659258262890683,0.25881904510252074,5,1,0,1.2246467991473532e-16,-1.0,0.0,0.0,0.0
2026-06-27 05:00:00,2985.57,3186.99,3171.39,3109.56,0.9807852804032304,0.19509032201612833,5,1,0,1.2246467991473532e-16,-1.0,0.0,0.0,0.0
2026-06-27 05:15:00,2951.02,3168.24,3157.54,3121.46,0.9914448613738104,0.1305261922200517,5,1,0,1.2246467991473532e-16,-1.0,0.0,0.0,0.0
2026-06-27 05:30:00,2991.3,3139.85,3199.59,3108.96,0.9978589232386035,0.06540312923014327,5,1,0,1.2246467991473532e-16,-1.0,0.0,0.0,0.0
2026-06-27 05:45:00,3048.37,3189.85,3159.4,3173.09,1.0,6.123233995736766e-17,5,1,0,1.2246467991473532e-16,-1.0,0.0,0.0,0.0
2026-06-27 06:00:00,3047.54,3240.14,3136.63,3178.61,0.9978589232386035,-0.06540312923014314,5,1,0,1.2246467991473532e-16,-1.0,0.0,0.0,0.0
2026-06-27 06:15:00,3025.45,3226.76,3162.27,3149.56,0.9914448613738104,-0.1305261922200516,5,1,0,1.2246467991473532e-16,-1.0,0.0,0.0,0.0
2026-06-27 06:30:00,3020.66,3227.59,3202.71,3157.62,0.9807852804032304,-0.1950903220161282,5,1,0,1.2246467991473532e-16,-1.0,0.0,0.0,0.0
2026-06-27 06:45:00,3011.63,3177.26,3154.47,3083.07,0.9659258262890683,-0.25881904510252063,5,1,0,1.2246467991473532e-16,-1.0,0.0,0.0,0.0
2026-06-27 07:00:00,2962.55,3124.46,3144.3,3122.92,0.9469301294951057,-0.3214394653031616,5,1,0,1.2246467991473532e-16,-1.0,0.0,0.0,0.0
2026-06-27 07:15:00,2899.85,3144.6,3106.18,3090.63,0.9238795325112868,-0.3826834323650895,5,1,0,1.2246467991473532e-16,-1.0,0.0,0.0,0.0
2026-06-27 07:30:00,2882.71,3071.13,3058.41,3007.88,0.8968727415326884,-0.44228869021900113,5,1,0,1.2246467991473532e-16,-1.0,0.0,0.0,0.0
2026-06-27 07:45:00,2807.6,3005.23,2987.45,2977.65,0.8660254037844387,-0.4999999999999998,5,1,0,1.2246467991473532e-16,-1.0,0.0,0.0,0.0
2026-06-27 08:00:00,2817.46,3011.03,3007.93,2953.77,0.8314696123025451,-0.5555702330196023,5,1,0,1.2246467991473532e-16,-1.0,0.0,0.0,0.0
2026-06-27 08:15:00,2794.59,2985.35,2971.02,2987.01,0.7933533402912352,-0.6087614290087207,5,1,0,1.2246467991473532e-16,-1.0,0.0,0.0,0.0
2026-06-27 08:30:00,2750.51,2928.93,2900.58,2889.7,0.7518398074789774,-0.6593458151000688,5,1,0,1.2246467991473532e-16,-1.0,0.0,0.0,0.0
2026-06-27 08:45:00,2792.67,2970.36,2958.66,2946.25,0.7071067811865476,-0.7071067811865475,5,1,0,1.2246467991473532e-16,-1.0,0.0,0.0,0.0
2026-06-27 09:00:00,2818.96,2981.8,2990.74,2966.17,0.659345815100069,-0.7518398074789773,5,1,0,1.2246467991473532e-16,-1.0,0.0,0.0,0.0
2026-06-27 09:15:00,2866.25,3052.94,3033.47,2962.71,0.6087614290087209,-0.793353340291235,5,1,0,1.2246467991473532e-16,-1.0,0.0,0.0,0.0
2026-06-27 09:30:00,2903.29,3105.61,3076.01,3025.33,0.5555702330196025,-0.831469612302545,5,1,0,1.2246467991473532e-16,-1.0,0.0,0.0,0.0
2026-06-27 09:45:00,2898.54,3091.11,3040.88,3038.12,0.49999999999999994,-0.8660254037844387,5,1,0,1.2246467991473532e-16,-1.0,0.0,0.0,0.0
2026-06-27 10:00:00,2894.82,3092.45,3044.0,3038.59,0.4422886902190017,-0.8968727415326881,5,1,0,1.2246467991473532e-16,-1.0,0.0,0.0,0.0
2026-06-27 10:15:00,2941.43,3120.96,3063.76,3096.85,0.3826834323650899,-0.9238795325112867,5,1,0,1.2246467991473532e-16,-1.0,0.0,0.0,0.0
2026-06-27 10:30:00,2947.91,3117.72,3077.32,3072.2,0.32143946530316175,-0.9469301294951056,5,1,0,1.2246467991473532e-16,-1.0,0.0,0.0,0.0
2026-06-27 10:45:00,2967.24,3092.43,3144.31,3062.5,0.258819045102521,-0.9659258262890682,5,1,0,1.2246467991473532e-16,-1.0,0.0,0.0,0.0
2026-06-27 11:00:00,2936.54,3138.02,3143.79,3045.35,0.19509032201612816,-0.9807852804032304,5,1,0,1.2246467991473532e-16,-1.0,0.0,0.0,0.0
2026-06-27 11:15:00,2902.41,3138.45,3092.86,3072.02,0.130526192220052,-0.9914448613738104,5,1,0,1.2246467991473532e-16,-1.0,0.0,0.0,0.0
2026-06-27 11:30:00,2965.0,3112.02,3038.61,3091.87,0.06540312923014312,-0.9978589232386035,5,1,0,1.2246467991473532e-16,-1.0,0.0,0.0,0.0
2026-06-27 11:45:00,2955.48,3117.97,3055.74,3086.51,1.2246467991473532e-16,-1.0,5,1,0,1.2246467991473532e-16,-1.0,0.0,0.0,0.0
2026-06-27 12:00:00,2960.02,3123.54,3069.34,3069.28,-0.06540312923014287,-0.9978589232386035,5,1,0,1.2246467991473532e-16,-1.0,0.0,0.0,0.0
2026-06-27 12:15:00,3004.78,3176.06,3129.43,3083.94,-0.13052619222005177,-0.9914448613738104,5,1,0,1.2246467991473532e-16,-1.0,0.0,0.0,0.0
2026-06-27 12:30:00,2929.34,3180.52,3087.44,3062.06,-0.19509032201612792,-0.9807852804032305,5,1,0,1.2246467991473532e-16,-1.0,0.0,0.0,0.0
2026-06-27 12:45:00,2984.12,3118.27,3147.17,3141.35,-0.2588190451025208,-0.9659258262890683,5,1,0,1.2246467991473532e-16,-1.0,0.0,0.0,0.0
2026-06-27 13:00:00,2950.95,3170.64,3092.25,3056.7,-0.32143946530316153,-0.9469301294951057,5,1,0,1.2246467991473532e-16,-1.0,0.0,0.0,0.0
2026-06-27 13:15:00,2923.76,3170.18,3105.84,3123.49,-0.38268343236508967,-0.9238795325112868,5,1,0,1.2246467991473532e-16,-1.0,0.0,0.0,0.0
2026-06-27 13:30:00,3026.95,3193.07,3197.59,3091.94,-0.44228869021900147,-0.8968727415326883,5,1,0,1.2246467991473532e-16,-1.0,0.0,0.0,0.0
2026-06-27 13:45:00,3022.96,3204.79,3206.82,3177.65,-0.4999999999999997,-0.8660254037844388,5,1,0,1.2246467991473532e-16,-1.0,0.0,0.0,0.0
2026-06-27 14:00:00,3122.94,3325.23,3351.15,3312.02,-0.555570233019602,-0.8314696123025455,5,1,0,1.2246467991473532e-16,-1.0,0.0,0.0,0.0
2026-06-27 14:15:00,3194.06,3422.37,3390.04,3341.86,-0.6087614290087207,-0.7933533402912352,5,1,0,1.2246467991473532e-16,-1.0,0.0,0.0,0.0
2026-06-27 14:30:00,3346.99,3503.39,3456.15,3447.76,-0.6593458151000688,-0.7518398074789774,5,1,0,1.2246467991473532e-16,-1.0,0.0,0.0,0.0
2026-06-27 14:45:00,3366.4,3551.71,3488.09,3539.03,-0.7071067811865471,-0.7071067811865479,5,1,0,1.2246467991473532e-16,-1.0,0.0,0.0,0.0
2026-06-27 15:00:00,3407.15,3622.8,3563.86,3559.43,-0.7518398074789773,-0.6593458151000691,5,1,0,1.2246467991473532e-16,-1.0,0.0,0.0,0.0
2026-06-27 15:15:00,3394.74,3630.32,3636.93,3582.29,-0.7933533402912349,-0.6087614290087209,5,1,0,1.2246467991473532e-16,-1.0,0.0,0.0,0.0
2026-06-27 15:30:00,3405.97,3722.78,3678.07,3566.16,-0.8314696123025452,-0.5555702330196022,5,1,0,1.2246467991473532e-16,-1.0,0.0,0.0,0.0
2026-06-27 15:45:00,3469.77,3752.29,3659.45,3697.29,-0.8660254037844385,-0.5000000000000004,5,1,0,1.2246467991473532e-16,-1.0,0.0,0.0,0.0
2026-06-27 16:00:00,3442.13,3669.36,3668.01,3643.21,-0.8968727415326883,-0.44228869021900136,5,1,0,1.2246467991473532e-16,-1.0,0.0,0.0,0.0
2026-06-27 16:15:00,3488.87,3747.25,3658.61,3613.98,-0.9238795325112868,-0.3826834323650895,5,1,0,1.2246467991473532e-16,-1.0,0.0,0.0,0.0
2026-06-27 16:30:00,3446.36,3667.13,3685.26,3648.77,-0.9469301294951056,-0.3214394653031618,5,1,0,1.2246467991473532e-16,-1.0,0.0,0.0,0.0
2026-06-27 16:45:00,3537.11,3721.95,3661.31,3663.84,-0.9659258262890683,-0.25881904510252063,5,1,0,1.2246467991473532e-16,-1.0,0.0,0.0,0.0
2026-06-27 17:00:00,3512.83,3707.59,3688.68,3655.66,-0.9807852804032303,-0.19509032201612866,5,1,0,1.2246467991473532e-16,-1.0,0.0,0.0,0.0
2026-06-27 17:15:00,3426.44,3701.46,3598.52,3585.78,-0.9914448613738104,-0.13052619222005163,5,1,0,1.2246467991473532e-16,-1.0,0.0,0.0,0.0
2026-06-27 17:30:00,3406.11,3701.58,3636.47,3609.33,-0.9978589232386035,-0.06540312923014273,5,1,0,1.2246467991473532e-16,-1.0,0.0,0.0,0.0
2026-06-27 17:45:00,3386.85,3601.29,3667.64,3622.13,-1.0,-1.8369701987210297e-16,5,1,0,1.2246467991473532e-16,-1.0,0.0,0.0,0.0
2026-06-27 18:00:00,3417.03,3655.64,3637.14,3599.38,-0.9978589232386036,0.06540312923014237,5,1,0,1.2246467991473532e-16,-1.0,0.0,0.0,0.0
2026-06-27 18:15:00,3405.08,3617.25,3614.47,3590.83,-0.9914448613738105,0.13052619222005127,5,1,0,1.2246467991473532e-16,-1.0,0.0,0.0,0.0
2026-06-27 18:30:00,3593.09,3728.25,3757.26,3667.92,-0.9807852804032304,0.1950903220161283,5,1,0,1.2246467991473532e-16,-1.0,0.0,0.0,0.0
2026-06-27 18:45:00,3731.73,3954.03,3899.35,3848.15,-0.9659258262890684,0.2588190451025203,5,1,0,1.2246467991473532e-16,-1.0,0.0,0.0,0.0
2026-06-27 19:00:00,3814.02,4070.06,4007.04,4080.11,-0.9469301294951057,0.3214394653031615,5,1,0,1.2246467991473532e-16,-1.0,0.0,0.0,0.0
2026-06-27 19:15:00,3828.14,4132.39,4106.95,4040.33,-0.923879532511287,0.38268343236508917,5,1,0,1.2246467991473532e-16,-1.0,0.0,0.0,0.0
2026-06-27 19:30:00,3901.4,4133.99,4111.55,4088.47,-0.8968727415326884,0.442288690219001,5,1,0,1.2246467991473532e-16,-1.0,0.0,0.0,0.0
2026-06-27 19:45:00,3894.05,4096.37,4024.6,4012.99,-0.8660254037844386,0.5000000000000001,5,1,0,1.2246467991473532e-16,-1.0,0.0,0.0,0.0
2026-06-27 20:00:00,3839.69,4103.05,4051.76,4007.21,-0.8314696123025455,0.5555702330196018,5,1,0,1.2246467991473532e-16,-1.0,0.0,0.0,0.0
2026-06-27 20:15:00,3799.89,4054.38,4084.52,3976.51,-0.7933533402912357,0.6087614290087199,5,1,0,1.2246467991473532e-16,-1.0,0.0,0.0,0.0
2026-06-27 20:30:00,3799.99,4099.45,4032.71,3977.04,-0.7518398074789772,0.6593458151000691,5,1,0,1.2246467991473532e-16,-1.0,0.0,0.0,0.0
2026-06-27 20:45:00,3862.79,4122.37,4008.06,4018.63,-0.7071067811865477,0.7071067811865474,5,1,0,1.2246467991473532e-16,-1.0,0.0,0.0,0.0
2026-06-27 21:00:00,3847.91,4096.7,4079.89,4007.29,-0.6593458151000687,0.7518398074789775,5,1,0,1.2246467991473532e-16,-1.0,0.0,0.0,0.0
2026-06-27 21:15:00,3856.97,4102.06,4067.8,4016.9,-0.608761429008721,0.7933533402912349,5,1,0,1.2246467991473532e-16,-1.0,0.0,0.0,0.0
2026-06-27 21:30:00,3884.4,4144.17,4108.41,4175.64,-0.555570233019603,0.8314696123025447,5,1,0,1.2246467991473532e-16,-1.0,0.0,0.0,0.0
2026-06-27 21:45:00,4037.54,4251.21,4221.9,4166.91,-0.5000000000000004,0.8660254037844384,5,1,0,1.2246467991473532e-16,-1.0,0.0,0.0,0.0
2026-06-27 22:00:00,4034.3,4336.76,4268.27,4236.92,-0.4422886902190014,0.8968727415326883,5,1,0,1.2246467991473532e-16,-1.0,0.0,0.0,0.0
2026-06-27 22:15:00,4086.14,4313.22,4304.38,4219.46,-0.38268343236508956,0.9238795325112868,5,1,0,1.2246467991473532e-16,-1.0,0.0,0.0,0.0
2026-06-27 22:30:00,4027.39,4228.5,4179.94,4133.28,-0.32143946530316186,0.9469301294951056,5,1,0,1.2246467991473532e-16,-1.0,0.0,0.0,0.0
2026-06-27 22:45:00,3917.53,4148.69,4140.07,4126.01,-0.25881904510252157,0.9659258262890681,5,1,0,1.2246467991473532e-16,-1.0,0.0,0.0,0.0
2026-06-27 23:00:00,3962.18,4214.23,4195.32,4182.53,-0.19509032201612872,0.9807852804032303,5,1,0,1.2246467991473532e-16,-1.0,0.0,0.0,0.0
2026-06-27 23:15:00,3872.39,4209.42,4066.8,4055.25,-0.13052619222005168,0.9914448613738104,5,1,0,1.2246467991473532e-16,-1.0,0.0,0.0,0.0
2026-06-27 23:30:00,3869.51,4140.98,4117.35,4061.84,-0.0654031292301428,0.9978589232386035,5,1,0,1.2246467991473532e-16,-1.0,0.0,0.0,0.0
2026-06-27 23:45:00,3866.17,4050.62,4086.36,4091.96,-2.4492935982947064e-16,1.0,5,1,0,1.2246467991473532e-16,-1.0,0.0,0.0,0.0
2026-06-28 00:00:00,3685.58,3752.2,3979.25,3957.64,0.06540312923014306,0.9978589232386035,6,1,0,1.2246467991473532e-16,-1.0,0.0,0.0,0.0
2026-06-28 00:15:00,3625.05,3659.24,3922.67,3888.11,0.13052619222005157,0.9914448613738104,6,1,0,1.2246467991473532e-16,-1.0,0.0,0.0,0.0
2026-06-28 00:30:00,3589.16,3668.1,3889.64,3742.37,0.19509032201612825,0.9807852804032304,6,1,0,1.2246467991473532e-16,-1.0,0.0,0.0,0.0
2026-06-28 00:45:00,3493.07,3538.38,3823.3,3655.36,0.25881904510252074,0.9659258262890683,6,1,0,1.2246467991473532e-16,-1.0,0.0,0.0,0.0
2026-06-28 01:00:00,3455.78,3473.79,3750.88,3637.8,0.3214394653031616,0.9469301294951057,6,1,0,1.2246467991473532e-16,-1.0,0.0,0.0,0.0
2026-06-28 01:15:00,3467.01,3474.62,3660.0,3616.8,0.3826834323650898,0.9238795325112867,6,1,0,1.2246467991473532e-16,-1.0,0.0,0.0,0.0
2026-06-28 01:30:00,3315.2,3371.55,3556.63,3506.14,0.44228869021900125,0.8968727415326884,6,1,0,1.2246467991473532e-16,-1.0,0.0,0.0,0.0
2026-06-28 01:45:00,3281.06,3330.05,3548.73,3478.61,0.49999999999999994,0.8660254037844387,6,1,0,1.2246467991473532e-16,-1.0,0.0,0.0,0.0
2026-06-28 02:00:00,3244.96,3252.99,3453.91,3403.51,0.5555702330196022,0.8314696123025452,6,1,0,1.2246467991473532e-16,-1.0,0.0,0.0,0.0
2026-06-28 02:15:00,3228.79,3227.2,3493.79,3401.16,0.6087614290087207,0.7933533402912352,6,1,0,1.2246467991473532e-16,-1.0,0.0,0.0,0.0
2026-06-28 02:30:00,3224.86,3211.43,3407.57,3370.88,0.6593458151000688,0.7518398074789774,6,1,0,1.2246467991473532e-16,-1.0,0.0,0.0,0.0
2026-06-28 02:45:00,3156.41,3191.63,3393.66,3260.34,0.7071067811865476,0.7071067811865476,6,1,0,1.2246467991473532e-16,-1.0,0.0,0.0,0.0
2026-06-28 03:00:00,3141.22,3171.82,3298.27,3298.23,0.7518398074789774,0.6593458151000688,6,1,0,1.2246467991473532e-16,-1.0,0.0,0.0,0.0
2026-06-28 03:15:00,3111.07,3105.13,3268.6,3182.73,0.7933533402912352,0.6087614290087207,6,1,0,1.2246467991473532e-16,-1.0,0.0,0.0,0.0
2026-06-28 03:30:00,3031.79,3102.61,3295.8,3169.84,0.8314696123025451,0.5555702330196024,6,1,0,1.2246467991473532e-16,-1.0,0.0,0.0,0.0
2026-06-28 03:45:00,3071.43,3091.26,3235.12,3182.56,0.8660254037844386,0.5000000000000001,6,1,0,1.2246467991473532e-16,-1.0,0.0,0.0,0.0
2026-06-28 04:00:00,3003.13,2991.18,3189.56,3144.97,0.8968727415326884,0.44228869021900125,6,1,0,1.2246467991473532e-16,-1.0,0.0,0.0,0.0
2026-06-28 04:15:00,2969.55,3000.55,3156.68,3149.01,0.9238795325112867,0.38268343236508984,6,1,0,1.2246467991473532e-16,-1.0,0.0,0.0,0.0
2026-06-28 04:30:00,2979.9,2953.93,3185.55,3117.71,0.9469301294951056,0.3214394653031617,6,1,0,1.2246467991473532e-16,-1.0,0.0,0.0,0.0
2026-06-28 04:45:00,2991.47,2988.39,3181.03,3066.1,0.9659258262890683,0.25881904510252074,6,1,0,1.2246467991473532e-16,-1.0,0.0,0.0,0.0
2026-06-28 05:00:00,3003.97,2985.57,3186.99,3139.07,0.9807852804032304,0.19509032201612833,6,1,0,1.2246467991473532e-16,-1.0,0.0,0.0,0.0
2026-06-28 05:15:00,2946.7,2951.02,3168.24,3149.0,0.9914448613738104,0.1305261922200517,6,1,0,1.2246467991473532e-16,-1.0,0.0,0.0,0.0
2026-06-28 05:30:00,2932.37,2991.3,3139.85,3104.54,0.9978589232386035,0.06540312923014327,6,1,0,1.2246467991473532e-16,-1.0,0.0,0.0,0.0
2026-06-28 05:45:00,2969.3,3048.37,3189.85,3115.01,1.0,6.123233995736766e-17,6,1,0,1.2246467991473532e-16,-1.0,0.0,0.0,0.0
2026-06-28 06:00:00,2966.64,3047.54,3240.14,3104.23,0.9978589232386035,-0.06540312923014314,6,1,0,1.2246467991473532e-16,-1.0,0.0,0.0,0.0
2026-06-28 06:15:00,2986.08,3025.45,3226.76,3157.69,0.9914448613738104,-0.1305261922200516,6,1,0,1.2246467991473532e-16,-1.0,0.0,0.0,0.0
2026-06-28 06:30:00,2990.8,3020.66,3227.59,3141.47,0.9807852804032304,-0.1950903220161282,6,1,0,1.2246467991473532e-16,-1.0,0.0,0.0,0.0
2026-06-28 06:45:00,2940.82,3011.63,3177.26,3106.3,0.9659258262890683,-0.25881904510252063,6,1,0,1.2246467991473532e-16,-1.0,0.0,0.0,0.0
2026-06-28 07:00:00,2929.5,2962.55,3124.46,3077.71,0.9469301294951057,-0.3214394653031616,6,1,0,1.2246467991473532e-16,-1.0,0.0,0.0,0.0
2026-06-28 07:15:00,2940.44,2899.85,3144.6,3082.76,0.9238795325112868,-0.3826834323650895,6,1,0,1.2246467991473532e-16,-1.0,0.0,0.0,0.0
2026-06-28 07:30:00,2864.53,2882.71,3071.13,2959.07,0.8968727415326884,-0.44228869021900113,6,1,0,1.2246467991473532e-16,-1.0,0.0,0.0,0.0
2026-06-28 07:45:00,2838.72,2807.6,3005.23,2944.61,0.8660254037844387,-0.4999999999999998,6,1,0,1.2246467991473532e-16,-1.0,0.0,0.0,0.0
2026-06-28 08:00:00,2789.35,2817.46,3011.03,2942.43,0.8314696123025451,-0.5555702330196023,6,1,0,1.2246467991473532e-16,-1.0,0.0,0.0,0.0
2026-06-28 08:15:00,2818.7,2794.59,2985.35,2918.8,0.7933533402912352,-0.6087614290087207,6,1,0,1.2246467991473532e-16,-1.0,0.0,0.0,0.0
2026-06-28 08:30:00,2803.57,2750.51,2928.93,2917.94,0.7518398074789774,-0.6593458151000688,6,1,0,1.2246467991473532e-16,-1.0,0.0,0.0,0.0
2026-06-28 08:45:00,2812.13,2792.67,2970.36,2868.35,0.7071067811865476,-0.7071067811865475,6,1,0,1.2246467991473532e-16,-1.0,0.0,0.0,0.0
2026-06-28 09:00:00,2827.5,2818.96,2981.8,2900.15,0.659345815100069,-0.7518398074789773,6,1,0,1.2246467991473532e-16,-1.0,0.0,0.0,0.0
2026-06-28 09:15:00,2825.27,2866.25,3052.94,2966.08,0.6087614290087209,-0.793353340291235,6,1,0,1.2246467991473532e-16,-1.0,0.0,0.0,0.0
2026-06-28 09:30:00,2862.16,2903.29,3105.61,3007.08,0.5555702330196025,-0.831469612302545,6,1,0,1.2246467991473532e-16,-1.0,0.0,0.0,0.0
2026-06-28 09:45:00,2911.19,2898.54,3091.11,3068.89,0.49999999999999994,-0.8660254037844387,6,1,0,1.2246467991473532e-16,-1.0,0.0,0.0,0.0
2026-06-28 10:00:00,2948.8,2894.82,3092.45,3070.1,0.4422886902190017,-0.8968727415326881,6,1,0,1.2246467991473532e-16,-1.0,0.0,0.0,0.0
2026-06-28 10:15:00,2905.68,2941.43,3120.96,3057.27,0.3826834323650899,-0.9238795325112867,6,1,0,1.2246467991473532e-16,-1.0,0.0,0.0,0.0
2026-06-28 10:30:00,2924.08,2947.91,3117.72,3079.49,0.32143946530316175,-0.9469301294951056,6,1,0,1.2246467991473532e-16,-1.0,0.0,0.0,0.0
2026-06-28 10:45:00,2888.77,2967.24,3092.43,3063.91,0.258819045102521,-0.9659258262890682,6,1,0,1.2246467991473532e-16,-1.0,0.0,0.0,0.0
2026-06-28 11:00:00,2888.58,2936.54,3138.02,3103.08,0.19509032201612816,-0.9807852804032304,6,1,0,1.2246467991473532e-16,-1.0,0.0,0.0,0.0
2026-06-28 11:15:00,2903.23,2902.41,3138.45,3001.75,0.130526192220052,-0.9914448613738104,6,1,0,1.2246467991473532e-16,-1.0,0.0,0.0,0.0
2026-06-28 11:30:00,2927.06,2965.0,3112.02,3025.35,0.06540312923014312,-0.9978589232386035,6,1,0,1.2246467991473532e-16,-1.0,0.0,0.0,0.0
2026-06-28 11:45:00,2938.43,2955.48,3117.97,3088.07,1.2246467991473532e-16,-1.0,6,1,0,1.2246467991473532e-16,-1.0,0.0,0.0,0.0
2026-06-28 12:00:00,2916.23,2960.02,3123.54,3063.83,-0.06540312923014287,-0.9978589232386035,6,1,0,1.2246467991473532e-16,-1.0,0.0,0.0,0.0
2026-06-28 12:15:00,2966.67,3004.78,3176.06,3072.95,-0.13052619222005177,-0.9914448613738104,6,1,0,1.2246467991473532e-16,-1.0,0.0,0.0,0.0
2026-06-28 12:30:00,2976.44,2929.34,3180.52,3109.3,-0.19509032201612792,-0.9807852804032305,6,1,0,1.2246467991473532e-16,-1.0,0.0,0.0,0.0
2026-06-28 12:45:00,2968.21,2984.12,3118.27,3139.62,-0.2588190451025208,-0.9659258262890683,6,1,0,1.2246467991473532e-16,-1.0,0.0,0.0,0.0
2026-06-28 13:00:00,2889.2,2950.95,3170.64,3112.59,-0.32143946530316153,-0.9469301294951057,6,1,0,1.2246467991473532e-16,-1.0,0.0,0.0,0.0
2026-06-28 13:15:00,2965.75,2923.76,3170.18,3112.31,-0.38268343236508967,-0.9238795325112868,6,1,0,1.2246467991473532e-16,-1.0,0.0,0.0,0.0
2026-06-28 13:30:00,2976.57,3026.95,3193.07,3159.69,-0.44228869021900147,-0.8968727415326883,6,1,0,1.2246467991473532e-16,-1.0,0.0,0.0,0.0
2026-06-28 13:45:00,3011.43,3022.96,3204.79,3212.09,-0.4999999999999997,-0.8660254037844388,6,1,0,1.2246467991473532e-16,-1.0,0.0,0.0,0.0
2026-06-28 14:00:00,3076.35,3122.94,3325.23,3312.59,-0.555570233019602,-0.8314696123025455,6,1,0,1.2246467991473532e-16,-1.0,0.0,0.0,0.0
2026-06-28 14:15:00,3219.23,3194.06,3422.37,3324.52,-0.6087614290087207,-0.7933533402912352,6,1,0,1.2246467991473532e-16,-1.0,0.0,0.0,0.0
2026-06-28 14:30:00,3321.7,3346.99,3503.39,3399.11,-0.6593458151000688,-0.7518398074789774,6,1,0,1.2246467991473532e-16,-1.0,0.0,0.0,0.0
2026-06-28 14:45:00,3286.89,3366.4,3551.71,3495.09,-0.7071067811865471,-0.7071067811865479,6,1,0,1.2246467991473532e-16,-1.0,0.0,0.0,0.0
2026-06-28 15:00:00,3383.73,3407.15,3622.8,3482.8,-0.7518398074789773,-0.6593458151000691,6,1,0,1.2246467991473532e-16,-1.0,0.0,0.0,0.0
2026-06-28 15:15:00,3380.88,3394.74,3630.32,3593.77,-0.7933533402912349,-0.6087614290087209,6,1,0,1.2246467991473532e-16,-1.0,0.0,0.0,0.0
2026-06-28 15:30:00,3388.22,3405.97,3722.78,3642.07,-0.8314696123025452,-0.5555702330196022,6,1,0,1.2246467991473532e-16,-1.0,0.0,0.0,0.0
2026-06-28 15:45:00,3456.04,3469.77,3752.29,3623.21,-0.8660254037844385,-0.5000000000000004,6,1,0,1.2246467991473532e-16,-1.0,0.0,0.0,0.0
2026-06-28 16:00:00,3423.91,3442.13,3669.36,3624.86,-0.8968727415326883,-0.44228869021900136,6,1,0,1.2246467991473532e-16,-1.0,0.0,0.0,0.0
2026-06-28 16:15:00,3471.55,3488.87,3747.25,3625.03,-0.9238795325112868,-0.3826834323650895,6,1,0,1.2246467991473532e-16,-1.0,0.0,0.0,0.0
2026-06-28 16:30:00,3476.61,3446.36,3667.13,3596.63,-0.9469301294951056,-0.3214394653031618,6,1,0,1.2246467991473532e-16,-1.0,0.0,0.0,0.0
2026-06-28 16:45:00,3494.02,3537.11,3721.95,3596.03,-0.9659258262890683,-0.25881904510252063,6,1,0,1.2246467991473532e-16,-1.0,0.0,0.0,0.0
2026-06-28 17:00:00,3403.58,3512.83,3707.59,3598.31,-0.9807852804032303,-0.19509032201612866,6,1,0,1.2246467991473532e-16,-1.0,0.0,0.0,0.0
2026-06-28 17:15:00,3380.97,3426.44,3701.46,3566.55,-0.9914448613738104,-0.13052619222005163,6,1,0,1.2246467991473532e-16,-1.0,0.0,0.0,0.0
2026-06-28 17:30:00,3396.52,3406.11,3701.58,3625.08,-0.9978589232386035,-0.06540312923014273,6,1,0,1.2246467991473532e-16,-1.0,0.0,0.0,0.0
2026-06-28 17:45:00,3407.6,3386.85,3601.29,3549.82,-1.0,-1.8369701987210297e-16,6,1,0,1.2246467991473532e-16,-1.0,0.0,0.0,0.0
2026-06-28 18:00:00,3363.92,3417.03,3655.64,3551.98,-0.9978589232386036,0.06540312923014237,6,1,0,1.2246467991473532e-16,-1.0,0.0,0.0,0.0
2026-06-28 18:15:00,3380.21,3405.08,3617.25,3592.85,-0.9914448613738105,0.13052619222005127,6,1,0,1.2246467991473532e-16,-1.0,0.0,0.0,0.0
2026-06-28 18:30:00,3489.95,3593.09,3728.25,3707.48,-0.9807852804032304,0.1950903220161283,6,1,0,1.2246467991473532e-16,-1.0,0.0,0.0,0.0
2026-06-28 18:45:00,3688.17,3731.73,3954.03,3900.16,-0.9659258262890684,0.2588190451025203,6,1,0,1.2246467991473532e-16,-1.0,0.0,0.0,0.0
2026-06-28 19:00:00,3756.13,3814.02,4070.06,3979.09,-0.9469301294951057,0.3214394653031615,6,1,0,1.2246467991473532e-16,-1.0,0.0,0.0,0.0
2026-06-28 19:15:00,3850.4,3828.14,4132.39,4058.53,-0.923879532511287,0.38268343236508917,6,1,0,1.2246467991473532e-16,-1.0,0.0,0.0,0.0
2026-06-28 19:30:00,3811.85,3901.4,4133.99,4064.37,-0.8968727415326884,0.442288690219001,6,1,0,1.2246467991473532e-16,-1.0,0.0,0.0,0.0
2026-06-28 19:45:00,3833.59,3894.05,4096.37,3978.06,-0.8660254037844386,0.5000000000000001,6,1,0,1.2246467991473532e-16,-1.0,0.0,0.0,0.0
2026-06-28 20:00:00,3788.2,3839.69,4103.05,4005.43,-0.8314696123025455,0.5555702330196018,6,1,0,1.2246467991473532e-16,-1.0,0.0,0.0,0.0
2026-06-28 20:15:00,3795.29,3799.89,4054.38,4013.33,-0.7933533402912357,0.6087614290087199,6,1,0,1.2246467991473532e-16,-1.0,0.0,0.0,0.0
2026-06-28 20:30:00,3809.99,3799.99,4099.45,4046.32,-0.7518398074789772,0.6593458151000691,6,1,0,1.2246467991473532e-16,-1.0,0.0,0.0,0.0
2026-06-28 20:45:00,3825.85,3862.79,4122.37,3946.2,-0.7071067811865477,0.7071067811865474,6,1,0,1.2246467991473532e-16,-1.0,0.0,0.0,0.0
2026-06-28 21:00:00,3802.0,3847.91,4096.7,4017.71,-0.6593458151000687,0.7518398074789775,6,1,0,1.2246467991473532e-16,-1.0,0.0,0.0,0.0
2026-06-28 21:15:00,3897.84,3856.97,4102.06,4023.09,-0.608761429008721,0.7933533402912349,6,1,0,1.2246467991473532e-16,-1.0,0.0,0.0,0.0
2026-06-28 21:30:00,3885.49,3884.4,4144.17,4083.61,-0.555570233019603,0.8314696123025447,6,1,0,1.2246467991473532e-16,-1.0,0.0,0.0,0.0
2026-06-28 21:45:00,3945.21,4037.54,4251.21,4205.42,-0.5000000000000004,0.8660254037844384,6,1,0,1.2246467991473532e-16,-1.0,0.0,0.0,0.0
2026-06-28 22:00:00,4060.93,4034.3,4336.76,4233.77,-0.4422886902190014,0.8968727415326883,6,1,0,1.2246467991473532e-16,-1.0,0.0,0.0,0.0
2026-06-28 22:15:00,3961.72,4086.14,4313.22,4210.93,-0.38268343236508956,0.9238795325112868,6,1,0,1.2246467991473532e-16,-1.0,0.0,0.0,0.0
2026-06-28 22:30:00,3903.27,4027.39,4228.5,4207.78,-0.32143946530316186,0.9469301294951056,6,1,0,1.2246467991473532e-16,-1.0,0.0,0.0,0.0
2026-06-28 22:45:00,3929.54,3917.53,4148.69,4082.45,-0.25881904510252157,0.9659258262890681,6,1,0,1.2246467991473532e-16,-1.0,0.0,0.0,0.0
2026-06-28 23:00:00,3888.56,3962.18,4214.23,4056.89,-0.19509032201612872,0.9807852804032303,6,1,0,1.2246467991473532e-16,-1.0,0.0,0.0,0.0
2026-06-28 23:15:00,3827.26,3872.39,4209.42,4087.63,-0.13052619222005168,0.9914448613738104,6,1,0,1.2246467991473532e-16,-1.0,0.0,0.0,0.0
2026-06-28 23:30:00,3865.42,3869.51,4140.98,4075.03,-0.0654031292301428,0.9978589232386035,6,1,0,1.2246467991473532e-16,-1.0,0.0,0.0,0.0
2026-06-28 23:45:00,3849.83,3866.17,4050.62,4016.07,-2.4492935982947064e-16,1.0,6,1,0,1.2246467991473532e-16,-1.0,0.0,0.0,0.0
2026-06-29 00:00:00,4012.59,3685.58,3752.2,4055.3,0.06540312923014306,0.9978589232386035,0,0,0,1.2246467991473532e-16,-1.0,0.0,0.0,0.0
2026-06-29 00:15:00,3986.9,3625.05,3659.24,3970.88,0.13052619222005157,0.9914448613738104,0,0,0,1.2246467991473532e-16,-1.0,0.0,0.0,0.0
2026-06-29 00:30:00,3837.11,3589.16,3668.1,3990.7,0.19509032201612825,0.9807852804032304,0,0,0,1.2246467991473532e-16,-1.0,0.0,0.0,0.0
2026-06-29 00:45:00,3732.87,3493.07,3538.38,3823.35,0.25881904510252074,0.9659258262890683,0,0,0,1.2246467991473532e-16,-1.0,0.0,0.0,0.0
2026-06-29 01:00:00,3731.69,3455.78,3473.79,3765.93,0.3214394653031616,0.9469301294951057,0,0,0,1.2246467991473532e-16,-1.0,0.0,0.0,0.0
2026-06-29 01:15:00,3697.69,3467.01,3474.62,3738.51,0.3826834323650898,0.9238795325112867,0,0,0,1.2246467991473532e-16,-1.0,0.0,0.0,0.0
2026-06-29 01:30:00,3606.8,3315.2,3371.55,3669.53,0.44228869021900125,0.8968727415326884,0,0,0,1.2246467991473532e-16,-1.0,0.0,0.0,0.0
2026-06-29 01:45:00,3506.53,3281.06,3330.05,3676.16,0.49999999999999994,0.8660254037844387,0,0,0,1.2246467991473532e-16,-1.0,0.0,0.0,0.0
2026-06-29 02:00:00,3510.57,3244.96,3252.99,3544.75,0.5555702330196022,0.8314696123025452,0,0,0,1.2246467991473532e-16,-1.0,0.0,0.0,0.0
2026-06-29 02:15:00,3445.92,3228.79,3227.2,3570.9,0.6087614290087207,0.7933533402912352,0,0,0,1.2246467991473532e-16,-1.0,0.0,0.0,0.0
2026-06-29 02:30:00,3447.37,3224.86,3211.43,3471.96,0.6593458151000688,0.7518398074789774,0,0,0,1.2246467991473532e-16,-1.0,0.0,0.0,0.0
2026-06-29 02:45:00,3348.1,3156.41,3191.63,3500.42,0.7071067811865476,0.7071067811865476,0,0,0,1.2246467991473532e-16,-1.0,0.0,0.0,0.0
2026-06-29 03:00:00,3394.7,3141.22,3171.82,3413.16,0.7518398074789774,0.6593458151000688,0,0,0,1.2246467991473532e-16,-1.0,0.0,0.0,0.0
2026-06-29 03:15:00,3263.74,3111.07,3105.13,3387.53,0.7933533402912352,0.6087614290087207,0,0,0,1.2246467991473532e-16,-1.0,0.0,0.0,0.0
2026-06-29 03:30:00,3245.45,3031.79,3102.61,3389.2,0.8314696123025451,0.5555702330196024,0,0,0,1.2246467991473532e-16,-1.0,0.0,0.0,0.0
2026-06-29 03:45:00,3286.88,3071.43,3091.26,3309.37,0.8660254037844386,0.5000000000000001,0,0,0,1.2246467991473532e-16,-1.0,0.0,0.0,0.0
2026-06-29 04:00:00,3226.9,3003.13,2991.18,3343.17,0.8968727415326884,0.44228869021900125,0,0,0,1.2246467991473532e-16,-1.0,0.0,0.0,0.0
2026-06-29 04:15:00,3187.71,2969.55,3000.55,3238.25,0.9238795325112867,0.38268343236508984,0,0,0,1.2246467991473532e-16,-1.0,0.0,0.0,0.0
2026-06-29 04:30:00,3227.23,2979.9,2953.93,3318.44,0.9469301294951056,0.3214394653031617,0,0,0,1.2246467991473532e-16,-1.0,0.0,0.0,0.0
2026-06-29 04:45:00,3149.5,2991.47,2988.39,3269.91,0.9659258262890683,0.25881904510252074,0,0,0,1.2246467991473532e-16,-1.0,0.0,0.0,0.0
2026-06-29 05:00:00,3140.52,3003.97,2985.57,3282.19,0.9807852804032304,0.19509032201612833,0,0,0,1.2246467991473532e-16,-1.0,0.0,0.0,0.0
2026-06-29 05:15:00,3176.21,2946.7,2951.02,3221.39,0.9914448613738104,0.1305261922200517,0,0,0,1.2246467991473532e-16,-1.0,0.0,0.0,0.0
2026-06-29 05:30:00,3187.28,2932.37,2991.3,3275.21,0.9978589232386035,0.06540312923014327,0,0,0,1.2246467991473532e-16,-1.0,0.0,0.0,0.0
2026-06-29 05:45:00,3208.37,2969.3,3048.37,3303.7,1.0,6.123233995736766e-17,0,0,0,1.2246467991473532e-16,-1.0,0.0,0.0,0.0
2026-06-29 06:00:00,3260.16,2966.64,3047.54,3336.25,0.9978589232386035,-0.06540312923014314,0,0,0,1.2246467991473532e-16,-1.0,0.0,0.0,0.0
2026-06-29 06:15:00,3248.1,2986.08,3025.45,3281.08,0.9914448613738104,-0.1305261922200516,0,0,0,1.2246467991473532e-16,-1.0,0.0,0.0,0.0
2026-06-29 06:30:00,3198.27,2990.8,3020.66,3268.96,0.9807852804032304,-0.1950903220161282,0,0,0,1.2246467991473532e-16,-1.0,0.0,0.0,0.0
2026-06-29 06:45:00,3203.19,2940.82,3011.63,3233.13,0.9659258262890683,-0.25881904510252063,0,0,0,1.2246467991473532e-16,-1.0,0.0,0.0,0.0
2026-06-29 07:00:00,3177.98,2929.5,2962.55,3260.43,0.9469301294951057,-0.3214394653031616,0,0,0,1.2246467991473532e-16,-1.0,0.0,0.0,0.0
2026-06-29 07:15:00,3152.82,2940.44,2899.85,3164.76,0.9238795325112868,-0.3826834323650895,0,0,0,1.2246467991473532e-16,-1.0,0.0,0.0,0.0
2026-06-29 07:30:00,3091.19,2864.53,2882.71,3100.91,0.8968727415326884,-0.44228869021900113,0,0,0,1.2246467991473532e-16,-1.0,0.0,0.0,0.0
2026-06-29 07:45:00,3069.69,2838.72,2807.6,3078.92,0.8660254037844387,-0.4999999999999998,0,0,0,1.2246467991473532e-16,-1.0,0.0,0.0,0.0
2026-06-29 08:00:00,3029.5,2789.35,2817.46,3092.17,0.8314696123025451,-0.5555702330196023,0,0,0,1.2246467991473532e-16,-1.0,0.0,0.0,0.0
2026-06-29 08:15:00,3022.29,2818.7,2794.59,3050.56,0.7933533402912352,-0.6087614290087207,0,0,0,1.2246467991473532e-16,-1.0,0.0,0.0,0.0
2026-06-29 08:30:00,2980.99,2803.57,2750.51,3062.67,0.7518398074789774,-0.6593458151000688,0,0,0,1.2246467991473532e-16,-1.0,0.0,0.0,0.0
2026-06-29 08:45:00,2945.94,2812.13,2792.67,3013.62,0.7071067811865476,-0.7071067811865475,0,0,0,1.2246467991473532e-16,-1.0,0.0,0.0,0.0
2026-06-29 09:00:00,3016.32,2827.5,2818.96,3108.7,0.659345815100069,-0.7518398074789773,0,0,0,1.2246467991473532e-16,-1.0,0.0,0.0,0.0
2026-06-29 09:15:00,3027.74,2825.27,2866.25,3101.86,0.6087614290087209,-0.793353340291235,0,0,0,1.2246467991473532e-16,-1.0,0.0,0.0,0.0
2026-06-29 09:30:00,3058.59,2862.16,2903.29,3140.17,0.5555702330196025,-0.831469612302545,0,0,0,1.2246467991473532e-16,-1.0,0.0,0.0,0.0
2026-06-29 09:45:00,3130.97,2911.19,2898.54,3187.98,0.49999999999999994,-0.8660254037844387,0,0,0,1.2246467991473532e-16,-1.0,0.0,0.0,0.0
2026-06-29 10:00:00,3118.63,2948.8,2894.82,3199.1,0.4422886902190017,-0.8968727415326881,0,0,0,1.2246467991473532e-16,-1.0,0.0,0.0,0.0
2026-06-29 10:15:00,3167.81,2905.68,2941.43,3208.89,0.3826834323650899,-0.9238795325112867,0,0,0,1.2246467991473532e-16,-1.0,0.0,0.0,0.0
2026-06-29 10:30:00,3103.67,2924.08,2947.91,3240.66,0.32143946530316175,-0.9469301294951056,0,0,0,1.2246467991473532e-16,-1.0,0.0,0.0,0.0
2026-06-29 10:45:00,3118.28,2888.77,2967.24,3210.41,0.258819045102521,-0.9659258262890682,0,0,0,1.2246467991473532e-16,-1.0,0.0,0.0,0.0
2026-06-29 11:00:00,3174.45,2888.58,2936.54,3249.63,0.19509032201612816,-0.9807852804032304,0,0,0,1.2246467991473532e-16,-1.0,0.0,0.0,0.0
2026-06-29 11:15:00,3067.43,2903.23,2902.41,3143.9,0.130526192220052,-0.9914448613738104,0,0,0,1.2246467991473532e-16,-1.0,0.0,0.0,0.0
2026-06-29 11:30:00,3071.65,2927.06,2965.0,3153.98,0.06540312923014312,-0.9978589232386035,0,0,0,1.2246467991473532e-16,-1.0,0.0,0.0,0.0
2026-06-29 11:45:00,3090.28,2938.43,2955.48,3181.27,1.2246467991473532e-16,-1.0,0,0,0,1.2246467991473532e-16,-1.0,0.0,0.0,0.0
2026-06-29 12:00:00,3139.4,2916.23,2960.02,3220.15,-0.06540312923014287,-0.9978589232386035,0,0,0,1.2246467991473532e-16,-1.0,0.0,0.0,0.0
2026-06-29 12:15:00,3176.03,2966.67,3004.78,3220.55,-0.13052619222005177,-0.9914448613738104,0,0,0,1.2246467991473532e-16,-1.0,0.0,0.0,0.0
2026-06-29 12:30:00,3176.43,2976.44,2929.34,3268.77,-0.19509032201612792,-0.9807852804032305,0,0,0,1.2246467991473532e-16,-1.0,0.0,0.0,0.0
2026-06-29 12:45:00,3150.99,2968.21,2984.12,3211.07,-0.2588190451025208,-0.9659258262890683,0,0,0,1.2246467991473532e-16,-1.0,0.0,0.0,0.0
2026-06-29 13:00:00,3176.7,2889.2,2950.95,3216.2,-0.32143946530316153,-0.9469301294951057,0,0,0,1.2246467991473532e-16,-1.0,0.0,0.0,0.0
2026-06-29 13:15:00,3159.82,2965.75,2923.76,3260.74,-0.38268343236508967,-0.9238795325112868,0,0,0,1.2246467991473532e-16,-1.0,0.0,0.0,0.0
2026-06-29 13:30:00,3168.94,2976.57,3026.95,3289.98,-0.44228869021900147,-0.8968727415326883,0,0,0,1.2246467991473532e-16,-1.0,0.0,0.0,0.0
2026-06-29 13:45:00,3221.88,3011.43,3022.96,3352.02,-0.4999999999999997,-0.8660254037844388,0,0,0,1.2246467991473532e-16,-1.0,0.0,0.0,0.0
2026-06-29 14:00:00,3362.09,3076.35,3122.94,3450.87,-0.555570233019602,-0.8314696123025455,0,0,0,1.2246467991473532e-16,-1.0,0.0,0.0,0.0
2026-06-29 14:15:00,3392.9,3219.23,3194.06,3547.9,-0.6087614290087207,-0.7933533402912352,0,0,0,1.2246467991473532e-16,-1.0,0.0,0.0,0.0
2026-06-29 14:30:00,3501.65,3321.7,3346.99,3651.75,-0.6593458151000688,-0.7518398074789774,0,0,0,1.2246467991473532e-16,-1.0,0.0,0.0,0.0
2026-06-29 14:45:00,3579.32,3286.89,3366.4,3694.27,-0.7071067811865471,-0.7071067811865479,0,0,0,1.2246467991473532e-16,-1.0,0.0,0.0,0.0
2026-06-29 15:00:00,3645.28,3383.73,3407.15,3668.66,-0.7518398074789773,-0.6593458151000691,0,0,0,1.2246467991473532e-16,-1.0,0.0,0.0,0.0
2026-06-29 15:15:00,3617.92,3380.88,3394.74,3747.92,-0.7933533402912349,-0.6087614290087209,0,0,0,1.2246467991473532e-16,-1.0,0.0,0.0,0.0
2026-06-29 15:30:00,3680.32,3388.22,3405.97,3741.33,-0.8314696123025452,-0.5555702330196022,0,0,0,1.2246467991473532e-16,-1.0,0.0,0.0,0.0
2026-06-29 15:45:00,3688.08,3456.04,3469.77,3762.94,-0.8660254037844385,-0.5000000000000004,0,0,0,1.2246467991473532e-16,-1.0,0.0,0.0,0.0
2026-06-29 16:00:00,3719.69,3423.91,3442.13,3791.9,-0.8968727415326883,-0.44228869021900136,0,0,0,1.2246467991473532e-16,-1.0,0.0,0.0,0.0
2026-06-29 16:15:00,3651.78,3471.55,3488.87,3775.41,-0.9238795325112868,-0.3826834323650895,0,0,0,1.2246467991473532e-16,-1.0,0.0,0.0,0.0
2026-06-29 16:30:00,3749.0,3476.61,3446.36,3843.42,-0.9469301294951056,-0.3214394653031618,0,0,0,1.2246467991473532e-16,-1.0,0.0,0.0,0.0
2026-06-29 16:45:00,3692.62,3494.02,3537.11,3757.49,-0.9659258262890683,-0.25881904510252063,0,0,0,1.2246467991473532e-16,-1.0,0.0,0.0,0.0
2026-06-29 17:00:00,3635.48,3403.58,3512.83,3780.56,-0.9807852804032303,-0.19509032201612866,0,0,0,1.2246467991473532e-16,-1.0,0.0,0.0,0.0
2026-06-29 17:15:00,3648.02,3380.97,3426.44,3729.83,-0.9914448613738104,-0.13052619222005163,0,0,0,1.2246467991473532e-16,-1.0,0.0,0.0,0.0
2026-06-29 17:30:00,3628.8,3396.52,3406.11,3778.07,-0.9978589232386035,-0.06540312923014273,0,0,0,1.2246467991473532e-16,-1.0,0.0,0.0,0.0
2026-06-29 17:45:00,3607.92,3407.6,3386.85,3717.61,-1.0,-1.8369701987210297e-16,0,0,0,1.2246467991473532e-16,-1.0,0.0,0.0,0.0
2026-06-29 18:00:00,3612.1,3363.92,3417.03,3701.84,-0.9978589232386036,0.06540312923014237,0,0,0,1.2246467991473532e-16,-1.0,0.0,0.0,0.0
2026-06-29 18:15:00,3695.12,3380.21,3405.08,3734.09,-0.9914448613738105,0.13052619222005127,0,0,0,1.2246467991473532e-16,-1.0,0.0,0.0,0.0
2026-06-29 18:30:00,3824.9,3489.95,3593.09,3912.48,-0.9807852804032304,0.1950903220161283,0,0,0,1.2246467991473532e-16,-1.0,0.0,0.0,0.0
2026-06-29 18:45:00,3971.94,3688.17,3731.73,4102.47,-0.9659258262890684,0.2588190451025203,0,0,0,1.2246467991473532e-16,-1.0,0.0,0.0,0.0
2026-06-29 19:00:00,4132.1,3756.13,3814.02,4156.71,-0.9469301294951057,0.3214394653031615,0,0,0,1.2246467991473532e-16,-1.0,0.0,0.0,0.0
2026-06-29 19:15:00,4170.92,3850.4,3828.14,4180.31,-0.923879532511287,0.38268343236508917,0,0,0,1.2246467991473532e-16,-1.0,0.0,0.0,0.0
2026-06-29 19:30:00,4152.57,3811.85,3901.4,4175.97,-0.8968727415326884,0.442288690219001,0,0,0,1.2246467991473532e-16,-1.0,0.0,0.0,0.0
2026-06-29 19:45:00,4052.53,3833.59,3894.05,4181.28,-0.8660254037844386,0.5000000000000001,0,0,0,1.2246467991473532e-16,-1.0,0.0,0.0,0.0
2026-06-29 20:00:00,4105.52,3788.2,3839.69,4178.5,-0.8314696123025455,0.5555702330196018,0,0,0,1.2246467991473532e-16,-1.0,0.0,0.0,0.0
2026-06-29 20:15:00,4142.69,3795.29,3799.89,4208.72,-0.7933533402912357,0.6087614290087199,0,0,0,1.2246467991473532e-16,-1.0,0.0,0.0,0.0
2026-06-29 20:30:00,4088.74,3809.99,3799.99,4183.23,-0.7518398074789772,0.6593458151000691,0,0,0,1.2246467991473532e-16,-1.0,0.0,0.0,0.0
2026-06-29 20:45:00,4048.4,3825.85,3862.79,4187.26,-0.7071067811865477,0.7071067811865474,0,0,0,1.2246467991473532e-16,-1.0,0.0,0.0,0.0
2026-06-29 21:00:00,4063.22,3802.0,3847.91,4219.12,-0.6593458151000687,0.7518398074789775,0,0,0,1.2246467991473532e-16,-1.0,0.0,0.0,0.0
2026-06-29 21:15:00,4101.04,3897.84,3856.97,4200.19,-0.608761429008721,0.7933533402912349,0,0,0,1.2246467991473532e-16,-1.0,0.0,0.0,0.0
2026-06-29 21:30:00,4221.24,3885.49,3884.4,4273.59,-0.555570233019603,0.8314696123025447,0,0,0,1.2246467991473532e-16,-1.0,0.0,0.0,0.0
2026-06-29 21:45:00,4273.42,3945.21,4037.54,4377.16,-0.5000000000000004,0.8660254037844384,0,0,0,1.2246467991473532e-16,-1.0,0.0,0.0,0.0
2026-06-29 22:00:00,4278.23,4060.93,4034.3,4366.45,-0.4422886902190014,0.8968727415326883,0,0,0,1.2246467991473532e-16,-1.0,0.0,0.0,0.0
2026-06-29 22:15:00,4351.94,3961.72,4086.14,4471.42,-0.38268343236508956,0.9238795325112868,0,0,0,1.2246467991473532e-16,-1.0,0.0,0.0,0.0
2026-06-29 22:30:00,4235.96,3903.27,4027.39,4386.19,-0.32143946530316186,0.9469301294951056,0,0,0,1.2246467991473532e-16,-1.0,0.0,0.0,0.0
2026-06-29 22:45:00,4233.96,3929.54,3917.53,4364.6,-0.25881904510252157,0.9659258262890681,0,0,0,1.2246467991473532e-16,-1.0,0.0,0.0,0.0
2026-06-29 23:00:00,4247.9,3888.56,3962.18,4284.91,-0.19509032201612872,0.9807852804032303,0,0,0,1.2246467991473532e-16,-1.0,0.0,0.0,0.0
2026-06-29 23:15:00,4127.57,3827.26,3872.39,4202.57,-0.13052619222005168,0.9914448613738104,0,0,0,1.2246467991473532e-16,-1.0,0.0,0.0,0.0
2026-06-29 23:30:00,4129.33,3865.42,3869.51,4228.5,-0.0654031292301428,0.9978589232386035,0,0,0,1.2246467991473532e-16,-1.0,0.0,0.0,0.0
2026-06-29 23:45:00,4094.19,3849.83,3866.17,4228.06,-2.4492935982947064e-16,1.0,0,0,0,1.2246467991473532e-16,-1.0,0.0,0.0,0.0
2026-06-30 00:00:00,3944.34,4012.59,3685.58,4195.99,0.06540312923014306,0.9978589232386035,1,0,0,1.2246467991473532e-16,-1.0,0.0,0.0,0.0
2026-06-30 00:15:00,3943.8,3986.9,3625.05,4105.31,0.13052619222005157,0.9914448613738104,1,0,0,1.2246467991473532e-16,-1.0,0.0,0.0,0.0
2026-06-30 00:30:00,3827.44,3837.11,3589.16,4075.72,0.19509032201612825,0.9807852804032304,1,0,0,1.2246467991473532e-16,-1.0,0.0,0.0,0.0
2026-06-30 00:45:00,3749.54,3732.87,3493.07,3996.39,0.25881904510252074,0.9659258262890683,1,0,0,1.2246467991473532e-16,-1.0,0.0,0.0,0.0
2026-06-30 01:00:00,3644.41,3731.69,3455.78,3927.64,0.3214394653031616,0.9469301294951057,1,0,0,1.2246467991473532e-16,-1.0,0.0,0.0,0.0
2026-06-30 01:15:00,3659.37,3697.69,3467.01,3894.28,0.3826834323650898,0.9238795325112867,1,0,0,1.2246467991473532e-16,-1.0,0.0,0.0,0.0
2026-06-30 01:30:00,3542.31,3606.8,3315.2,3815.1,0.44228869021900125,0.8968727415326884,1,0,0,1.2246467991473532e-16,-1.0,0.0,0.0,0.0
2026-06-30 01:45:00,3472.05,3506.53,3281.06,3688.58,0.49999999999999994,0.8660254037844387,1,0,0,1.2246467991473532e-16,-1.0,0.0,0.0,0.0
2026-06-30 02:00:00,3495.21,3510.57,3244.96,3637.95,0.5555702330196022,0.8314696123025452,1,0,0,1.2246467991473532e-16,-1.0,0.0,0.0,0.0
2026-06-30 02:15:00,3410.01,3445.92,3228.79,3665.97,0.6087614290087207,0.7933533402912352,1,0,0,1.2246467991473532e-16,-1.0,0.0,0.0,0.0
2026-06-30 02:30:00,3340.22,3447.37,3224.86,3540.31,0.6593458151000688,0.7518398074789774,1,0,0,1.2246467991473532e-16,-1.0,0.0,0.0,0.0
2026-06-30 02:45:00,3327.74,3348.1,3156.41,3580.29,0.7071067811865476,0.7071067811865476,1,0,0,1.2246467991473532e-16,-1.0,0.0,0.0,0.0
2026-06-30 03:00:00,3296.81,3394.7,3141.22,3488.01,0.7518398074789774,0.6593458151000688,1,0,0,1.2246467991473532e-16,-1.0,0.0,0.0,0.0
2026-06-30 03:15:00,3237.9,3263.74,3111.07,3430.1,0.7933533402912352,0.6087614290087207,1,0,0,1.2246467991473532e-16,-1.0,0.0,0.0,0.0
2026-06-30 03:30:00,3286.97,3245.45,3031.79,3466.44,0.8314696123025451,0.5555702330196024,1,0,0,1.2246467991473532e-16,-1.0,0.0,0.0,0.0
2026-06-30 03:45:00,3173.71,3286.88,3071.43,3366.77,0.8660254037844386,0.5000000000000001,1,0,0,1.2246467991473532e-16,-1.0,0.0,0.0,0.0
2026-06-30 04:00:00,3219.32,3226.9,3003.13,3425.71,0.8968727415326884,0.44228869021900125,1,0,0,1.2246467991473532e-16,-1.0,0.0,0.0,0.0
2026-06-30 04:15:00,3190.52,3187.71,2969.55,3390.37,0.9238795325112867,0.38268343236508984,1,0,0,1.2246467991473532e-16,-1.0,0.0,0.0,0.0
2026-06-30 04:30:00,3142.38,3227.23,2979.9,3384.61,0.9469301294951056,0.3214394653031617,1,0,0,1.2246467991473532e-16,-1.0,0.0,0.0,0.0
2026-06-30 04:45:00,3149.36,3149.5,2991.47,3391.34,0.9659258262890683,0.25881904510252074,1,0,0,1.2246467991473532e-16,-1.0,0.0,0.0,0.0
2026-06-30 05:00:00,3187.18,3140.52,3003.97,3306.98,0.9807852804032304,0.19509032201612833,1,0,0,1.2246467991473532e-16,-1.0,0.0,0.0,0.0
2026-06-30 05:15:00,3157.88,3176.21,2946.7,3356.89,0.9914448613738104,0.1305261922200517,1,0,0,1.2246467991473532e-16,-1.0,0.0,0.0,0.0
2026-06-30 05:30:00,3175.74,3187.28,2932.37,3365.05,0.9978589232386035,0.06540312923014327,1,0,0,1.2246467991473532e-16,-1.0,0.0,0.0,0.0
2026-06-30 05:45:00,3185.48,3208.37,2969.3,3366.22,1.0,6.123233995736766e-17,1,0,0,1.2246467991473532e-16,-1.0,0.0,0.0,0.0
2026-06-30 06:00:00,3202.5,3260.16,2966.64,3401.85,0.9978589232386035,-0.06540312923014314,1,0,0,1.2246467991473532e-16,-1.0,0.0,0.0,0.0
2026-06-30 06:15:00,3216.03,3248.1,2986.08,3340.99,0.9914448613738104,-0.1305261922200516,1,0,0,1.2246467991473532e-16,-1.0,0.0,0.0,0.0
2026-06-30 06:30:00,3193.04,3198.27,2990.8,3382.96,0.9807852804032304,-0.1950903220161282,1,0,0,1.2246467991473532e-16,-1.0,0.0,0.0,0.0
2026-06-30 06:45:00,3145.11,3203.19,2940.82,3325.95,0.9659258262890683,-0.25881904510252063,1,0,0,1.2246467991473532e-16,-1.0,0.0,0.0,0.0
2026-06-30 07:00:00,3108.04,3177.98,2929.5,3339.3,0.9469301294951057,-0.3214394653031616,1,0,0,1.2246467991473532e-16,-1.0,0.0,0.0,0.0
2026-06-30 07:15:00,3088.38,3152.82,2940.44,3235.73,0.9238795325112868,-0.3826834323650895,1,0,0,1.2246467991473532e-16,-1.0,0.0,0.0,0.0
2026-06-30 07:30:00,3054.55,3091.19,2864.53,3260.46,0.8968727415326884,-0.44228869021900113,1,0,0,1.2246467991473532e-16,-1.0,0.0,0.0,0.0
2026-06-30 07:45:00,2989.7,3069.69,2838.72,3214.06,0.8660254037844387,-0.4999999999999998,1,0,0,1.2246467991473532e-16,-1.0,0.0,0.0,0.0
2026-06-30 08:00:00,2945.03,3029.5,2789.35,3196.08,0.8314696123025451,-0.5555702330196023,1,0,0,1.2246467991473532e-16,-1.0,0.0,0.0,0.0
2026-06-30 08:15:00,2952.7,3022.29,2818.7,3107.48,0.7933533402912352,-0.6087614290087207,1,0,0,1.2246467991473532e-16,-1.0,0.0,0.0,0.0
2026-06-30 08:30:00,2975.8,2980.99,2803.57,3101.32,0.7518398074789774,-0.6593458151000688,1,0,0,1.2246467991473532e-16,-1.0,0.0,0.0,0.0
2026-06-30 08:45:00,2944.52,2945.94,2812.13,3144.97,0.7071067811865476,-0.7071067811865475,1,0,0,1.2246467991473532e-16,-1.0,0.0,0.0,0.0
2026-06-30 09:00:00,2944.59,3016.32,2827.5,3132.95,0.659345815100069,-0.7518398074789773,1,0,0,1.2246467991473532e-16,-1.0,0.0,0.0,0.0
2026-06-30 09:15:00,3045.2,3027.74,2825.27,3221.87,0.6087614290087209,-0.793353340291235,1,0,0,1.2246467991473532e-16,-1.0,0.0,0.0,0.0
2026-06-30 09:30:00,3030.27,3058.59,2862.16,3213.16,0.5555702330196025,-0.831469612302545,1,0,0,1.2246467991473532e-16,-1.0,0.0,0.0,0.0
2026-06-30 09:45:00,3126.97,3130.97,2911.19,3242.05,0.49999999999999994,-0.8660254037844387,1,0,0,1.2246467991473532e-16,-1.0,0.0,0.0,0.0
2026-06-30 10:00:00,3095.29,3118.63,2948.8,3274.0,0.4422886902190017,-0.8968727415326881,1,0,0,1.2246467991473532e-16,-1.0,0.0,0.0,0.0
2026-06-30 10:15:00,3058.63,3167.81,2905.68,3296.7,0.3826834323650899,-0.9238795325112867,1,0,0,1.2246467991473532e-16,-1.0,0.0,0.0,0.0
2026-06-30 10:30:00,3071.22,3103.67,2924.08,3309.68,0.32143946530316175,-0.9469301294951056,1,0,0,1.2246467991473532e-16,-1.0,0.0,0.0,0.0
2026-06-30 10:45:00,3129.07,3118.28,2888.77,3317.21,0.258819045102521,-0.9659258262890682,1,0,0,1.2246467991473532e-16,-1.0,0.0,0.0,0.0
2026-06-30 11:00:00,3091.12,3174.45,2888.58,3252.85,0.19509032201612816,-0.9807852804032304,1,0,0,1.2246467991473532e-16,-1.0,0.0,0.0,0.0
2026-06-30 11:15:00,3034.88,3067.43,2903.23,3227.73,0.130526192220052,-0.9914448613738104,1,0,0,1.2246467991473532e-16,-1.0,0.0,0.0,0.0
2026-06-30 11:30:00,3127.48,3071.65,2927.06,3246.3,0.06540312923014312,-0.9978589232386035,1,0,0,1.2246467991473532e-16,-1.0,0.0,0.0,0.0
2026-06-30 11:45:00,3064.85,3090.28,2938.43,3330.93,1.2246467991473532e-16,-1.0,1,0,0,1.2246467991473532e-16,-1.0,0.0,0.0,0.0
2026-06-30 12:00:00,3093.28,3139.4,2916.23,3261.27,-0.06540312923014287,-0.9978589232386035,1,0,0,1.2246467991473532e-16,-1.0,0.0,0.0,0.0
2026-06-30 12:15:00,3082.26,3176.03,2966.67,3267.67,-0.13052619222005177,-0.9914448613738104,1,0,0,1.2246467991473532e-16,-1.0,0.0,0.0,0.0
2026-06-30 12:30:00,3107.47,3176.43,2976.44,3288.09,-0.19509032201612792,-0.9807852804032305,1,0,0,1.2246467991473532e-16,-1.0,0.0,0.0,0.0
2026-06-30 12:45:00,3127.97,3150.99,2968.21,3372.83,-0.2588190451025208,-0.9659258262890683,1,0,0,1.2246467991473532e-16,-1.0,0.0,0.0,0.0
2026-06-30 13:00:00,3093.58,3176.7,2889.2,3324.14,-0.32143946530316153,-0.9469301294951057,1,0,0,1.2246467991473532e-16,-1.0,0.0,0.0,0.0
2026-06-30 13:15:00,3107.77,3159.82,2965.75,3279.55,-0.38268343236508967,-0.9238795325112868,1,0,0,1.2246467991473532e-16,-1.0,0.0,0.0,0.0
2026-06-30 13:30:00,3130.53,3168.94,2976.57,3369.01,-0.44228869021900147,-0.8968727415326883,1,0,0,1.2246467991473532e-16,-1.0,0.0,0.0,0.0
2026-06-30 13:45:00,3225.08,3221.88,3011.43,3396.82,-0.4999999999999997,-0.8660254037844388,1,0,0,1.2246467991473532e-16,-1.0,0.0,0.0,0.0
2026-06-30 14:00:00,3312.29,3362.09,3076.35,3499.92,-0.555570233019602,-0.8314696123025455,1,0,0,1.2246467991473532e-16,-1.0,0.0,0.0,0.0
2026-06-30 14:15:00,3369.55,3392.9,3219.23,3626.04,-0.6087614290087207,-0.7933533402912352,1,0,0,1.2246467991473532e-16,-1.0,0.0,0.0,0.0
2026-06-30 14:30:00,3456.62,3501.65,3321.7,3701.45,-0.6593458151000688,-0.7518398074789774,1,0,0,1.2246467991473532e-16,-1.0,0.0,0.0,0.0
2026-06-30 14:45:00,3572.42,3579.32,3286.89,3765.57,-0.7071067811865471,-0.7071067811865479,1,0,0,1.2246467991473532e-16,-1.0,0.0,0.0,0.0
2026-06-30 15:00:00,3606.81,3645.28,3383.73,3792.08,-0.7518398074789773,-0.6593458151000691,1,0,0,1.2246467991473532e-16,-1.0,0.0,0.0,0.0
2026-06-30 15:15:00,3628.61,3617.92,3380.88,3843.0,-0.7933533402912349,-0.6087614290087209,1,0,0,1.2246467991473532e-16,-1.0,0.0,0.0,0.0
2026-06-30 15:30:00,3659.15,3680.32,3388.22,3918.85,-0.8314696123025452,-0.5555702330196022,1,0,0,1.2246467991473532e-16,-1.0,0.0,0.0,0.0
2026-06-30 15:45:00,3696.85,3688.08,3456.04,3869.09,-0.8660254037844385,-0.5000000000000004,1,0,0,1.2246467991473532e-16,-1.0,0.0,0.0,0.0
2026-06-30 16:00:00,3660.27,3719.69,3423.91,3898.62,-0.8968727415326883,-0.44228869021900136,1,0,0,1.2246467991473532e-16,-1.0,0.0,0.0,0.0
2026-06-30 16:15:00,3684.89,3651.78,3471.55,3890.39,-0.9238795325112868,-0.3826834323650895,1,0,0,1.2246467991473532e-16,-1.0,0.0,0.0,0.0
2026-06-30 16:30:00,3661.97,3749.0,3476.61,3890.39,-0.9469301294951056,-0.3214394653031618,1,0,0,1.2246467991473532e-16,-1.0,0.0,0.0,0.0
2026-06-30 16:45:00,3670.9,3692.62,3494.02,3936.71,-0.9659258262890683,-0.25881904510252063,1,0,0,1.2246467991473532e-16,-1.0,0.0,0.0,0.0
2026-06-30 17:00:00,3659.87,3635.48,3403.58,3864.92,-0.9807852804032303,-0.19509032201612866,1,0,0,1.2246467991473532e-16,-1.0,0.0,0.0,0.0
2026-06-30 17:15:00,3622.04,3648.02,3380.97,3912.72,-0.9914448613738104,-0.13052619222005163,1,0,0,1.2246467991473532e-16,-1.0,0.0,0.0,0.0
2026-06-30 17:30:00,3607.92,3628.8,3396.52,3798.47,-0.9978589232386035,-0.06540312923014273,1,0,0,1.2246467991473532e-16,-1.0,0.0,0.0,0.0
2026-06-30 17:45:00,3588.47,3607.92,3407.6,3811.64,-1.0,-1.8369701987210297e-16,1,0,0,1.2246467991473532e-16,-1.0,0.0,0.0,0.0
2026-06-30 18:00:00,3542.51,3612.1,3363.92,3782.78,-0.9978589232386036,0.06540312923014237,1,0,0,1.2246467991473532e-16,-1.0,0.0,0.0,0.0
2026-06-30 18:15:00,3621.62,3695.12,3380.21,3795.0,-0.9914448613738105,0.13052619222005127,1,0,0,1.2246467991473532e-16,-1.0,0.0,0.0,0.0
2026-06-30 18:30:00,3753.67,3824.9,3489.95,3914.4,-0.9807852804032304,0.1950903220161283,1,0,0,1.2246467991473532e-16,-1.0,0.0,0.0,0.0
2026-06-30 18:45:00,3945.86,3971.94,3688.17,4192.02,-0.9659258262890684,0.2588190451025203,1,0,0,1.2246467991473532e-16,-1.0,0.0,0.0,0.0
2026-06-30 19:00:00,3996.61,4132.1,3756.13,4343.83,-0.9469301294951057,0.3214394653031615,1,0,0,1.2246467991473532e-16,-1.0,0.0,0.0,0.0
2026-06-30 19:15:00,4039.78,4170.92,3850.4,4381.71,-0.923879532511287,0.38268343236508917,1,0,0,1.2246467991473532e-16,-1.0,0.0,0.0,0.0
2026-06-30 19:30:00,3998.97,4152.57,3811.85,4274.61,-0.8968727415326884,0.442288690219001,1,0,0,1.2246467991473532e-16,-1.0,0.0,0.0,0.0
2026-06-30 19:45:00,4106.02,4052.53,3833.59,4266.92,-0.8660254037844386,0.5000000000000001,1,0,0,1.2246467991473532e-16,-1.0,0.0,0.0,0.0
2026-06-30 20:00:00,4002.37,4105.52,3788.2,4248.3,-0.8314696123025455,0.5555702330196018,1,0,0,1.2246467991473532e-16,-1.0,0.0,0.0,0.0
2026-06-30 20:15:00,4054.89,4142.69,3795.29,4321.34,-0.7933533402912357,0.6087614290087199,1,0,0,1.2246467991473532e-16,-1.0,0.0,0.0,0.0
2026-06-30 20:30:00,3994.68,4088.74,3809.99,4312.92,-0.7518398074789772,0.6593458151000691,1,0,0,1.2246467991473532e-16,-1.0,0.0,0.0,0.0
2026-06-30 20:45:00,4012.55,4048.4,3825.85,4312.82,-0.7071067811865477,0.7071067811865474,1,0,0,1.2246467991473532e-16,-1.0,0.0,0.0,0.0
2026-06-30 21:00:00,4101.95,4063.22,3802.0,4301.31,-0.6593458151000687,0.7518398074789775,1,0,0,1.2246467991473532e-16,-1.0,0.0,0.0,0.0
2026-06-30 21:15:00,4096.17,4101.04,3897.84,4321.69,-0.608761429008721,0.7933533402912349,1,0,0,1.2246467991473532e-16,-1.0,0.0,0.0,0.0
2026-06-30 21:30:00,4166.28,4221.24,3885.49,4438.41,-0.555570233019603,0.8314696123025447,1,0,0,1.2246467991473532e-16,-1.0,0.0,0.0,0.0
2026-06-30 21:45:00,4226.73,4273.42,3945.21,4501.96,-0.5000000000000004,0.8660254037844384,1,0,0,1.2246467991473532e-16,-1.0,0.0,0.0,0.0
2026-06-30 22:00:00,4331.8,4278.23,4060.93,4503.32,-0.4422886902190014,0.8968727415326883,1,0,0,1.2246467991473532e-16,-1.0,0.0,0.0,0.0
2026-06-30 22:15:00,4254.27,4351.94,3961.72,4542.53,-0.38268343236508956,0.9238795325112868,1,0,0,1.2246467991473532e-16,-1.0,0.0,0.0,0.0
2026-06-30 22:30:00,4155.25,4235.96,3903.27,4463.65,-0.32143946530316186,0.9469301294951056,1,0,0,1.2246467991473532e-16,-1.0,0.0,0.0,0.0
2026-06-30 22:45:00,4157.71,4233.96,3929.54,4385.2,-0.25881904510252157,0.9659258262890681,1,0,0,1.2246467991473532e-16,-1.0,0.0,0.0,0.0
2026-06-30 23:00:00,4171.72,4247.9,3888.56,4410.28,-0.19509032201612872,0.9807852804032303,1,0,0,1.2246467991473532e-16,-1.0,0.0,0.0,0.0
2026-06-30 23:15:00,4174.12,4127.57,3827.26,4342.67,-0.13052619222005168,0.9914448613738104,1,0,0,1.2246467991473532e-16,-1.0,0.0,0.0,0.0
2026-06-30 23:30:00,4075.49,4129.33,3865.42,4402.57,-0.0654031292301428,0.9978589232386035,1,0,0,1.2246467991473532e-16,-1.0,0.0,0.0,0.0
2026-06-30 23:45:00,4036.1,4094.19,3849.83,4348.12,-2.4492935982947064e-16,1.0,1,0,0,1.2246467991473532e-16,-1.0,0.0,0.0,0.0
