ts_ist,Time,SYSTEM.KL_ISGS.ADD.MW,ISGS Average RATE/UNIT,SYSTEM.KER_LTA_NET.MES1.MW,LTA RATE/UNIT,SYSTEM.KER_MTOA_NET.MES1.MW,MTOA RATE/UNIT,SYSTEM.KER_PX_NET.MES1.MW,PX RATE/UNIT,SYSTEM.KER_RTM.MES1.MW,RTM RATE/UNIT,SYSTEM.KL_OTS.ADD.MW,OTS RATE/UNIT,SYSTEM.KL_REN.ADD.MW,REN RATE/UNIT,Total Scheduled Power,Actual Drawn,Total Scheduled Cost,Hydel total,Solar total,Wind total,Total Gen Internal,Internal RATE/UNIT,Total internal Gen Cost,Total Scheduled Generation,Total Demand with Actual Drawn,Max Demand,Scheduled Deviation,Actual Deviation,Total Cost,day,block
2025-05-05 00:00:00,2025-05-05 00:00:00,1397.98,3.2732,627.54,3.076,443.21,3.53,-4.8,4.0706,305.87,3.36702,0.0,6.2,60.42,2.8225,2830.22,2807.67,2312894.8633499998,1638.6000000000001,0.24,6.079999999999999,1644.92,1.238,509102.74000000005,4475.139999999999,4452.59,4477.38,-2.240000000000691,24.789999999999964,2821997.60335,2025-05-05,1
2025-05-05 00:15:00,2025-05-05 00:15:00,1398.23,3.2732,627.63,3.076,422.7,3.53,-4.8,4.00037,286.24,3.41493,0.0,6.2,60.06,2.8225,2790.06,2802.32,2281803.6133,1592.6400000000003,0.24,5.67,1598.5500000000004,1.238,494751.22500000015,4388.610000000001,4400.870000000001,4403.97,-15.359999999999673,3.0999999999994543,2776554.8383,2025-05-05,2
2025-05-05 00:30:00,2025-05-05 00:30:00,1398.23,3.2732,627.63,3.076,422.7,3.53,-4.8,3.96997,203.27,3.29014,0.0,6.2,37.84,2.8225,2684.87,2772.19,2188985.40445,1563.0800000000004,0.25,4.81,1568.1400000000003,1.238,485339.3300000001,4253.01,4340.33,4345.54,-92.52999999999975,5.210000000000036,2674324.73445,2025-05-05,3
2025-05-05 00:45:00,2025-05-05 00:45:00,1398.23,3.2732,627.63,3.076,422.7,3.53,-4.8,4.00029,143.2,2.9808499999999998,0.0,6.2,34.6,2.8225,2621.5599999999995,2696.36,2126180.5359999994,1545.8300000000002,0.25,0.6900000000000001,1546.7700000000002,1.238,478725.31500000006,4168.33,4243.13,4242.91,-74.57999999999993,-0.22000000000025466,2604905.8509999993,2025-05-05,4
2025-05-05 01:00:00,2025-05-05 01:00:00,1402.27,3.2732,627.63,3.076,422.7,3.53,-4.8,3.9365799999999997,138.7,2.40023,0.0,6.2,34.5,2.8225,2620.9999999999995,2624.24,2106005.90275,1538.3400000000004,0.24,0.14,1538.7200000000005,1.238,476233.84000000014,4159.72,4162.96,4167.46,-7.739999999999782,4.5,2582239.74275,2025-05-05,5
2025-05-05 01:15:00,2025-05-05 01:15:00,1402.58,3.2732,627.63,3.076,422.7,3.53,-4.8,3.61071,138.7,2.34911,0.0,6.2,34.5,2.8225,2621.3099999999995,2593.94,2104878.0337499995,1512.0900000000001,0.24,0.13999999999999999,1512.4700000000003,1.238,468109.4650000001,4133.78,4106.41,4109.08,24.699999999999818,2.6700000000000728,2572987.4987499993,2025-05-05,6
2025-05-05 01:30:00,2025-05-05 01:30:00,1402.58,3.2732,627.63,3.076,422.7,3.53,-4.8,3.5516900000000002,94.02,2.40041,0.0,6.2,59.49,2.8225,2601.6199999999994,2583.98,2097548.674299999,1463.53,0.24,0.9900000000000001,1464.76,1.238,453343.22,4066.379999999999,4048.74,4052.77,13.609999999999218,4.0300000000002,2550891.894299999,2025-05-05,7
2025-05-05 01:45:00,2025-05-05 01:45:00,1402.58,3.2732,627.63,3.076,422.7,3.53,-4.8,3.56096,90.43,2.3003,0.0,6.2,60.1,2.8225,2598.6399999999994,2560.69,2093550.37675,1409.31,0.25,11.750000000000002,1421.31,1.238,439895.445,4019.9499999999994,3982.0,3985.22,34.72999999999956,3.2199999999998,2533445.82175,2025-05-05,8
2025-05-05 02:00:00,2025-05-05 02:00:00,1400.94,3.2732,627.63,3.076,400.29,3.53,-4.8,3.5541,6.53,1.9407,0.0,6.2,58.61,2.8225,2489.2000000000003,2505.53,2022552.551,1410.7100000000003,0.24999999999999997,12.02,1422.9800000000002,1.238,440412.31000000006,3912.1800000000003,3928.51,3926.71,-14.529999999999745,-1.800000000000182,2462964.861,2025-05-05,9
2025-05-05 02:15:00,2025-05-05 02:15:00,1400.81,3.2732,627.63,3.076,398.57,3.53,-4.8,3.55462,47.98,1.9994,0.0,6.2,57.11,2.8225,2527.3,2464.19,2040683.82075,1404.2400000000005,0.24,5.38,1409.8600000000006,1.238,436351.67000000016,3937.1600000000008,3874.0500000000006,3872.18,64.98000000000093,-1.8700000000008004,2477035.49075,2025-05-05,10
2025-05-05 02:30:00,2025-05-05 02:30:00,1400.81,3.2732,627.63,3.076,398.57,3.53,-4.8,3.56704,142.11,2.49955,0.0,6.2,50.07,2.8225,2614.3900000000003,2621.38,2100521.276375,1184.0299999999997,0.24,7.0600000000000005,1191.3299999999997,1.238,368716.6349999999,3805.7200000000003,3812.71,3818.41,-12.6899999999996,5.699999999999818,2469237.9113749997,2025-05-05,11
2025-05-05 02:45:00,2025-05-05 02:45:00,1400.81,3.2732,627.63,3.076,398.57,3.53,-4.8,3.55125,138.7,2.30046,0.0,6.2,48.38,2.8225,2609.29,2616.67,2090313.4060000002,1135.31,0.24,5.920000000000001,1141.47,1.238,353284.965,3750.76,3758.1400000000003,3750.84,-0.07999999999992724,-7.300000000000182,2443598.3710000003,2025-05-05,12
2025-05-05 03:00:00,2025-05-05 03:00:00,1415.93,3.2732,994.31,3.076,31.89,3.53,-4.8,3.40997,112.06,2.64955,0.0,6.2,30.08,2.8225,2579.4699999999993,2582.14,2042783.2132500003,1111.75,0.24,3.35,1115.34,1.238,345197.73,3694.8099999999995,3697.4799999999996,3693.07,1.739999999999327,-4.4099999999994,2387980.9432500005,2025-05-05,13
2025-05-05 03:15:00,2025-05-05 03:15:00,1427.8,3.2732,1026.2,3.076,0.0,3.53,-4.8,3.40915,91.78,2.4998299999999998,0.0,6.2,27.1,2.8225,2568.08,2549.17,2029906.59685,1066.32,0.25,2.5100000000000002,1069.08,1.238,330880.25999999995,3637.16,3618.25,3617.06,20.09999999999991,-1.1900000000000546,2360786.85685,2025-05-05,14
2025-05-05 03:30:00,2025-05-05 03:30:00,1439.09,3.2732,1026.2,3.076,0.0,3.53,-4.8,3.34192,72.58,2.8494699999999997,0.0,6.2,10.36,2.8225,2543.43,2532.16,2021758.7511500001,1036.25,0.25,0.96,1037.46,1.238,321093.87,3580.89,3569.62,3566.94,13.949999999999818,-2.6799999999998363,2342852.62115,2025-05-05,15
2025-05-05 03:45:00,2025-05-05 03:45:00,1449.93,3.2732,1026.2,3.076,0.0,3.53,-4.8,3.34152,71.12,2.79915,0.0,6.2,9.0,2.8225,2551.45,2488.23,2027735.2070000002,1021.82,0.25,1.98,1024.05,1.238,316943.475,3575.5,3512.2799999999997,3510.06,65.44000000000005,-2.2199999999998,2344678.682,2025-05-05,16
2025-05-05 04:00:00,2025-05-05 04:00:00,1454.66,3.2732,1026.2,3.076,0.0,3.53,-4.8,3.3247199999999997,5.77,2.98068,0.0,6.2,9.0,2.8225,2490.83,2503.1,1986156.6699000003,920.33,0.25,1.81,922.39,1.238,285479.70499999996,3413.22,3425.49,3430.48,-17.26000000000022,4.9900000000002365,2271636.3749,2025-05-05,17
2025-05-05 04:15:00,2025-05-05 04:15:00,1455.04,3.2732,1026.2,3.076,0.0,3.53,-4.8,3.3244000000000002,0.0,3.05552,0.0,6.2,9.0,2.8225,2485.4399999999996,2526.27,1982168.377,864.7700000000001,0.25,3.72,868.7400000000001,1.238,268875.03,3354.18,3395.01,3396.17,-41.99000000000024,1.1599999999998545,2251043.407,2025-05-05,18
2025-05-05 04:30:00,2025-05-05 04:30:00,1455.04,3.2732,1026.2,3.076,0.0,3.53,-4.8,3.3242,0.0,3.2959899999999998,0.0,6.2,9.0,2.8225,2485.4399999999996,2510.81,1982168.6170000003,860.7500000000001,0.24,6.289999999999999,867.2800000000001,1.238,268423.16000000003,3352.72,3378.09,3384.6,-31.88000000000011,6.5099999999997635,2250591.7770000002,2025-05-05,19
2025-05-05 04:45:00,2025-05-05 04:45:00,1455.04,3.2732,1026.2,3.076,0.0,3.53,-4.8,3.3242399999999996,0.0,3.3219000000000003,0.0,6.2,9.0,2.8225,2485.4399999999996,2524.0,1982168.5690000001,801.7200000000001,0.24,6.25,808.2100000000002,1.238,250140.99500000002,3293.6499999999996,3332.21,3335.14,-41.49000000000024,2.9299999999998363,2232309.5640000002,2025-05-05,20
2025-05-05 05:00:00,2025-05-05 05:00:00,1455.04,3.2732,1026.2,3.076,0.0,3.53,-4.8,3.08082,0.0,2.62906,0.0,6.2,9.0,2.8225,2485.4399999999996,2528.7,1982460.6730000002,790.21,0.23,3.2800000000000002,793.72,1.238,245656.34,3279.16,3322.42,3324.17,-45.01000000000022,1.75,2228117.0130000003,2025-05-05,21
2025-05-05 05:15:00,2025-05-05 05:15:00,1455.04,3.2732,1026.2,3.076,0.0,3.53,-4.8,3.2717199999999997,10.87,2.98075,0.0,6.2,18.12,2.8225,2505.4299999999994,2531.68,1996767.081125,789.74,0.22000000000000003,3.8299999999999996,793.7900000000001,1.238,245678.005,3299.2199999999993,3325.47,3329.08,-29.860000000000582,3.6100000000001273,2242445.086125,2025-05-05,22
2025-05-05 05:30:00,2025-05-05 05:30:00,1455.04,3.2732,1026.2,3.076,0.0,3.53,-4.8,3.4001900000000003,42.16,2.85093,0.0,6.2,31.02,2.8225,2549.6199999999994,2580.9,2027664.0937,776.6899999999999,0.22000000000000003,6.41,783.3199999999999,1.238,242437.53999999998,3332.9399999999996,3364.2200000000003,3367.66,-34.720000000000255,3.4399999999996,2270101.6337,2025-05-05,23
2025-05-05 05:45:00,2025-05-05 05:45:00,1456.73,3.2732,1026.2,3.076,0.0,3.53,-4.8,3.43753,42.16,2.77397,0.0,6.2,29.07,2.8225,2549.36,2552.9,2026815.0855500002,841.32,0.22999999999999998,2.93,844.48,1.238,261366.56,3393.84,3397.38,3397.96,-4.119999999999891,0.5799999999999272,2288181.64555,2025-05-05,24
2025-05-05 06:00:00,2025-05-05 06:00:00,1459.99,3.2732,654.64,3.076,371.56,3.53,-0.87,3.93007,55.14,3.0940700000000003,0.0,6.2,40.09,2.8225,2580.55,2573.56,2096115.147975,871.42,0.24,1.53,873.1899999999999,1.238,270252.305,3453.7400000000002,3446.75,3448.95,4.790000000000418,2.199999999999818,2366367.4529750003,2025-05-05,25
2025-05-05 06:15:00,2025-05-05 06:15:00,1467.14,3.2732,627.63,3.076,398.57,3.53,19.33,3.65,44.44,3.10573,0.0,6.2,44.3,2.8225,2601.4100000000003,2597.2,2118348.6298,872.4,2.34,1.58,876.32,1.238,271221.04000000004,3477.7300000000005,3473.52,3476.21,1.5200000000004366,2.6900000000000546,2389569.6698000003,2025-05-05,26
2025-05-05 06:30:00,2025-05-05 06:30:00,1470.85,3.2732,627.63,3.076,398.57,3.53,26.46,3.51027,89.43,2.98082,0.0,6.2,49.37,2.8225,2662.31,2588.84,2162682.87545,887.7299999999999,7.890000000000001,1.3,896.9199999999998,1.238,277596.73999999993,3559.2299999999996,3485.76,3486.14,73.08999999999969,0.3799999999996544,2440279.61545,2025-05-05,27
2025-05-05 06:45:00,2025-05-05 06:45:00,1471.12,3.2732,627.63,3.076,398.57,3.53,48.77,3.42202,75.15,2.62912,0.0,6.2,58.68,2.8225,2679.92,2670.35,2170726.63685,827.1899999999999,13.82,0.88,841.89,1.238,260564.955,3521.81,3512.24,3515.68,6.130000000000109,3.4400000000000546,2431291.59185,2025-05-05,28
2025-05-05 07:00:00,2025-05-05 07:00:00,1469.82,3.2732,627.63,3.076,398.57,3.53,67.73,3.1889600000000002,96.87,2.49932,0.0,6.2,66.92,2.8225,2727.54,2674.3,2198883.9733,813.8600000000001,18.85,1.0,833.7100000000002,1.238,258033.24500000002,3561.25,3508.01,3504.97,56.2800000000002,-3.0400000000004184,2456917.2183000003,2025-05-05,29
2025-05-05 07:15:00,2025-05-05 07:15:00,1469.71,3.2732,627.63,3.076,398.57,3.53,74.22,2.9482399999999997,93.83,2.266,0.0,6.2,85.97,2.8225,2749.93,2652.71,2205571.05745,813.49,27.4,0.31000000000000005,841.1999999999999,1.238,260351.39999999997,3591.1299999999997,3493.91,3490.98,100.14999999999964,-2.9299999999998363,2465922.45745,2025-05-05,30
2025-05-05 07:30:00,2025-05-05 07:30:00,1467.86,3.2732,627.63,3.076,398.57,3.53,75.85,2.7506399999999998,93.45,1.9952999999999999,0.0,6.2,99.34,2.8225,2762.7,2779.35,2204406.32775,641.62,38.279999999999994,0.05,679.9499999999999,1.238,210444.52499999997,3442.6499999999996,3459.2999999999997,3461.86,-19.21000000000049,2.5600000000004,2414850.85275,2025-05-05,31
2025-05-05 07:45:00,2025-05-05 07:45:00,1467.68,3.2732,627.63,3.076,398.57,3.53,75.88,2.39623,93.45,1.79721,0.0,6.2,120.66,2.8225,2783.87,2742.31,2207972.5532250004,644.08,55.7,0.12,699.9000000000001,1.238,216619.05000000002,3483.77,3442.21,3440.71,43.059999999999945,-1.5,2424591.603225,2025-05-05,32
2025-05-05 08:00:00,2025-05-05 08:00:00,1445.54,3.2732,627.63,3.076,398.57,3.53,58.78,1.99944,62.9,1.7669000000000001,51.08,6.2,145.35,2.8225,2789.8500000000004,2745.12,2256173.74405,642.45,68.23,0.12,710.8000000000001,1.238,219992.6,3500.6500000000005,3455.92,3452.78,47.870000000000346,-3.1399999999998727,2476166.34405,2025-05-05,33
2025-05-05 08:15:00,2025-05-05 08:15:00,1418.52,3.2732,627.63,3.076,398.57,3.53,49.99,1.9996099999999999,59.96,1.9758900000000001,62.88,6.2,172.21,2.8225,2789.76,2764.53,2268748.8093250003,633.52,79.84,0.1,713.46,1.238,220815.87000000002,3503.2200000000003,3477.9900000000002,3479.82,23.40000000000009,1.8299999999999272,2489564.6793250004,2025-05-05,34
2025-05-05 08:30:00,2025-05-05 08:30:00,1349.17,3.2732,627.63,3.076,398.57,3.53,49.42,1.80452,59.96,2.02135,63.96,6.2,200.31,2.8225,2749.0200000000004,2766.52,2231487.9308500006,624.07,94.02000000000001,0.21999999999999997,718.3100000000001,1.238,222316.945,3467.3300000000004,3484.83,3486.59,-19.259999999999764,1.7600000000002183,2453804.8758500004,2025-05-05,35
2025-05-05 08:45:00,2025-05-05 08:45:00,1328.54,3.2732,627.63,3.076,398.57,3.53,31.15,1.79402,59.96,2.0355,82.0,6.2,215.73,2.8225,2743.5800000000004,2802.58,2245337.334,587.37,106.89999999999999,0.2,694.47,1.238,214938.465,3438.05,3497.05,3506.4,-68.34999999999991,9.349999999999909,2460275.7989999996,2025-05-05,36
2025-05-05 09:00:00,2025-05-05 09:00:00,1132.95,3.2732,627.63,3.076,398.57,3.53,32.06,1.75708,122.58,2.27536,83.85,6.2,241.84,2.8225,2639.48,2806.04,2145905.7334000003,614.54,120.23,0.12000000000000001,734.89,1.238,227448.455,3374.37,3540.93,3546.37,-172.0,5.440000000000055,2373354.1884000003,2025-05-05,37
2025-05-05 09:15:00,2025-05-05 09:15:00,1075.3,3.2732,627.63,3.076,398.57,3.53,32.24,1.76633,178.22,2.51032,84.07,6.2,262.9,2.8225,2658.93,2879.38,2156204.7249,587.71,132.35000000000002,0.09,720.1500000000001,1.238,222886.42500000002,3379.08,3599.53,3604.39,-225.30999999999995,4.859999999999673,2379091.1498999996,2025-05-05,38
2025-05-05 09:30:00,2025-05-05 09:30:00,1072.12,3.2732,627.63,3.076,398.57,3.53,27.76,1.69951,24.46,2.52573,84.35,6.2,318.26,2.8225,2553.1500000000005,2838.02,2094255.4418499998,637.12,143.40999999999997,0.09,780.62,1.238,241601.88999999998,3333.7700000000004,3618.64,3615.37,-281.59999999999945,-3.269999999999982,2335857.3318499997,2025-05-05,39
2025-05-05 09:45:00,2025-05-05 09:45:00,1073.35,3.2732,627.63,3.076,398.57,3.53,28.31,1.6996600000000002,101.24,2.07664,84.28,6.2,349.43,2.8225,2662.81,2687.64,2154497.4458000003,788.07,148.97000000000003,0.09,937.1300000000001,1.238,290041.73500000004,3599.94,3624.77,3640.08,-40.13999999999987,15.309999999999945,2444539.1808,2025-05-05,40
2025-05-05 10:00:00,2025-05-05 10:00:00,1072.5,3.2732,627.63,3.076,398.57,3.53,26.67,1.69922,66.13,2.0769499999999996,84.54,6.2,398.08,2.8225,2674.1200000000003,2850.98,2169611.170225,627.89,163.67000000000002,0.09,791.65,1.238,245015.675,3465.7700000000004,3642.63,3643.65,-177.87999999999965,1.0199999999999818,2414626.845225,2025-05-05,41
2025-05-05 10:15:00,2025-05-05 10:15:00,1075.01,3.2732,627.63,3.076,398.57,3.53,28.32,1.71973,62.85,2.02559,84.47,6.2,426.23,2.8225,2703.08,2772.26,2189755.9930249997,711.67,173.94000000000003,0.09,885.7,1.238,274124.14999999997,3588.7799999999997,3657.96,3667.17,-78.39000000000033,9.210000000000036,2463880.1430249996,2025-05-05,42
2025-05-05 10:30:00,2025-05-05 10:30:00,1076.72,3.2732,627.63,3.076,398.57,3.53,29.37,1.6996600000000002,63.75,2.03533,84.92,6.2,451.08,2.8225,2732.04,2777.96,2210302.621425,718.36,177.54,0.09,895.99,1.238,277308.90499999997,3628.0299999999997,3673.95,3679.21,-51.18000000000029,5.260000000000218,2487611.526425,2025-05-05,43
2025-05-05 10:45:00,2025-05-05 10:45:00,1077.46,3.2732,627.63,3.076,398.57,3.53,31.23,1.6996300000000002,65.44,2.01099,84.59,6.2,462.98,2.8225,2747.9000000000005,2765.3,2220045.4331250004,722.13,177.87,0.09,900.09,1.238,278577.855,3647.9900000000007,3665.3900000000003,3671.19,-23.199999999999363,5.799999999999727,2498623.2881250004,2025-05-05,44
2025-05-05 11:00:00,2025-05-05 11:00:00,1078.14,3.2732,627.63,3.076,398.57,3.53,32.26,1.67442,305.62,1.7666300000000001,85.1,6.2,464.29,2.8225,2991.61,2755.3,2324630.6507,715.3100000000002,180.30999999999997,0.09,895.7100000000002,1.238,277222.24500000005,3887.32,3651.01,3664.77,222.55000000000018,13.759999999999764,2601852.8957,2025-05-05,45
2025-05-05 11:15:00,2025-05-05 11:15:00,1078.82,3.2732,627.63,3.076,398.57,3.53,32.33,1.64317,342.87,1.77575,85.23,6.2,460.53,2.8225,3025.9799999999996,2932.4,2339745.6544000003,502.36,180.4,0.09,682.85,1.238,211342.07499999998,3708.8299999999995,3615.25,3633.41,75.41999999999962,18.159999999999854,2551087.7294000005,2025-05-05,46
2025-05-05 11:30:00,2025-05-05 11:30:00,1079.5,3.2732,627.63,3.076,398.57,3.53,32.33,1.6439300000000001,308.42,1.4995399999999999,85.15,6.2,472.76,2.8225,3004.3600000000006,2977.79,2312223.215925,492.44000000000005,175.25,0.1,667.7900000000001,1.238,206681.00500000003,3672.1500000000005,3645.58,3654.61,17.54000000000042,9.0300000000002,2518904.220925,2025-05-05,47
2025-05-05 11:45:00,2025-05-05 11:45:00,1080.18,3.2732,627.63,3.076,398.57,3.53,32.33,1.67432,305.63,1.7663499999999999,85.41,6.2,478.87,2.8225,3008.62,2960.58,2337080.011775,515.64,192.97,0.060000000000000005,708.67,1.238,219333.365,3717.29,3669.25,3679.09,38.19999999999982,9.840000000000146,2556413.3767750002,2025-05-05,48
2025-05-05 12:00:00,2025-05-05 12:00:00,1080.85,3.2732,627.63,3.076,398.57,3.53,31.88,1.67603,215.78,1.92144,84.35,6.2,413.2,2.8225,2852.26,2970.28,2258161.8399,530.5500000000001,197.44,0.05,728.04,1.238,225328.37999999998,3580.3,3698.32,3708.19,-127.88999999999987,9.86999999999989,2483490.2199,2025-05-05,49
2025-05-05 12:15:00,2025-05-05 12:15:00,1081.54,3.2732,627.63,3.076,398.57,3.53,31.85,1.67648,208.9,1.98023,84.18,6.2,409.75,2.8225,2842.42,2984.81,2255785.0045,569.8399999999999,194.19000000000003,0.1,764.13,1.238,236498.235,3606.55,3748.94,3757.72,-151.16999999999962,8.779999999999745,2492283.2394999997,2025-05-05,50
2025-05-05 12:30:00,2025-05-05 12:30:00,1049.86,3.2732,627.63,3.076,398.57,3.53,28.32,1.6763800000000002,295.61,1.7948,84.09,6.2,431.37,2.8225,2915.4500000000003,3017.74,2272719.8666499997,555.98,191.45999999999998,0.39,747.83,1.238,231453.385,3663.28,3765.5699999999997,3781.62,-118.33999999999969,16.050000000000182,2504173.25165,2025-05-05,51
2025-05-05 12:45:00,2025-05-05 12:45:00,1024.71,3.2732,627.63,3.076,398.57,3.53,31.56,1.67642,303.54,1.79751,83.36,6.2,447.92,2.8225,2917.2900000000004,3052.05,2267808.23815,526.28,203.13,0.7100000000000001,730.12,1.238,225972.13999999998,3647.4100000000003,3782.17,3791.92,-144.50999999999976,9.75,2493780.3781500002,2025-05-05,52
2025-05-05 13:00:00,2025-05-05 13:00:00,1025.06,3.2732,627.63,3.076,398.57,3.53,32.48,1.67452,168.64,1.5997000000000001,84.2,6.2,454.54,2.8225,2791.12,3114.65,2205477.3349,460.04999999999995,200.07999999999998,1.3099999999999998,661.4399999999998,1.238,204715.67999999993,3452.5599999999995,3776.09,3792.38,-339.8200000000006,16.289999999999964,2410193.0149,2025-05-05,53
2025-05-05 13:15:00,2025-05-05 13:15:00,1024.44,3.2732,627.63,3.076,398.57,3.53,32.53,1.6740599999999999,158.31,1.79474,83.73,6.2,459.1,2.8225,2784.3100000000004,3146.42,2211064.2998,454.62000000000006,197.42,2.21,654.2500000000001,1.238,202490.37500000003,3438.5600000000004,3800.67,3808.68,-370.11999999999944,8.009999999999764,2413554.6748,2025-05-05,54
2025-05-05 13:30:00,2025-05-05 13:30:00,1029.89,3.2732,658.73,3.076,398.57,3.53,32.53,1.67485,129.51,1.99526,83.34,6.2,439.98,2.8225,2772.5500000000006,2775.19,2218920.517775,882.0100000000001,185.9,3.33,1071.24,1.238,331548.78,3843.790000000001,3846.4300000000003,3846.7,-2.909999999998945,0.26999999999952706,2550469.2977750003,2025-05-05,55
2025-05-05 13:45:00,2025-05-05 13:45:00,1046.85,3.2732,679.76,3.076,398.57,3.53,50.6,1.67631,21.03,2.4993000000000003,65.97,6.2,418.58,2.8225,2681.3599999999997,2785.64,2163070.22375,933.4000000000001,173.95999999999998,4.82,1112.18,1.238,344219.71,3793.54,3897.8199999999997,3908.11,-114.57000000000016,10.290000000000418,2507289.93375,2025-05-05,56
2025-05-05 14:00:00,2025-05-05 14:00:00,1128.64,3.2732,679.76,3.076,398.57,3.53,79.04,1.9990899999999998,11.38,2.81014,34.99,6.2,365.52,2.8225,2697.9,2803.43,2157690.9937,980.3699999999999,180.39000000000001,4.22,1164.98,1.238,360561.31,3862.88,3968.41,3979.82,-116.94000000000005,11.41000000000031,2518252.3037,2025-05-05,57
2025-05-05 14:15:00,2025-05-05 14:15:00,1175.56,3.2732,679.76,3.076,398.57,3.53,81.27,1.99947,11.2,2.64925,32.47,6.2,353.1,2.8225,2731.9299999999994,2786.22,2183961.032225,1060.62,180.68000000000004,4.16,1245.46,1.238,385469.87,3977.3899999999994,4031.68,4043.8,-66.41000000000076,12.120000000000346,2569430.9022250003,2025-05-05,58
2025-05-05 14:30:00,2025-05-05 14:30:00,1253.28,3.2732,679.76,3.076,398.57,3.53,81.27,1.99999,12.57,2.50058,32.08,6.2,339.27,2.8225,2796.8,2837.36,2237646.752225,1078.67,176.78,5.22,1260.67,1.238,390177.365,4057.4700000000003,4098.030000000001,4106.61,-49.13999999999942,8.579999999999018,2627824.1172249997,2025-05-05,59
2025-05-05 14:45:00,2025-05-05 14:45:00,1293.04,3.2732,679.76,3.076,398.57,3.53,81.27,2.0003699999999998,13.52,2.59427,31.85,6.2,319.05,2.8225,2817.06,2867.04,2256476.4033250003,1085.5,174.79000000000002,5.4399999999999995,1265.73,1.238,391743.435,4082.79,4132.77,4142.84,-60.05000000000018,10.069999999999709,2648219.8383250004,2025-05-05,60
2025-05-05 15:00:00,2025-05-05 15:00:00,1348.47,3.2732,679.76,3.076,398.57,3.53,52.61,2.39682,129.95,1.79436,33.56,6.2,305.81,2.8225,2948.73,2942.46,2335550.0928,1086.5000000000002,152.42000000000002,5.25,1244.1700000000003,1.238,385070.6150000001,4192.900000000001,4186.63,4201.72,-8.819999999999709,15.090000000000146,2720620.7078000004,2025-05-05,61
2025-05-05 15:15:00,2025-05-05 15:15:00,1358.47,3.2732,679.76,3.076,398.57,3.53,49.24,2.4004499999999998,137.64,1.9957,33.52,6.2,298.28,2.8225,2955.4799999999996,2938.84,2346760.8675000006,1136.4899999999998,130.07999999999998,8.0,1274.5699999999997,1.238,394479.4149999999,4230.049999999999,4213.41,4226.28,3.769999999999527,12.86999999999989,2741240.2825000007,2025-05-05,62
2025-05-05 15:30:00,2025-05-05 15:30:00,1370.42,3.2732,679.76,3.076,398.57,3.53,50.81,2.80065,62.07,2.98074,30.35,6.2,284.82,2.8225,2876.8000000000006,2897.66,2325735.6530750003,1179.43,119.58,7.42,1306.43,1.238,404340.085,4183.2300000000005,4204.09,4209.48,-26.24999999999909,5.389999999999418,2730075.7380750002,2025-05-05,63
2025-05-05 15:45:00,2025-05-05 15:45:00,1388.8,3.2732,679.76,3.076,398.57,3.53,55.09,2.8490100000000003,11.4,3.10501,29.0,6.2,263.27,2.8225,2825.8900000000003,2879.49,2289735.667475,1208.8800000000003,112.43,8.559999999999999,1329.8700000000003,1.238,411594.76500000013,4155.76,4209.360000000001,4218.7,-62.9399999999996,9.339999999999236,2701330.432475,2025-05-05,64
2025-05-05 16:00:00,2025-05-05 16:00:00,1405.41,3.2732,679.76,3.076,694.47,3.53,65.89,2.90283,11.4,2.80387,18.75,6.2,273.94,2.8225,3149.6200000000003,3097.93,2563821.527175,1000.5,105.56,9.41,1115.47,1.238,345237.965,4265.09,4213.4,4231.21,33.88000000000011,17.8100000000004,2909059.492175,2025-05-05,65
2025-05-05 16:15:00,2025-05-05 16:15:00,1426.1,3.2732,679.76,3.076,717.12,3.53,69.02,3.15046,18.45,2.43,10.8,6.2,254.42,2.8225,3175.6699999999996,3188.06,2584406.1448,948.7399999999999,95.05,9.94,1053.73,1.238,326129.435,4229.4,4241.79,4249.18,-19.780000000000655,7.390000000000327,2910535.5798,2025-05-05,66
2025-05-05 16:30:00,2025-05-05 16:30:00,1452.34,3.2732,679.76,3.076,717.12,3.53,73.69,3.20098,135.73,1.79763,6.91,6.2,270.75,2.8225,3336.2999999999997,3330.07,2665770.264775,806.0000000000001,80.62,9.48,896.1000000000001,1.238,277342.95,4232.4,4226.17,4236.49,-4.0900000000001455,10.319999999999709,2943113.2147750002,2025-05-05,67
2025-05-05 16:45:00,2025-05-05 16:45:00,1454.17,3.2732,679.76,3.076,717.12,3.53,75.83,3.2004200000000003,147.2,1.79727,3.97,6.2,245.17,2.8225,3323.22,3337.43,2651504.2304000002,809.19,67.72,10.450000000000001,887.3600000000001,1.238,274637.92000000004,4210.58,4224.79,4234.18,-23.600000000000364,9.390000000000327,2926142.1504,2025-05-05,68
2025-05-05 17:00:00,2025-05-05 17:00:00,1452.31,3.2732,679.76,3.076,717.12,3.53,73.11,3.30083,148.3,2.0998200000000002,4.75,6.2,222.74,2.8225,3298.09,3317.09,2646734.2723250003,804.89,51.53,10.55,866.9699999999999,1.238,268327.21499999997,4165.06,4184.06,4187.74,-22.67999999999938,3.6799999999993815,2915061.487325,2025-05-05,69
2025-05-05 17:15:00,2025-05-05 17:15:00,1452.16,3.2732,679.76,3.076,717.12,3.53,72.69,3.42212,59.56,2.9034899999999997,2.13,6.2,197.27,2.8225,3180.69,3205.73,2591817.9535499997,921.55,36.39,7.46,965.4,1.238,298791.3,4146.09,4171.13,4175.48,-29.389999999999418,4.349999999999454,2890609.2535499996,2025-05-05,70
2025-05-05 17:30:00,2025-05-05 17:30:00,1452.16,3.2732,679.76,3.076,717.12,3.53,74.19,3.4227600000000002,6.3,3.39094,0.16,6.2,161.07,2.8225,3090.76,3162.58,2526623.7583500007,958.6900000000002,29.46,5.76,993.9100000000002,1.238,307615.145,4084.6700000000005,4156.49,4171.19,-86.51999999999907,14.699999999999818,2834238.9033500007,2025-05-05,71
2025-05-05 17:45:00,2025-05-05 17:45:00,1452.16,3.2732,679.76,3.076,717.12,3.53,56.19,3.4998899999999997,16.7,3.4225700000000003,0.0,6.2,127.24,2.8225,3049.1699999999996,3224.3,2497134.0275249993,892.2900000000002,20.82,6.89,920.0000000000002,1.238,284740.00000000006,3969.17,4144.3,4170.96,-201.78999999999996,26.659999999999854,2781874.0275249993,2025-05-05,72
2025-05-05 18:00:00,2025-05-05 18:00:00,1454.01,3.2732,679.76,3.076,672.29,3.53,97.62,3.54961,11.47,3.00067,15.69,6.2,104.56,2.8225,3035.3999999999996,3346.81,2499180.051275,773.0699999999999,11.999999999999998,7.710000000000001,792.78,1.238,245365.41,3828.1799999999994,4139.59,4159.61,-331.4300000000003,20.019999999999527,2744545.461275,2025-05-05,73
2025-05-05 18:15:00,2025-05-05 18:15:00,1455.07,3.2732,679.76,3.076,668.86,3.53,106.8,3.69266,13.84,3.0946100000000003,8.12,6.2,81.19,2.8225,3013.6400000000003,3257.46,2482865.23735,905.41,5.6499999999999995,6.739999999999999,917.8,1.238,284059.1,3931.4400000000005,4175.26,4190.41,-258.96999999999935,15.149999999999636,2766924.33735,2025-05-05,74
2025-05-05 18:30:00,2025-05-05 18:30:00,1458.38,3.2732,679.76,3.076,668.86,3.53,108.62,3.93004,11.38,2.50041,2.32,6.2,69.0,2.8225,2998.3200000000006,3175.0,2472514.77165,1127.65,1.24,6.63,1135.5200000000002,1.238,351443.44000000006,4133.840000000001,4310.52,4362.7,-228.85999999999876,52.17999999999938,2823958.21165,2025-05-05,75
2025-05-05 18:45:00,2025-05-05 18:45:00,1461.47,3.2732,679.76,3.076,668.86,3.53,111.38,3.8406700000000003,37.78,3.25019,1.93,6.2,52.65,2.8225,3013.8300000000004,3093.7,2486709.44795,1442.7000000000003,0.33999999999999997,7.729999999999999,1450.7700000000002,1.238,449013.31500000006,4464.6,4544.47,4593.47,-128.8699999999999,49.0,2935722.76295,2025-05-05,76
2025-05-05 19:00:00,2025-05-05 19:00:00,1462.68,3.2732,679.76,3.076,668.86,3.53,70.68,4.5828500000000005,225.47,4.15085,0.14,6.2,47.7,2.8225,3155.2899999999995,3203.17,2658742.743375001,1432.54,0.26,7.59,1440.3899999999999,1.238,445800.70499999996,4595.679999999999,4643.5599999999995,4703.29,-107.61000000000058,59.73000000000047,3104543.448375001,2025-05-05,77
2025-05-05 19:15:00,2025-05-05 19:15:00,1462.82,3.2732,679.76,3.076,668.86,3.53,67.51,5.200939999999999,239.66,3.97094,0.0,6.2,48.8,2.8225,3167.4100000000003,3189.09,2670162.2309499998,1474.8200000000002,0.24,8.1,1483.16,1.238,459038.02,4650.570000000001,4672.25,4719.2,-68.6299999999992,46.94999999999982,3129200.25095,2025-05-05,78
2025-05-05 19:30:00,2025-05-05 19:30:00,1462.83,3.2732,679.76,3.076,690.64,3.53,26.68,6.70053,266.4,3.4736100000000003,0.0,6.2,54.44,2.8225,3180.75,3150.09,2643708.2151,1487.8700000000001,0.21000000000000002,10.41,1498.4900000000002,1.238,463782.6550000001,4679.24,4648.58,4699.55,-20.3100000000004,50.970000000000255,3107490.8701000004,2025-05-05,79
2025-05-05 19:45:00,2025-05-05 19:45:00,1462.83,3.2732,679.76,3.076,692.45,3.53,-215.55,9.90957,457.75,4.2506,0.0,6.2,58.22,2.8225,3135.4599999999996,3142.96,2324363.9256249997,1494.42,0.21000000000000002,11.09,1505.72,1.238,466020.33999999997,4641.179999999999,4648.68,4700.94,-59.76000000000022,52.25999999999931,2790384.2656249995,2025-05-05,80
2025-05-05 20:00:00,2025-05-05 20:00:00,1462.83,3.2732,679.76,3.076,692.45,3.53,-299.09,10.0,581.06,3.4994,0.0,6.2,58.78,2.8225,3175.79,3163.38,2132948.3325,1448.88,0.21000000000000002,9.79,1458.88,1.238,451523.36000000004,4634.67,4622.26,4673.6,-38.93000000000029,51.340000000000146,2584471.6925,2025-05-05,81
2025-05-05 20:15:00,2025-05-05 20:15:00,1463.99,3.2732,679.76,3.076,692.45,3.53,-304.8,10.0,598.47,3.41477,0.0,6.2,56.86,2.8225,3186.73,3168.55,2120836.7699749996,1426.1899999999998,0.21000000000000002,9.11,1435.5099999999998,1.238,444290.345,4622.24,4604.0599999999995,4659.02,-36.780000000000655,54.960000000000946,2565127.114975,2025-05-05,82
2025-05-05 20:30:00,2025-05-05 20:30:00,1464.18,3.2732,679.76,3.076,692.45,3.53,-304.8,10.0,606.38,2.34985,0.0,6.2,55.03,2.8225,3193.0000000000005,3072.47,1965017.1135000002,1498.37,0.21000000000000002,10.21,1508.79,1.238,466970.505,4701.790000000001,4581.26,4629.73,72.06000000000131,48.469999999999345,2431987.6185000003,2025-05-05,83
2025-05-05 20:45:00,2025-05-05 20:45:00,1464.19,3.2732,679.76,3.076,692.45,3.53,-304.8,10.0,606.07,2.20497,0.0,6.2,52.69,2.8225,3190.3599999999997,3037.0,1941240.1652250001,1519.49,0.2,11.69,1531.38,1.238,473962.11000000004,4721.74,4568.38,4623.76,97.97999999999956,55.38000000000011,2415202.275225,2025-05-05,84
2025-05-05 21:00:00,2025-05-05 21:00:00,1464.19,3.2732,679.76,3.076,692.45,3.53,-304.8,10.0,569.46,2.8279699999999997,0.0,6.2,55.56,2.8225,3156.6199999999994,3037.06,2011777.7160500002,1524.5700000000002,0.2,11.84,1536.6100000000001,1.238,475580.79500000004,4693.23,4573.67,4629.69,63.539999999999964,56.01999999999953,2487358.5110500003,2025-05-05,85
2025-05-05 21:15:00,2025-05-05 21:15:00,1464.19,3.2732,679.76,3.076,692.45,3.53,-304.8,10.0,585.45,3.29542,0.0,6.2,58.85,2.8225,3175.899999999999,3140.85,2093821.183,1484.67,0.2,10.91,1495.7800000000002,1.238,462943.9100000001,4671.679999999999,4636.63,4686.03,-14.350000000000364,49.399999999999636,2556765.093,2025-05-05,86
2025-05-05 21:30:00,2025-05-05 21:30:00,1464.19,3.2732,679.76,3.076,692.45,3.53,-304.8,10.0,603.12,3.17414,0.0,6.2,61.88,2.8225,3196.5999999999995,3159.23,2092230.1462,1507.26,0.2,11.7,1519.16,1.238,470180.02,4715.759999999999,4678.39,4724.86,-9.100000000000364,46.469999999999345,2562410.1662,2025-05-05,87
2025-05-05 21:45:00,2025-05-05 21:45:00,1464.19,3.2732,679.76,3.076,692.45,3.53,-304.8,10.0,659.56,3.09417,0.0,6.2,65.16,2.8225,3256.3199999999993,3197.14,2126145.4583,1521.34,0.2,11.870000000000001,1533.4099999999999,1.238,474590.39499999996,4789.73,4730.549999999999,4776.36,13.36999999999989,45.8100000000004,2600735.8533,2025-05-05,88
2025-05-05 22:00:00,2025-05-05 22:00:00,1465.95,3.2732,679.76,3.076,692.45,3.53,-212.24,10.0,579.62,3.29343,0.0,6.2,65.12,2.8225,3270.66,3238.93,2325994.22415,1551.3000000000002,0.2,11.55,1563.0500000000002,1.238,483763.9750000001,4833.71,4801.98,4851.48,-17.769999999999527,49.5,2809758.1991500002,2025-05-05,89
2025-05-05 22:15:00,2025-05-05 22:15:00,1466.34,3.2732,679.76,3.076,692.45,3.53,-204.8,10.0,505.14,3.17421,0.0,6.2,64.54,2.8225,3203.43,3040.64,2268124.73435,1631.6799999999998,0.19,12.17,1644.04,1.238,508830.38,4847.469999999999,4684.68,4763.68,83.78999999999905,79.0,2776955.11435,2025-05-05,90
2025-05-05 22:30:00,2025-05-05 22:30:00,1466.36,3.2732,679.76,3.076,692.45,3.53,-204.8,10.0,625.47,3.42244,0.0,6.2,46.45,2.8225,3305.6899999999996,3055.72,2389679.62095,1472.2900000000002,0.19,12.33,1484.8100000000002,1.238,459548.69500000007,4790.5,4540.53,4620.2,170.30000000000018,79.67000000000007,2849228.3159499997,2025-05-05,91
2025-05-05 22:45:00,2025-05-05 22:45:00,1464.65,3.2732,679.76,3.076,692.45,3.53,-204.8,10.0,799.13,3.42299,0.0,6.2,45.0,2.8225,3476.1899999999996,3201.65,2535952.2846750002,1354.88,0.2,11.94,1367.0200000000002,1.238,423092.69000000006,4843.21,4568.67,4630.14,213.0699999999997,61.470000000000255,2959044.974675,2025-05-05,92
2025-05-05 23:00:00,2025-05-05 23:00:00,1463.88,3.2732,679.76,3.076,692.45,3.53,-204.8,10.0,655.03,3.28751,0.0,6.2,45.0,2.8225,3331.3199999999997,3168.79,2389823.1128249997,1466.98,0.2,10.469999999999999,1477.65,1.238,457332.67500000005,4808.969999999999,4646.4400000000005,4684.35,124.61999999999898,37.909999999999854,2847155.7878249995,2025-05-05,93
2025-05-05 23:15:00,2025-05-05 23:15:00,1463.83,3.2732,679.76,3.076,692.45,3.53,-204.8,10.0,568.21,3.0009,0.0,6.2,45.0,2.8225,3244.45,2901.57,2277713.12625,1622.4900000000002,0.2,8.34,1631.0300000000002,1.238,504803.78500000003,4875.48,4532.6,4589.3,286.1799999999994,56.69999999999982,2782516.9112500004,2025-05-05,94
2025-05-05 23:30:00,2025-05-05 23:30:00,1465.92,3.2732,679.76,3.076,692.45,3.53,-204.8,10.0,456.27,2.82782,0.0,6.2,45.0,2.8225,3134.6,3000.85,2175700.3838500003,1596.3700000000001,0.2,6.51,1603.0800000000002,1.238,496153.26000000007,4737.68,4603.93,4651.13,86.55000000000018,47.19999999999982,2671853.6438500006,2025-05-05,95
2025-05-05 23:45:00,2025-05-05 23:45:00,1466.51,3.2732,679.76,3.076,692.45,3.53,-204.8,10.0,366.21,2.8274,0.0,6.2,45.0,2.8225,3045.13,2909.6,2112476.3615,1630.39,0.2,6.75,1637.3400000000001,1.238,506756.73000000004,4682.47,4546.9400000000005,4594.02,88.44999999999982,47.07999999999993,2619233.0915,2025-05-05,96
2025-05-06 00:00:00,2025-06-05 00:00:00,1468.48,3.2732,679.76,3.076,443.08,3.53,-17.23,4.50072,224.14,2.54057,0.0,6.2,39.43,2.8225,2837.6599999999994,2786.05,2266207.5062999995,1659.7599999999998,0.2,7.59,1667.5499999999997,1.238,516106.72499999986,4505.209999999999,4453.6,4500.23,4.979999999999563,46.6299999999992,2782314.231299999,2025-05-06,1
2025-05-06 00:15:00,2025-06-05 00:15:00,1468.78,3.2732,679.76,3.076,422.7,3.53,-1.9,4.50042,95.56,2.54034,0.0,6.2,39.56,2.8225,2704.4599999999996,2749.09,2184136.4121,1599.65,0.2,8.49,1608.3400000000001,1.238,497781.23000000004,4312.799999999999,4357.43,4407.71,-94.91000000000076,50.279999999999745,2681917.6421,2025-05-06,2
2025-05-06 00:30:00,2025-06-05 00:30:00,1468.79,3.2732,679.76,3.076,422.7,3.53,-1.9,4.43391,42.76,2.768,0.0,6.2,25.14,2.8225,2637.25,2644.22,2142902.27225,1605.88,0.2,9.329999999999998,1615.41,1.238,499969.395,4252.66,4259.63,4308.62,-55.960000000000036,48.98999999999978,2642871.66725,2025-05-06,3
2025-05-06 00:45:00,2025-06-05 00:45:00,1468.79,3.2732,679.76,3.076,422.7,3.53,-1.9,4.428850000000001,12.01,2.54089,0.0,6.2,25.39,2.8225,2606.75,2538.62,2121120.1842250004,1605.1,0.2,9.6,1614.8999999999999,1.238,499811.54999999993,4221.65,4153.5199999999995,4205.56,16.089999999999236,52.04000000000087,2620931.7342250003,2025-05-06,4
2025-05-06 01:00:00,2025-06-05 01:00:00,1466.9,3.2732,679.76,3.076,422.7,3.53,-1.9,4.40979,-7.72,2.5406999999999997,0.0,6.2,15.76,2.8225,2575.5,2496.38,2100254.9087499995,1586.38,0.2,8.49,1595.0700000000002,1.238,493674.1650000001,4170.57,4091.4500000000003,4141.16,29.409999999999854,49.70999999999958,2593929.0737499995,2025-05-06,5
2025-05-06 01:15:00,2025-06-05 01:15:00,1466.75,3.2732,679.76,3.076,422.7,3.53,-1.9,4.3793999999999995,-9.2,2.5407100000000002,0.0,6.2,16.39,2.8225,2574.5,2498.47,2099651.06075,1521.9,0.21999999999999997,7.92,1530.0400000000002,1.238,473547.38,4104.54,4028.51,4080.32,24.2199999999998,51.809999999999945,2573198.44075,2025-05-06,6
2025-05-06 01:30:00,2025-06-05 01:30:00,1466.75,3.2732,679.76,3.076,422.7,3.53,-1.9,4.2496,-9.2,2.5407100000000002,0.0,6.2,17.33,2.8225,2575.44,2509.07,2100376.0032500005,1450.86,0.24,9.21,1460.31,1.238,451965.94499999995,4035.75,3969.38,4021.25,14.5,51.86999999999989,2552341.9482500004,2025-05-06,7
2025-05-06 01:45:00,2025-06-05 01:45:00,1466.75,3.2732,679.76,3.076,422.7,3.53,-1.9,4.17968,-9.2,2.54074,0.0,6.2,18.51,2.8225,2576.6200000000003,2481.45,2101241.78375,1437.19,0.24,8.68,1446.1100000000001,1.238,447571.04500000004,4022.7300000000005,3927.56,3977.19,45.54000000000042,49.63000000000011,2548812.82875,2025-05-06,8
2025-05-06 02:00:00,2025-06-05 02:00:00,1467.48,3.2732,679.76,3.076,400.37,3.53,-1.9,4.169899999999999,-9.2,2.54084,0.0,6.2,19.44,2.8225,2555.95,2410.6,2082793.5644999999,1438.9099999999996,0.25,7.840000000000001,1446.9999999999995,1.238,447846.4999999999,4002.9499999999994,3857.5999999999995,3904.65,98.29999999999927,47.05000000000064,2530640.0645,2025-05-06,9
2025-05-06 02:15:00,2025-06-05 02:15:00,1467.75,3.2732,679.76,3.076,398.57,3.53,-1.9,4.15986,-9.2,2.54062,0.0,6.2,20.33,2.8225,2555.3100000000004,2427.1,2082059.2867500004,1371.71,0.22999999999999998,8.4,1380.3400000000001,1.238,427215.23000000004,3935.6500000000005,3807.44,3853.45,82.20000000000073,46.00999999999976,2509274.5167500004,2025-05-06,10
2025-05-06 02:30:00,2025-06-05 02:30:00,1465.26,3.2732,679.76,3.076,398.57,3.53,-1.9,4.15925,-9.2,2.5405,0.0,6.2,44.59,2.8225,2577.0800000000004,2551.66,2097140.748,1226.62,0.24,8.86,1235.7199999999998,1.238,382455.3399999999,3812.8,3787.3799999999997,3809.52,3.2800000000002,22.140000000000327,2479596.088,2025-05-06,11
2025-05-06 02:45:00,2025-06-05 02:45:00,1465.06,3.2732,679.76,3.076,398.57,3.53,-1.9,4.0297,-9.2,2.54028,0.0,6.2,45.11,2.8225,2577.4,2567.21,2097406.0552500007,1203.32,0.24,8.55,1212.11,1.238,375148.045,3789.51,3779.3199999999997,3785.72,3.7900000000004184,6.400000000000091,2472554.1002500006,2025-05-06,12
2025-05-06 03:00:00,2025-06-05 03:00:00,1465.06,3.2732,1048.66,3.076,29.67,3.53,-1.9,3.93091,-8.74,2.54018,0.0,6.2,27.19,2.8225,2559.9400000000005,2531.39,2043230.3812,1203.8,0.24,8.71,1212.75,1.238,375346.125,3772.6900000000005,3744.14,3744.87,27.82000000000062,0.7300000000000182,2418576.5061999997,2025-05-06,13
2025-05-06 03:15:00,2025-06-05 03:15:00,1465.06,3.2732,1078.33,3.076,0.0,3.53,-1.9,3.93012,-8.7,2.54007,0.0,6.2,25.52,2.8225,2558.31,2517.37,2038710.45875,1171.31,0.24,8.91,1180.46,1.238,365352.37,3738.77,3697.83,3699.04,39.73000000000002,1.2100000000000364,2404062.82875,2025-05-06,14
2025-05-06 03:30:00,2025-06-05 03:30:00,1465.06,3.2732,1078.33,3.076,0.0,3.53,-1.9,3.87725,-8.7,2.4004499999999998,0.0,6.2,15.77,2.8225,2548.56,2538.95,2032159.40175,1126.43,0.24,6.55,1133.22,1.238,350731.58999999997,3681.7799999999997,3672.17,3672.98,8.799999999999727,0.8099999999999454,2382890.99175,2025-05-06,15
2025-05-06 03:45:00,2025-06-05 03:45:00,1465.06,3.2732,1078.33,3.076,0.0,3.53,-1.9,3.69291,-8.7,2.30869,0.0,6.2,15.0,2.8225,2547.79,2520.34,2031903.2099999997,1116.14,0.24,6.34,1122.72,1.238,347481.84,3670.51,3643.0600000000004,3645.91,24.600000000000364,2.8499999999994543,2379385.05,2025-05-06,16
2025-05-06 04:00:00,2025-06-05 04:00:00,1465.06,3.2732,1078.33,3.076,0.0,3.53,-1.9,3.70018,-8.7,2.6492199999999997,0.0,6.2,15.0,2.8225,2547.79,2487.64,2031159.1039999998,1124.57,0.24999999999999997,4.65,1129.47,1.238,349570.965,3677.26,3617.1099999999997,3615.18,62.08000000000038,-1.9299999999998363,2380730.0689999997,2025-05-06,17
2025-05-06 04:15:00,2025-06-05 04:15:00,1465.06,3.2732,1078.33,3.076,0.0,3.53,-1.9,3.84575,-8.7,2.9039099999999998,0.0,6.2,15.0,2.8225,2547.79,2464.16,2030536.0074999998,1126.28,0.24999999999999997,4.140000000000001,1130.67,1.238,349942.365,3678.46,3594.83,3595.7,82.76000000000022,0.8699999999998909,2380478.3724999996,2025-05-06,18
2025-05-06 04:30:00,2025-06-05 04:30:00,1465.06,3.2732,1078.33,3.076,0.0,3.53,-1.9,3.8458,-8.7,2.9701999999999997,0.0,6.2,15.0,2.8225,2547.79,2477.66,2030391.803,1103.3400000000001,0.24,3.7399999999999998,1107.3200000000002,1.238,342715.54000000004,3655.11,3584.98,3589.57,65.53999999999996,4.5900000000001455,2373107.3430000003,2025-05-06,19
2025-05-06 04:45:00,2025-06-05 04:45:00,1465.06,3.2732,1078.33,3.076,0.0,3.53,-1.9,3.8004499999999997,-8.7,2.90383,0.0,6.2,15.0,2.8225,2547.79,2511.95,2030557.699,1077.2,0.24,3.49,1080.93,1.238,334547.835,3628.7200000000003,3592.88,3595.19,33.5300000000002,2.3099999999999454,2365105.534,2025-05-06,20
2025-05-06 05:00:00,2025-06-05 05:00:00,1465.06,3.2732,1078.33,3.076,0.0,3.53,-1.9,3.2308600000000003,-7.95,2.62961,0.0,6.2,15.0,2.8225,2548.54,2543.06,2031917.7346249998,1059.99,0.24,3.01,1063.24,1.238,329072.78,3611.7799999999997,3606.3,3604.12,7.6599999999998545,-2.180000000000291,2360990.514625,2025-05-06,21
2025-05-06 05:15:00,2025-06-05 05:15:00,1465.06,3.2732,1078.33,3.076,0.0,3.53,-1.9,3.6921500000000003,-7.9,2.90329,0.0,6.2,14.44,2.8225,2548.0299999999997,2539.93,2030795.824,1070.06,0.24,2.88,1073.18,1.238,332149.21,3621.21,3613.1099999999997,3613.65,7.559999999999945,0.5400000000004184,2362945.034,2025-05-06,22
2025-05-06 05:30:00,2025-06-05 05:30:00,1465.06,3.2732,1078.33,3.076,0.0,3.53,-1.9,3.63904,-7.72,2.44857,0.0,6.2,20.51,2.8225,2554.28,2523.55,2036112.45265,1082.4499999999998,0.24,2.3400000000000003,1085.0299999999997,1.238,335816.7849999999,3639.31,3608.58,3610.96,28.34999999999991,2.380000000000109,2371929.23765,2025-05-06,23
2025-05-06 05:45:00,2025-06-05 05:45:00,1466.82,3.2732,1078.33,3.076,0.0,3.53,-1.9,3.49938,-7.7,2.26743,0.0,6.2,30.66,2.8225,2566.2099999999996,2523.39,2045142.0302499998,1092.69,0.22999999999999998,2.8099999999999996,1095.73,1.238,339128.435,3661.9399999999996,3619.12,3617.71,44.22999999999956,-1.4099999999998545,2384270.46525,2025-05-06,24
2025-05-06 06:00:00,2025-06-05 06:00:00,1472.12,3.2732,709.43,3.076,368.9,3.53,20.79,3.64936,43.81,2.8070500000000003,0.0,6.2,33.32,2.8225,2648.37,2627.53,2148964.9047250003,993.0600000000001,0.29000000000000004,2.4099999999999997,995.76,1.238,308187.72000000003,3644.13,3623.29,3629.46,14.670000000000073,6.170000000000073,2457152.6247250005,2025-05-06,25
2025-05-06 06:15:00,2025-06-05 06:15:00,1477.2,3.2732,679.76,3.076,398.57,3.53,37.16,3.5026599999999997,42.42,2.80723,0.0,6.2,36.31,2.8225,2671.42,2655.99,2171197.8543000007,990.3399999999999,2.3499999999999996,1.9600000000000002,994.65,1.238,307844.175,3666.07,3650.64,3647.49,18.580000000000382,-3.150000000000091,2479042.0293000005,2025-05-06,26
2025-05-06 06:30:00,2025-06-05 06:30:00,1480.98,3.2732,679.76,3.076,398.57,3.53,54.97,3.45165,51.83,2.8072600000000003,0.0,6.2,33.66,2.8225,2699.7699999999995,2655.06,2193920.1080750003,984.1600000000001,6.86,0.78,991.8000000000001,1.238,306962.10000000003,3691.5699999999997,3646.86,3644.53,47.03999999999951,-2.3299999999999272,2500882.2080750004,2025-05-06,27
2025-05-06 06:45:00,2025-06-05 06:45:00,1481.25,3.2732,679.76,3.076,398.57,3.53,56.49,3.3008,55.34,2.70017,0.0,6.2,39.05,2.8225,2710.4600000000005,2641.35,2198107.3962,968.5,12.340000000000002,0.13,980.97,1.238,303610.21499999997,3691.4300000000003,3622.3199999999997,3624.3,67.13000000000011,1.980000000000473,2501717.6111999997,2025-05-06,28
2025-05-06 07:00:00,2025-06-05 07:00:00,1480.35,3.2732,679.76,3.076,398.57,3.53,63.07,3.13548,53.02,2.23585,0.0,6.2,44.99,2.8225,2719.7599999999998,2680.95,2196664.8114,874.34,22.279999999999998,0.18999999999999997,896.8100000000001,1.238,277562.695,3616.5699999999997,3577.7599999999998,3577.93,38.63999999999987,0.17000000000007276,2474227.5064,2025-05-06,29
2025-05-06 07:15:00,2025-06-05 07:15:00,1479.74,3.2732,679.76,3.076,398.57,3.53,72.69,2.90286,46.37,1.9995699999999998,0.0,6.2,60.67,2.8225,2737.8,2678.06,2204087.214325,821.88,34.46,0.16,856.5,1.238,265086.75,3594.3,3534.56,3536.78,57.51999999999998,2.2200000000002547,2469173.964325,2025-05-06,30
2025-05-06 07:30:00,2025-06-05 07:30:00,1479.74,3.2732,679.76,3.076,398.57,3.53,72.56,2.75002,46.24,2.07681,0.0,6.2,76.76,2.8225,2753.63,2701.56,2213401.7684000004,738.9999999999999,45.98,0.14,785.1199999999999,1.238,242994.63999999998,3538.75,3486.68,3490.94,47.809999999999945,4.260000000000218,2456396.4084000005,2025-05-06,31
2025-05-06 07:45:00,2025-06-05 07:45:00,1479.74,3.2732,679.76,3.076,398.57,3.53,71.54,2.39546,46.26,2.00051,0.0,6.2,96.04,2.8225,2771.9100000000003,2755.34,2219091.63225,638.18,56.65,0.13,694.9599999999999,1.238,215090.12,3466.8700000000003,3450.3,3453.74,13.130000000000564,3.4399999999996,2434181.75225,2025-05-06,32
2025-05-06 08:00:00,2025-06-05 08:00:00,1433.86,3.2732,679.76,3.076,398.57,3.53,100.54,2.24911,19.42,2.20019,1.78,6.2,120.24,2.8225,2754.17,2739.64,2202617.7553000003,609.35,69.58000000000001,0.13,679.0600000000001,1.238,210169.07,3433.23,3418.7,3416.37,16.860000000000127,-2.3299999999999272,2412786.8253,2025-05-06,33
2025-05-06 08:15:00,2025-06-05 08:15:00,1391.12,3.2732,679.76,3.076,398.57,3.53,103.65,2.24927,17.3,2.23581,1.93,6.2,149.85,2.8225,2742.1800000000003,2686.99,2189510.4543749997,642.52,84.89,0.09999999999999999,727.51,1.238,225164.345,3469.6900000000005,3414.5,3411.28,58.41000000000031,-3.2199999999998,2414674.799375,2025-05-06,34
2025-05-06 08:30:00,2025-06-05 08:30:00,1221.04,3.2732,679.76,3.076,398.57,3.53,88.51,2.01259,14.43,1.99546,21.25,6.2,179.63,2.8225,2603.19,2597.08,2085071.6229250003,712.6600000000001,96.67999999999999,0.14,809.48,1.238,250534.06,3412.67,3406.56,3405.98,6.690000000000055,-0.5799999999999272,2335605.6829250003,2025-05-06,35
2025-05-06 08:45:00,2025-06-05 08:45:00,1110.09,3.2732,679.76,3.076,398.57,3.53,88.29,2.0003699999999998,103.66,1.96215,22.6,6.2,208.74,2.8225,2611.71,2617.46,2060184.5585749997,736.6400000000001,110.33999999999999,0.14,847.1200000000001,1.238,262183.64,3458.83,3464.58,3463.88,-5.050000000000182,-0.6999999999998181,2322368.198575,2025-05-06,36
2025-05-06 09:00:00,2025-06-05 09:00:00,1087.23,3.2732,679.76,3.076,398.57,3.53,74.91,2.00086,200.68,1.79487,37.83,6.2,245.35,2.8225,2724.3299999999995,2730.52,2123435.1013000007,635.61,108.2,0.16,743.97,1.238,230258.715,3468.2999999999993,3474.49,3484.53,-16.230000000000928,10.040000000000418,2353693.8163000005,2025-05-06,37
2025-05-06 09:15:00,2025-06-05 09:15:00,1086.13,3.2732,679.76,3.076,398.57,3.53,73.88,2.24037,207.56,1.9808,39.18,6.2,270.72,2.8225,2755.8,2854.15,2159172.7899,538.4,121.82999999999998,0.84,661.07,1.238,204601.165,3416.8700000000003,3515.2200000000003,3528.84,-111.9699999999998,13.61999999999989,2363773.9549000002,2025-05-06,38
2025-05-06 09:30:00,2025-06-05 09:30:00,1086.13,3.2732,679.76,3.076,398.57,3.53,73.88,2.0126500000000003,204.89,1.67622,39.46,6.2,294.42,2.8225,2777.11,3012.57,2155200.580950001,427.4599999999999,131.85,1.85,561.16,1.238,173679.02,3338.27,3573.73,3575.45,-237.17999999999984,1.7199999999998,2328879.600950001,2025-05-06,39
2025-05-06 09:45:00,2025-06-05 09:45:00,1087.45,3.2732,679.76,3.076,398.57,3.53,72.98,2.09997,207.35,1.5926900000000002,39.39,6.2,316.0,2.8225,2801.5,2834.31,2169240.8205250003,639.9,149.84999999999997,1.73,791.48,1.238,244963.06000000003,3592.98,3625.79,3615.55,-22.570000000000164,-10.239999999999782,2414203.8805250004,2025-05-06,40
2025-05-06 10:00:00,2025-06-05 10:00:00,1087.64,3.2732,679.76,3.076,398.57,3.53,31.26,2.00014,326.53,1.64301,80.75,6.2,329.78,2.8225,2934.29,2938.02,2272106.897425,540.83,140.2,2.12,683.15,1.238,211434.925,3617.44,3621.17,3630.08,-12.639999999999873,8.909999999999854,2483541.822425,2025-05-06,41
2025-05-06 10:15:00,2025-06-05 10:15:00,1089.68,3.2732,679.76,3.076,398.57,3.53,27.64,2.00018,351.8,1.5983900000000002,83.99,6.2,341.95,2.8225,2973.39,2945.77,2292031.22205,530.5699999999999,151.32000000000002,2.97,684.86,1.238,211964.16999999998,3658.25,3630.63,3628.12,30.13000000000011,-2.5100000000002183,2503995.39205,2025-05-06,42
2025-05-06 10:30:00,2025-06-05 10:30:00,1093.25,3.2732,679.76,3.076,398.57,3.53,27.64,1.99997,354.89,1.58903,84.42,6.2,352.18,2.8225,2990.7099999999996,3022.35,2303240.4593749996,473.32000000000005,121.33,3.64,598.2900000000001,1.238,185170.755,3588.9999999999995,3620.64,3617.96,-28.96000000000049,-2.6799999999998363,2488411.2143749995,2025-05-06,43
2025-05-06 10:45:00,2025-06-05 10:45:00,1093.53,3.2732,679.76,3.076,398.57,3.53,27.19,1.9998900000000002,354.16,1.48575,84.11,6.2,360.23,2.8225,2997.55,3021.42,2299009.4150249995,464.58,157.19,3.9799999999999995,625.75,1.238,193669.625,3623.3,3647.17,3644.64,-21.33999999999969,-2.5300000000002,2492679.0400249995,2025-05-06,44
2025-05-06 11:00:00,2025-06-05 11:00:00,1093.53,3.2732,679.76,3.076,398.57,3.53,28.04,1.99935,276.05,1.67416,84.62,6.2,365.61,2.8225,2926.1800000000003,3042.61,2288007.03075,423.64,181.96,4.82,610.4200000000001,1.238,188924.99000000002,3536.6000000000004,3653.03,3652.13,-115.52999999999975,-0.900000000000091,2476932.02075,2025-05-06,45
2025-05-06 11:15:00,2025-06-05 11:15:00,1093.53,3.2732,679.76,3.076,398.57,3.53,28.12,1.8899000000000001,268.81,1.67494,84.74,6.2,369.79,2.8225,2923.3199999999997,3051.92,2287435.2851,415.28,179.07,5.42,599.7699999999999,1.238,185628.81499999994,3523.0899999999997,3651.69,3653.66,-130.57000000000016,1.9699999999998,2473064.1001,2025-05-06,46
2025-05-06 11:30:00,2025-06-05 11:30:00,1093.53,3.2732,679.76,3.076,398.57,3.53,28.12,1.96625,302.98,1.3498800000000002,84.67,6.2,373.04,2.8225,2960.67,3044.69,2279843.3120999997,430.15999999999997,188.43,6.2,624.79,1.238,193372.50499999998,3585.46,3669.48,3672.83,-87.36999999999989,3.349999999999909,2473215.8170999996,2025-05-06,47
2025-05-06 11:45:00,2025-06-05 11:45:00,1093.53,3.2732,679.76,3.076,398.57,3.53,28.12,1.9667000000000001,305.82,1.3497000000000001,84.93,6.2,374.97,2.8225,2965.7,2985.23,2282555.98475,536.3499999999999,180.65,7.290000000000001,724.2899999999998,1.238,224167.75499999995,3689.99,3709.52,3710.97,-20.980000000000018,1.449999999999818,2506723.7397499997,2025-05-06,48
2025-05-06 12:00:00,2025-06-05 12:00:00,1093.53,3.2732,679.76,3.076,398.57,3.53,35.75,1.98085,288.09,1.3495599999999999,75.81,6.2,375.88,2.8225,2947.3900000000003,3081.95,2266947.4209749997,427.11,193.16000000000003,6.29,626.56,1.238,193920.31999999998,3573.9500000000003,3708.5099999999998,3718.36,-144.40999999999985,9.850000000000364,2460867.7409749995,2025-05-06,49
2025-05-06 12:15:00,2025-06-05 12:15:00,1093.53,3.2732,679.76,3.076,398.57,3.53,38.58,1.99501,304.49,1.3498299999999999,72.75,6.2,376.17,2.8225,2963.8500000000004,2986.9,2269500.825875,545.01,194.99,7.140000000000001,747.14,1.238,231239.83,3710.9900000000002,3734.04,3735.11,-24.11999999999989,1.0700000000001637,2500740.655875,2025-05-06,50
2025-05-06 12:30:00,2025-06-05 12:30:00,1092.91,3.2732,679.76,3.076,398.57,3.53,42.75,1.99902,312.06,1.41422,68.49,6.2,376.25,2.8225,2970.79,2995.0,2272147.5238,556.51,194.52999999999997,7.6000000000000005,758.64,1.238,234799.08000000002,3729.43,3753.64,3768.31,-38.88000000000011,14.670000000000073,2506946.6038,2025-05-06,51
2025-05-06 12:45:00,2025-06-05 12:45:00,1090.17,3.2732,679.76,3.076,398.57,3.53,43.08,1.9990899999999998,333.23,1.34996,67.44,6.2,376.19,2.8225,2988.44,3160.04,2270532.63675,431.48999999999995,182.06000000000003,8.61,622.16,1.238,192558.52,3610.6,3782.2,3798.31,-187.71000000000004,16.110000000000127,2463091.15675,2025-05-06,52
2025-05-06 13:00:00,2025-06-05 13:00:00,1089.95,3.2732,679.76,3.076,398.57,3.53,41.92,1.99582,43.72,0.9999,68.27,6.2,375.98,2.8225,2698.17,3153.3,2169344.0381,425.5,184.5,7.78,617.78,1.238,191202.91,3315.95,3771.08,3773.2,-457.25,2.119999999999891,2360546.9481,2025-05-06,53
2025-05-06 13:15:00,2025-06-05 13:15:00,1089.95,3.2732,679.76,3.076,398.57,3.53,40.94,1.99904,21.06,1.008,67.81,6.2,375.33,2.8225,2673.42,2874.15,2162094.5756499995,692.8999999999999,194.72,8.639999999999999,896.2599999999999,1.238,277392.47,3569.68,3770.41,3757.56,-187.8800000000001,-12.849999999999909,2439487.0456499998,2025-05-06,54
2025-05-06 13:30:00,2025-06-05 13:30:00,1089.95,3.2732,679.76,3.076,398.57,3.53,40.86,1.99929,65.62,1.34985,67.22,6.2,387.77,2.8225,2729.75,2699.63,2186757.79285,883.5199999999999,186.64,10.430000000000001,1080.59,1.238,334442.605,3810.34,3780.2200000000003,3791.39,18.950000000000273,11.169999999999618,2521200.39785,2025-05-06,55
2025-05-06 13:45:00,2025-06-05 13:45:00,1089.95,3.2732,679.76,3.076,398.57,3.53,41.76,1.99942,114.16,1.58948,68.25,6.2,390.82,2.8225,2783.2700000000004,2806.35,2214177.1165,841.2800000000001,182.72,9.37,1033.37,1.238,319828.01499999996,3816.6400000000003,3839.72,3849.31,-32.66999999999962,9.590000000000146,2534005.1315,2025-05-06,56
2025-05-06 14:00:00,2025-06-05 14:00:00,1089.95,3.2732,679.76,3.076,398.57,3.53,69.64,2.39547,274.8,1.79419,38.66,6.2,425.89,2.8225,2977.27,2989.73,2291787.16695,755.64,177.91,9.76,943.31,1.238,291954.44499999995,3920.58,3933.04,3946.28,-25.700000000000273,13.240000000000236,2583741.61195,2025-05-06,57
2025-05-06 14:15:00,2025-06-05 14:15:00,1089.95,3.2732,679.76,3.076,398.57,3.53,72.84,2.39595,308.94,2.01071,36.11,6.2,418.21,2.8225,3004.3800000000006,3047.49,2316376.9176,821.2499999999999,173.56999999999996,10.27,1005.0899999999998,1.238,311075.3549999999,4009.4700000000003,4052.5799999999995,4062.59,-53.11999999999989,10.010000000000673,2627452.2726,2025-05-06,58
2025-05-06 14:30:00,2025-06-05 14:30:00,1089.95,3.2732,679.76,3.076,398.57,3.53,72.91,2.3959,218.94,2.90387,35.57,6.2,396.48,2.8225,2892.1800000000003,2958.85,2303893.8416999998,1010.6399999999999,167.08,12.21,1189.9299999999998,1.238,368283.33499999996,4082.11,4148.78,4151.69,-69.57999999999947,2.9099999999998545,2672177.1766999997,2025-05-06,59
2025-05-06 14:45:00,2025-06-05 14:45:00,1088.33,3.2732,679.76,3.076,398.57,3.53,72.91,2.50028,32.25,3.09425,35.52,6.2,380.13,2.8225,2687.47,2787.94,2158860.379575,1255.47,158.63,12.080000000000002,1426.1799999999998,1.238,441402.70999999996,4113.65,4214.12,4213.74,-100.09000000000015,-0.38000000000010914,2600263.089575,2025-05-06,60
2025-05-06 15:00:00,2025-06-05 15:00:00,1177.65,3.2732,679.76,3.076,398.57,3.53,66.2,2.8004000000000002,89.32,2.9030500000000004,17.1,6.2,356.9,2.8225,2785.5,3007.31,2227658.7490000003,1095.02,149.39,12.469999999999999,1256.8799999999999,1.238,389004.36,4042.38,4264.19,4274.9,-232.51999999999953,10.710000000000036,2616663.109,2025-05-06,61
2025-05-06 15:15:00,2025-06-05 15:15:00,1229.57,3.2732,679.76,3.076,398.57,3.53,71.59,2.8497199999999996,95.0,2.84325,9.45,6.2,341.21,2.8225,2825.15,2958.8,2254574.45345,1208.0,140.03,11.38,1359.41,1.238,420737.3950000001,4184.56,4318.21,4316.1,-131.53999999999996,-2.1099999999996726,2675311.84845,2025-05-06,62
2025-05-06 15:30:00,2025-06-05 15:30:00,1331.12,3.2732,679.76,3.076,398.57,3.53,76.64,2.90258,40.49,3.10262,2.4,6.2,315.63,2.8225,2844.6099999999997,2932.98,2277185.0835,1276.6799999999998,129.2,11.240000000000002,1417.12,1.238,438598.64,4261.73,4350.1,4350.31,-88.58000000000084,0.21000000000003638,2715783.7235000003,2025-05-06,63
2025-05-06 15:45:00,2025-06-05 15:45:00,1375.95,3.2732,679.76,3.076,398.57,3.53,76.78,2.90225,21.36,3.16767,1.93,6.2,295.16,2.8225,2849.51,2982.43,2284301.17155,1279.8099999999997,116.83,10.98,1407.6199999999997,1.238,435658.3899999999,4257.13,4390.049999999999,4392.16,-135.02999999999975,2.110000000000582,2719959.5615499998,2025-05-06,64
2025-05-06 16:00:00,2025-06-05 16:00:00,1303.6,3.2732,679.76,3.076,694.47,3.53,76.86,2.90225,64.13,2.90356,0.15,6.2,249.48,2.8225,3068.4500000000003,3055.94,2480930.9794500005,1194.4699999999998,104.49999999999999,10.34,1309.3099999999997,1.238,405231.4449999999,4377.76,4365.25,4366.06,11.699999999999818,0.8100000000004002,2886162.4244500003,2025-05-06,65
2025-05-06 16:15:00,2025-06-05 16:15:00,1165.11,3.2732,679.76,3.076,717.12,3.53,76.96,3.00014,183.36,2.968,0.0,6.2,229.11,2.8225,3051.42,3058.49,2464444.91035,1192.7099999999998,91.05,10.93,1294.6899999999998,1.238,400706.55499999993,4346.11,4353.179999999999,4353.28,-7.170000000000073,0.1000000000003638,2865151.46535,2025-05-06,66
2025-05-06 16:30:00,2025-06-05 16:30:00,1093.09,3.2732,679.76,3.076,717.12,3.53,72.28,3.2000900000000003,177.07,3.3229499999999996,0.0,6.2,217.92,2.8225,2957.2400000000002,3011.03,2408763.502425,1255.69,77.14999999999999,11.39,1344.2300000000002,1.238,416039.1850000001,4301.47,4355.26,4358.5,-57.029999999999745,3.2399999999997817,2824802.687425,2025-05-06,67
2025-05-06 16:45:00,2025-06-05 16:45:00,1087.43,3.2732,679.76,3.076,717.12,3.53,72.74,3.42217,201.05,3.4001799999999998,0.0,6.2,196.56,2.8225,2954.66,2960.44,2417269.1677,1308.75,60.6,10.61,1379.9599999999998,1.238,427097.61999999994,4334.62,4340.4,4340.79,-6.170000000000073,0.3900000000003274,2844366.7877,2025-05-06,68
2025-05-06 17:00:00,2025-06-05 17:00:00,1234.37,3.2732,679.76,3.076,717.12,3.53,56.56,3.45134,127.85,3.20155,0.0,6.2,163.55,2.8225,2979.21,2936.7,2432215.269225,1281.4799999999998,48.09,10.81,1340.3799999999997,1.238,414847.6099999999,4319.59,4277.08,4281.28,38.3100000000004,4.199999999999818,2847062.879225,2025-05-06,69
2025-05-06 17:15:00,2025-06-05 17:15:00,1322.85,3.2732,679.76,3.076,717.12,3.53,33.56,3.5991,99.62,2.9030500000000004,0.0,6.2,146.2,2.8225,2999.1099999999997,2977.85,2443741.27925,1221.0400000000002,38.160000000000004,10.440000000000001,1269.6400000000003,1.238,392953.5800000001,4268.75,4247.49,4248.43,20.31999999999971,0.9400000000005093,2836694.85925,2025-05-06,70
2025-05-06 17:30:00,2025-06-05 17:30:00,1333.33,3.2732,679.76,3.076,717.12,3.53,3.29,3.87786,57.76,3.15095,0.0,6.2,115.17,2.8225,2906.4300000000003,2898.35,2376613.8681,1282.7600000000002,28.150000000000002,7.279999999999999,1318.1900000000003,1.238,407979.80500000005,4224.620000000001,4216.54,4217.98,6.640000000001237,1.4399999999995998,2784593.6731000002,2025-05-06,71
2025-05-06 17:45:00,2025-06-05 17:45:00,1371.23,3.2732,679.76,3.076,717.12,3.53,1.29,4.04004,54.94,3.06498,0.0,6.2,102.33,2.8225,2926.6699999999996,2840.61,2393278.36845,1348.3300000000002,19.11,7.28,1374.72,1.238,425475.84,4301.389999999999,4215.33,4215.43,85.95999999999913,0.1000000000003638,2818754.20845,2025-05-06,72
2025-05-06 18:00:00,2025-06-05 18:00:00,1464.37,3.2732,679.76,3.076,717.12,3.53,92.17,4.00019,105.18,1.6433,10.93,6.2,88.33,2.8225,3157.8599999999997,3098.6,2568542.118825,1060.1900000000003,10.940000000000001,9.15,1080.2800000000004,1.238,334346.66000000015,4238.14,4178.88,4206.72,31.420000000000073,27.840000000000146,2902888.778825,2025-05-06,73
2025-05-06 18:15:00,2025-06-05 18:15:00,1472.69,3.2732,679.76,3.076,717.12,3.53,105.42,4.22598,111.97,1.99548,3.36,6.2,77.73,2.8225,3168.0499999999997,3192.18,2587986.47505,1013.6299999999999,5.07,8.89,1027.59,1.238,318039.1049999999,4195.639999999999,4219.7699999999995,4266.72,-71.08000000000084,46.95000000000073,2906025.58005,2025-05-06,74
2025-05-06 18:30:00,2025-06-05 18:30:00,1476.12,3.2732,679.76,3.076,717.12,3.53,106.37,4.400270000000001,19.17,2.94369,0.2,6.2,69.71,2.8225,3068.45,3091.38,2544123.7690500002,1267.3000000000002,1.28,9.21,1277.7900000000002,1.238,395476.00500000006,4346.24,4369.17,4408.94,-62.69999999999982,39.76999999999953,2939599.77405,2025-05-06,75
2025-05-06 18:45:00,2025-06-05 18:45:00,1477.89,3.2732,679.76,3.076,717.12,3.53,105.95,4.58276,60.28,3.36772,0.0,6.2,49.22,2.8225,3090.22,3105.84,2571819.4854,1467.88,0.36,7.0600000000000005,1475.3,1.238,456605.35,4565.5199999999995,4581.14,4625.16,-59.64000000000033,44.01999999999953,3028424.8354,2025-05-06,76
2025-05-06 19:00:00,2025-06-05 19:00:00,1481.28,3.2732,679.76,3.076,717.12,3.53,15.83,6.70077,282.47,4.1884,0.0,6.2,41.62,2.8225,3218.08,3206.07,2719386.010775,1525.12,0.26,6.6899999999999995,1532.07,1.238,474175.665,4750.15,4738.14,4785.04,-34.89000000000033,46.899999999999636,3193561.675775,2025-05-06,77
2025-05-06 19:15:00,2025-06-05 19:15:00,1483.04,3.2732,679.76,3.076,717.12,3.53,-281.9,10.0,615.51,4.58297,0.0,6.2,41.39,2.8225,3254.9199999999996,3249.91,2398837.2569250003,1538.68,0.24,6.6000000000000005,1545.52,1.238,478338.44,4800.44,4795.43,4836.48,-36.039999999999964,41.04999999999927,2877175.6969250003,2025-05-06,78
2025-05-06 19:30:00,2025-06-05 19:30:00,1484.38,3.2732,679.76,3.076,717.12,3.53,-301.9,10.0,538.4,4.54558,0.0,6.2,42.78,2.8225,3160.5400000000004,3172.91,2257533.6995,1612.0799999999997,0.25,7.12,1619.4499999999996,1.238,501219.77499999985,4779.99,4792.36,4835.0,-55.01000000000022,42.64000000000033,2758753.4745,2025-05-06,79
2025-05-06 19:45:00,2025-06-05 19:45:00,1485.34,3.2732,679.76,3.076,717.12,3.53,-163.9,9.79902,415.5,4.50078,0.0,6.2,43.73,2.8225,3177.5499999999997,3174.15,2467908.2212500004,1607.8899999999999,0.22000000000000003,7.36,1615.4699999999998,1.238,499987.9649999999,4793.0199999999995,4789.62,4837.8,-44.780000000000655,48.18000000000029,2967896.1862500003,2025-05-06,80
2025-05-06 20:00:00,2025-06-05 20:00:00,1487.74,3.2732,679.76,3.076,717.12,3.53,-290.73,10.0,566.53,3.5180700000000003,0.0,6.2,28.21,2.8225,3188.63,3178.26,2164365.212525,1587.75,0.21000000000000002,7.48,1595.44,1.238,493788.68,4784.07,4773.700000000001,4818.51,-34.44000000000051,44.80999999999949,2658153.892525,2025-05-06,81
2025-05-06 20:15:00,2025-06-05 20:15:00,1488.74,3.2732,679.76,3.076,717.12,3.53,-301.9,10.0,570.66,3.36789,0.0,6.2,28.39,2.8225,3182.7699999999995,3165.15,2119592.5026,1567.63,0.21000000000000002,9.530000000000001,1577.3700000000001,1.238,488196.0150000001,4760.139999999999,4742.52,4789.82,-29.68000000000029,47.29999999999927,2607788.5176,2025-05-06,82
2025-05-06 20:30:00,2025-06-05 20:30:00,1488.8,3.2732,679.76,3.076,717.12,3.53,-301.9,10.0,481.24,3.3679200000000002,0.0,6.2,28.78,2.8225,3093.7999999999997,3087.84,2044631.2227000003,1640.9900000000002,0.2,9.38,1650.5700000000004,1.238,510851.41500000015,4744.37,4738.410000000001,4782.08,-37.710000000000036,43.66999999999916,2555482.6377000003,2025-05-06,83
2025-05-06 20:45:00,2025-06-05 20:45:00,1488.8,3.2732,679.76,3.076,717.12,3.53,-301.9,10.0,403.25,3.80051,0.0,6.2,27.13,2.8225,3014.16,3075.49,2021411.4006250002,1669.7400000000002,0.2,11.53,1681.4700000000003,1.238,520414.965,4695.63,4756.96,4803.21,-107.57999999999993,46.25,2541826.365625,2025-05-06,84
2025-05-06 21:00:00,2025-06-05 21:00:00,1488.8,3.2732,607.72,3.076,717.12,3.53,-277.06,10.0,518.8,3.41481,0.0,6.2,25.61,2.8225,3080.9900000000002,3071.98,2086802.03325,1674.18,0.21000000000000002,12.86,1687.25,1.238,522203.87500000006,4768.24,4759.23,4809.63,-41.39000000000033,50.400000000000546,2609005.9082500003,2025-05-06,85
2025-05-06 21:15:00,2025-06-05 21:15:00,1488.8,3.2732,602.76,3.076,717.12,3.53,-275.35,10.0,554.27,3.40073,0.0,6.2,24.38,2.8225,3111.98,3130.54,2114724.6717749997,1656.18,0.2,11.870000000000001,1668.25,1.238,516323.37499999994,4780.23,4798.79,4847.19,-66.96000000000004,48.399999999999636,2631048.0467749997,2025-05-06,86
2025-05-06 21:30:00,2025-06-05 21:30:00,1488.8,3.2732,602.76,3.076,717.12,3.53,-275.35,10.0,607.61,3.39007,0.0,6.2,24.02,2.8225,3164.96,3187.89,2158200.1006750003,1656.93,0.2,10.76,1667.89,1.238,516211.955,4832.85,4855.78,4905.71,-72.85999999999967,49.93000000000029,2674412.0556750004,2025-05-06,87
2025-05-06 21:45:00,2025-06-05 21:45:00,1488.8,3.2732,602.76,3.076,717.12,3.53,-275.35,10.0,649.0,3.42261,0.0,6.2,30.68,2.8225,3213.0099999999998,3240.86,2203257.9275,1657.6899999999998,0.2,10.209999999999999,1668.1,1.238,516276.94999999995,4881.11,4908.96,4983.88,-102.77000000000044,74.92000000000007,2719534.8775000004,2025-05-06,88
2025-05-06 22:00:00,2025-06-05 22:00:00,1491.71,3.2732,587.88,3.076,717.12,3.53,-121.64,10.0,577.27,3.80038,0.0,6.2,37.02,2.8225,3289.36,3304.95,2576087.99115,1671.8200000000002,0.2,10.030000000000001,1682.0500000000002,1.238,520594.4750000001,4971.41,4987.0,5062.88,-91.47000000000025,75.88000000000011,3096682.46615,2025-05-06,89
2025-05-06 22:15:00,2025-06-05 22:15:00,1492.78,3.2732,586.76,3.076,717.12,3.53,-110.07,10.0,616.58,4.0112,0.0,6.2,30.82,2.8225,3333.99,3350.39,2670497.5005,1672.8800000000003,0.2,10.28,1683.3600000000004,1.238,520999.9200000001,5017.35,5033.75,5112.32,-94.96999999999935,78.56999999999971,3191497.4205,2025-05-06,90
2025-05-06 22:30:00,2025-06-05 22:30:00,1492.84,3.2732,586.76,3.076,717.12,3.53,-110.07,10.0,709.95,4.16352,0.0,6.2,26.13,2.8225,3422.7299999999996,3373.9,2787903.5492500006,1658.5,0.2,9.7,1668.4,1.238,516369.80000000005,5091.129999999999,5042.3,5116.91,-25.780000000000655,74.60999999999967,3304273.349250001,2025-05-06,91
2025-05-06 22:45:00,2025-06-05 22:45:00,1491.14,3.2732,586.76,3.076,717.12,3.53,-110.07,10.0,689.25,4.45069,0.0,6.2,23.57,2.8225,3397.77,3361.94,2812642.8038750007,1638.4299999999998,0.2,11.100000000000001,1649.7299999999998,1.238,510591.43499999994,5047.5,5011.67,5084.51,-37.01000000000022,72.84000000000015,3323234.2388750007,2025-05-06,92
2025-05-06 23:00:00,2025-06-05 23:00:00,1491.01,3.2732,587.69,3.076,717.12,3.53,-111.0,10.0,714.25,3.85061,0.0,6.2,23.68,2.8225,3422.7499999999995,3359.67,2731669.241125,1586.52,0.2,11.16,1597.88,1.238,494543.86000000004,5020.629999999999,4957.55,5033.51,-12.880000000001019,75.96000000000004,3226213.101125,2025-05-06,93
2025-05-06 23:15:00,2025-06-05 23:15:00,1491.01,3.2732,587.76,3.076,717.12,3.53,-111.07,10.0,671.66,3.47044,0.0,6.2,22.03,2.8225,3378.5099999999998,3320.02,2625548.17435,1556.9100000000003,0.2,10.259999999999998,1567.3700000000003,1.238,485101.0150000001,4945.88,4887.39,4962.21,-16.329999999999927,74.81999999999971,3110649.18935,2025-05-06,94
2025-05-06 23:30:00,2025-06-05 23:30:00,1491.01,3.2732,587.76,3.076,717.12,3.53,-111.07,10.0,451.53,3.42217,0.0,6.2,20.79,2.8225,3157.1399999999994,3142.19,2428237.3717750004,1608.4800000000002,0.2,10.69,1619.3700000000003,1.238,501195.01500000013,4776.51,4761.56,4836.74,-60.22999999999956,75.17999999999938,2929432.3867750005,2025-05-06,95
2025-05-06 23:45:00,2025-06-05 23:45:00,1491.01,3.2732,587.76,3.076,717.12,3.53,-111.07,10.0,346.57,3.39067,0.0,6.2,23.47,2.8225,3054.8599999999997,3003.28,2337601.4672250003,1622.85,0.2,9.39,1632.44,1.238,505240.18,4687.299999999999,4635.72,4712.39,-25.090000000001055,76.67000000000007,2842841.6472250004,2025-05-06,96
2025-05-07 00:00:00,2025-07-05 00:00:00,1490.66,3.2732,764.14,3.076,441.67,3.53,-8.94,4.43307,303.59,3.47008,0.0,6.2,40.26,2.8225,3031.3800000000006,2932.57,2479075.46085,1616.69,0.2,8.12,1625.01,1.238,502940.595,4656.39,4557.58,4617.39,39.0,59.8100000000004,2982016.05585,2025-05-07,1
2025-05-07 00:15:00,2025-07-05 00:15:00,1490.73,3.2732,776.29,3.076,422.7,3.53,-1.9,4.289680000000001,229.71,3.50072,0.0,6.2,41.4,2.8225,2958.93,2925.73,2418076.9938000003,1552.3,0.2,7.56,1560.06,1.238,482838.57,4518.99,4485.79,4534.59,-15.600000000000364,48.80000000000018,2900915.5638,2025-05-07,2
2025-05-07 00:30:00,2025-07-05 00:30:00,1490.74,3.2732,776.29,3.076,422.7,3.53,-1.9,4.169359999999999,124.65,3.4221,0.0,6.2,41.4,2.8225,2853.8799999999997,2852.84,2323745.92225,1542.6599999999999,0.2,6.34,1549.1999999999998,1.238,479477.3999999999,4403.08,4402.04,4451.78,-48.69999999999982,49.73999999999978,2803223.3222499997,2025-05-07,3
2025-05-07 00:45:00,2025-07-05 00:45:00,1490.74,3.2732,776.29,3.076,422.7,3.53,-1.9,4.00011,46.04,3.39006,0.0,6.2,41.4,2.8225,2775.2699999999995,2778.4,2256204.7153499997,1542.84,0.2,6.88,1549.92,1.238,479700.24,4325.19,4328.32,4378.16,-52.970000000000255,49.840000000000146,2735904.9553499995,2025-05-07,4
2025-05-07 01:00:00,2025-07-05 01:00:00,1490.74,3.2732,776.29,3.076,422.7,3.53,-1.9,3.93099,40.46,3.36783,0.0,6.2,41.4,2.8225,2769.6899999999996,2763.24,2251283.5571999997,1492.97,0.2,5.98,1499.15,1.238,463986.92500000005,4268.84,4262.389999999999,4310.84,-42.0,48.45000000000073,2715270.4821999995,2025-05-07,5
2025-05-07 01:15:00,2025-07-05 01:15:00,1490.74,3.2732,776.29,3.076,422.7,3.53,-1.9,3.9301,-4.64,3.41419,0.0,6.2,41.4,2.8225,2724.5899999999997,2744.52,2213257.9191,1450.95,0.2,5.58,1456.73,1.238,450857.935,4181.32,4201.25,4251.6,-70.28000000000065,50.350000000000364,2664115.8541,2025-05-07,6
2025-05-07 01:30:00,2025-07-05 01:30:00,1490.74,3.2732,776.29,3.076,422.7,3.53,-1.9,3.6921500000000003,-7.8,3.4701999999999997,0.0,6.2,39.73,2.8225,2719.7599999999993,2715.55,2209386.1219999995,1414.77,0.21,4.2700000000000005,1419.25,1.238,439257.875,4139.009999999999,4134.8,4183.57,-44.5600000000004,48.76999999999953,2648643.9969999995,2025-05-07,7
2025-05-07 01:45:00,2025-07-05 01:45:00,1490.74,3.2732,776.29,3.076,422.7,3.53,-1.9,3.63971,-7.8,3.42248,0.0,6.2,38.21,2.8225,2718.2399999999993,2700.72,2208431.5349999997,1379.5300000000002,0.21,4.17,1383.9100000000003,1.238,428320.1450000001,4102.15,4084.63,4133.31,-31.160000000000764,48.68000000000029,2636751.6799999997,2025-05-07,8
2025-05-07 02:00:00,2025-07-05 02:00:00,1490.74,3.2732,776.29,3.076,400.15,3.53,-1.9,3.5654899999999996,-7.8,3.47098,0.0,6.2,36.43,2.8225,2693.9099999999994,2640.17,2187215.827,1377.13,0.21,5.26,1382.6000000000001,1.238,427914.7,4076.5099999999993,4022.7700000000004,4071.44,5.069999999999254,48.66999999999962,2615130.5270000002,2025-05-07,9
2025-05-07 02:15:00,2025-07-05 02:15:00,1490.74,3.2732,776.29,3.076,398.57,3.53,-1.9,3.56406,-7.8,3.6007,0.0,6.2,34.91,2.8225,2690.8099999999995,2632.99,2184496.65225,1326.4100000000003,0.2,5.1,1331.7100000000003,1.238,412164.24500000005,4022.5199999999995,3964.7,4015.6,6.919999999999618,50.90000000000009,2596660.89725,2025-05-07,10
2025-05-07 02:30:00,2025-07-05 02:30:00,1490.74,3.2732,776.29,3.076,398.57,3.53,-1.9,3.5006,-7.8,3.5821,0.0,6.2,33.13,2.8225,2689.0299999999997,2628.95,2183307.05325,1284.5600000000002,0.21,5.97,1290.7400000000002,1.238,399484.0300000001,3979.77,3919.69,3970.29,9.480000000000018,50.59999999999991,2582791.08325,2025-05-07,11
2025-05-07 02:45:00,2025-07-05 02:45:00,1490.74,3.2732,776.29,3.076,398.57,3.53,-1.9,3.49928,-7.8,3.58217,0.0,6.2,31.6,2.8225,2687.4999999999995,2650.75,2182227.9375000005,1226.0,0.21,6.06,1232.27,1.238,381387.565,3919.7699999999995,3883.02,3933.82,-14.050000000000637,50.80000000000018,2563615.5025000004,2025-05-07,12
2025-05-07 03:00:00,2025-07-05 03:00:00,1471.96,3.2732,1145.19,3.076,29.67,3.53,-1.9,3.45146,-7.8,3.2935700000000003,0.0,6.2,29.83,2.8225,2666.95,2606.7,2124326.64175,1232.1599999999999,0.21,5.840000000000001,1238.2099999999998,1.238,383225.99499999994,3905.16,3844.91,3894.88,10.279999999999745,49.970000000000255,2507552.63675,2025-05-07,13
2025-05-07 03:15:00,2025-07-05 03:15:00,1470.16,3.2732,1174.86,3.076,0.0,3.53,-1.9,3.45112,-7.8,3.246,0.0,6.2,29.14,2.8225,2664.4599999999996,2603.59,2119092.1985,1194.02,0.21,5.789999999999999,1200.02,1.238,371406.19,3864.4799999999996,3803.61,3856.0,8.479999999999563,52.38999999999987,2490498.3885,2025-05-07,14
2025-05-07 03:30:00,2025-07-05 03:30:00,1470.13,3.2732,1174.86,3.076,0.0,3.53,-1.9,3.42721,-7.8,3.05378,0.0,6.2,28.27,2.8225,2663.5599999999995,2603.07,2118839.942,1163.56,0.22,4.86,1168.6399999999999,1.238,361694.07999999996,3832.1999999999994,3771.71,3822.0,10.199999999999363,50.289999999999964,2480534.022,2025-05-07,15
2025-05-07 03:45:00,2025-07-05 03:45:00,1470.13,3.2732,1174.86,3.076,0.0,3.53,-1.9,3.4223000000000003,-7.8,3.0532600000000003,0.0,6.2,27.09,2.8225,2662.3799999999997,2621.52,2118010.65075,1112.92,0.21,4.14,1117.2700000000002,1.238,345795.06500000006,3779.6499999999996,3738.79,3789.75,-10.100000000000364,50.960000000000036,2463805.71575,2025-05-07,16
2025-05-07 04:00:00,2025-07-05 04:00:00,1489.23,3.2732,1174.86,3.076,0.0,3.53,-48.18,3.4106300000000003,-7.8,3.32183,0.0,6.2,26.44,2.8225,2634.55,2598.57,2093202.3671499996,1109.67,0.21,4.68,1114.5600000000002,1.238,344956.32000000007,3749.1100000000006,3713.13,3750.86,-1.7499999999995453,37.73000000000002,2438158.6871499997,2025-05-07,17
2025-05-07 04:15:00,2025-07-05 04:15:00,1479.52,3.2732,1174.86,3.076,0.0,3.53,-14.68,3.3992,-7.8,3.42222,0.0,6.2,25.29,2.8225,2657.19,2627.79,2112855.41925,1091.99,0.22999999999999998,5.1499999999999995,1097.3700000000001,1.238,339636.015,3754.5600000000004,3725.16,3733.64,20.920000000000528,8.480000000000018,2452491.43425,2025-05-07,18
2025-05-07 04:30:00,2025-07-05 04:30:00,1472.36,3.2732,1174.86,3.076,0.0,3.53,-2.55,3.3915100000000002,-7.8,3.4149499999999997,0.0,6.2,23.81,2.8225,2660.6799999999994,2628.17,2116279.219125,1085.83,0.25,5.89,1091.97,1.238,337964.715,3752.6499999999996,3720.1400000000003,3727.05,25.599999999999454,6.9099999999998545,2454243.9341249997,2025-05-07,19
2025-05-07 04:45:00,2025-07-05 04:45:00,1489.36,3.2732,1174.86,3.076,0.0,3.53,-22.78,3.39945,-7.8,3.49924,0.0,6.2,22.59,2.8225,2656.2299999999996,2630.6,2111967.3109999998,1069.55,0.25,5.5,1075.3,1.238,332805.35,3731.5299999999997,3705.8999999999996,3712.79,18.73999999999978,6.890000000000327,2444772.661,2025-05-07,20
2025-05-07 05:00:00,2025-07-05 05:00:00,1476.57,3.2732,1174.86,3.076,0.0,3.53,-3.58,3.03068,-7.8,3.42265,0.0,6.2,20.83,2.8225,2660.8799999999997,2648.18,2117056.1136500007,1058.1200000000001,0.24,4.34,1062.7,1.238,328905.65,3723.58,3710.88,3717.3,6.279999999999745,6.420000000000073,2445961.7636500006,2025-05-07,21
2025-05-07 05:15:00,2025-07-05 05:15:00,1476.71,3.2732,1174.86,3.076,0.0,3.53,-1.9,3.2289499999999998,-7.8,3.7280300000000004,0.0,6.2,19.59,2.8225,2661.4599999999996,2659.94,2116878.917,1063.78,0.24,1.71,1065.73,1.238,329843.435,3727.1899999999996,3725.67,3730.78,-3.5900000000006003,5.110000000000127,2446722.352,2025-05-07,22
2025-05-07 05:30:00,2025-07-05 05:30:00,1478.27,3.2732,1174.86,3.076,0.0,3.53,-1.9,3.2286599999999996,-7.8,3.49912,0.0,6.2,18.39,2.8225,2661.8199999999997,2631.31,2117755.2272499995,1085.81,0.24,0.9199999999999999,1086.97,1.238,336417.215,3748.79,3718.2799999999997,3723.66,25.13000000000011,5.380000000000109,2454172.4422499994,2025-05-07,23
2025-05-07 05:45:00,2025-07-05 05:45:00,1474.08,3.2732,1174.86,3.076,0.0,3.53,-1.9,3.2289499999999998,-7.8,3.4938000000000002,0.0,6.2,27.86,2.8225,2667.0999999999995,2623.95,2121019.0552499997,1097.07,0.22999999999999998,0.29000000000000004,1097.59,1.238,339704.105,3764.6899999999996,3721.54,3727.75,36.9399999999996,6.210000000000036,2460723.1602499997,2025-05-07,24
2025-05-07 06:00:00,2025-07-05 06:00:00,1500.23,3.2732,806.4,3.076,368.46,3.53,8.01,3.42277,0.85,3.43093,0.0,6.2,31.12,2.8225,2715.07,2684.34,2202467.978549999,1054.5099999999998,0.3,0.15,1054.9599999999998,1.238,326510.11999999994,3770.0299999999997,3739.3,3745.62,24.409999999999854,6.319999999999709,2528978.0985499993,2025-05-07,25
2025-05-07 06:15:00,2025-07-05 06:15:00,1510.54,3.2732,776.29,3.076,398.57,3.53,8.9,3.42265,-2.85,3.60193,0.0,6.2,37.43,2.8225,2728.88,2704.31,2216240.481875,1049.7600000000002,1.87,0.12000000000000001,1051.75,1.238,325516.625,3780.63,3756.06,3759.92,20.710000000000036,3.8600000000001273,2541757.106875,2025-05-07,26
2025-05-07 06:30:00,2025-07-05 06:30:00,1515.65,3.2732,776.29,3.076,398.57,3.53,51.97,3.3002399999999996,11.62,3.36731,0.0,6.2,42.58,2.8225,2796.68,2661.72,2271667.34625,1092.04,7.920000000000001,0.12,1100.08,1.238,340474.75999999995,3896.7599999999998,3761.7999999999997,3766.81,129.94999999999982,5.010000000000218,2612142.1062499997,2025-05-07,27
2025-05-07 06:45:00,2025-07-05 06:45:00,1516.18,3.2732,776.29,3.076,398.57,3.53,58.93,3.14918,19.81,3.20175,0.0,6.2,52.59,2.8225,2822.3700000000003,2670.99,2288755.9089749996,1022.8099999999998,15.16,0.06999999999999999,1038.0399999999997,1.238,321273.37999999995,3860.41,3709.0299999999997,3720.67,139.73999999999978,11.640000000000327,2610029.2889749995,2025-05-07,28
2025-05-07 07:00:00,2025-07-05 07:00:00,1510.22,3.2732,776.29,3.076,398.57,3.53,101.18,2.94852,15.93,3.2391199999999998,0.0,6.2,70.59,2.8225,2872.78,2824.5,2321810.7385500004,834.57,19.720000000000002,0.06999999999999999,854.3600000000001,1.238,264424.42000000004,3727.1400000000003,3678.86,3686.94,40.20000000000027,8.079999999999927,2586235.1585500003,2025-05-07,29
2025-05-07 07:15:00,2025-07-05 07:15:00,1505.42,3.2732,776.29,3.076,398.57,3.53,104.94,2.9021999999999997,15.56,2.9039099999999998,0.0,6.2,93.52,2.8225,2894.3,2826.61,2334015.6979000005,770.04,33.50000000000001,0.060000000000000005,803.5999999999999,1.238,248714.19999999998,3697.9,3630.21,3637.22,60.68000000000029,7.0099999999997635,2582729.8979000007,2025-05-07,30
2025-05-07 07:30:00,2025-07-05 07:30:00,1504.75,3.2732,776.29,3.076,398.57,3.53,104.42,2.40031,17.72,1.60517,0.0,6.2,119.89,2.8225,2921.64,2825.13,2334410.3369000005,712.4599999999999,48.97,0.06999999999999999,761.5,1.238,235684.25,3683.14,3586.63,3592.33,90.80999999999995,5.699999999999818,2570094.5869000005,2025-05-07,31
2025-05-07 07:45:00,2025-07-05 07:45:00,1504.73,3.2732,776.29,3.076,398.57,3.53,102.59,2.3953200000000003,17.88,0.7999299999999999,0.0,6.2,148.58,2.8225,2948.6400000000003,2868.33,2349877.0133,622.0,52.63,0.04,674.67,1.238,208810.365,3623.3100000000004,3543.0,3550.77,72.54000000000042,7.769999999999982,2558687.3783,2025-05-07,32
2025-05-07 08:00:00,2025-07-05 08:00:00,1418.02,3.2732,776.29,3.076,398.57,3.53,105.25,2.00081,17.88,1.96245,1.79,6.2,185.55,2.8225,2903.3500000000004,2851.1,2304192.484375,599.31,72.55,0.1,671.9599999999999,1.238,207971.61999999997,3575.3100000000004,3523.06,3527.05,48.26000000000022,3.9900000000002365,2512164.104375,2025-05-07,33
2025-05-07 08:15:00,2025-07-05 08:15:00,1411.57,3.2732,776.29,3.076,398.57,3.53,106.8,2.00022,17.88,2.20128,1.93,6.2,219.34,2.8225,2932.38,2880.93,2324801.6491,521.16,86.35,0.05,607.56,1.238,188039.81999999998,3539.94,3488.49,3502.88,37.059999999999945,14.390000000000327,2512841.4691,2025-05-07,34
2025-05-07 08:30:00,2025-07-05 08:30:00,1369.1,3.2732,776.29,3.076,398.57,3.53,103.85,1.9998099999999999,17.88,2.27476,5.68,6.2,252.6,2.8225,2923.97,2921.7,2318172.6843250003,462.65,101.17,0.06999999999999999,563.89,1.238,174523.955,3487.8599999999997,3485.5899999999997,3491.37,-3.5100000000002183,5.7800000000002,2492696.6393250003,2025-05-07,35
2025-05-07 08:45:00,2025-07-05 08:45:00,1365.68,3.2732,776.29,3.076,398.57,3.53,83.18,1.99959,11.94,2.19649,33.62,6.2,286.21,2.8225,2955.4900000000002,2958.34,2368446.9069499997,444.4,94.42,0.060000000000000005,538.8799999999999,1.238,166783.35999999996,3494.37,3497.2200000000003,3507.25,-12.88000000000011,10.029999999999745,2535230.2669499996,2025-05-07,36
2025-05-07 09:00:00,2025-07-05 09:00:00,1128.97,3.2732,776.29,3.076,398.57,3.53,62.1,1.99943,8.89,2.79925,57.21,6.2,318.37,2.8225,2750.3999999999996,2784.5,2223129.001125,655.52,95.01,0.07,750.6,1.238,232310.7,3500.9999999999995,3535.1,3538.35,-37.350000000000364,3.25,2455439.701125,2025-05-07,37
2025-05-07 09:15:00,2025-07-05 09:15:00,1110.54,3.2732,776.29,3.076,398.57,3.53,60.75,1.99952,8.71,2.7995900000000002,58.97,6.2,344.81,2.8225,2758.64,2764.4,2228633.7904749997,727.78,103.56000000000002,0.38,831.72,1.238,257417.34000000003,3590.3599999999997,3596.12,3612.39,-22.0300000000002,16.269999999999982,2486051.1304749995,2025-05-07,38
2025-05-07 09:30:00,2025-07-05 09:30:00,1111.46,3.2732,776.29,3.076,398.57,3.53,58.05,1.9993800000000002,55.41,1.99588,59.52,6.2,367.73,2.8225,2827.03,2827.83,2266612.1642000005,687.45,121.35999999999999,0.99,809.8000000000001,1.238,250633.1,3636.8300000000004,3637.63,3649.97,-13.139999999999418,12.33999999999969,2517245.2642000006,2025-05-07,39
2025-05-07 09:45:00,2025-07-05 09:45:00,1113.12,3.2732,776.29,3.076,398.57,3.53,59.63,1.99944,58.81,1.99598,59.65,6.2,388.44,2.8225,2854.51,2861.47,2285274.15375,672.35,143.56,0.9700000000000001,816.8800000000001,1.238,252824.36000000004,3671.3900000000003,3678.35,3691.17,-19.779999999999745,12.820000000000164,2538098.51375,2025-05-07,40
2025-05-07 10:00:00,2025-07-05 10:00:00,1116.65,3.2732,757.56,3.076,398.57,3.53,30.53,1.99923,61.61,1.78089,86.4,6.2,398.9,2.8225,2850.2200000000007,2893.81,2306139.4537,656.3900000000002,156.11000000000004,1.3099999999999998,813.8100000000002,1.238,251874.19500000004,3664.0300000000007,3707.62,3715.13,-51.099999999999454,7.510000000000218,2558013.6487,2025-05-07,41
2025-05-07 10:15:00,2025-07-05 10:15:00,1119.32,3.2732,737.52,3.076,398.57,3.53,28.51,1.99931,61.8,1.75015,88.43,6.2,413.84,2.8225,2847.9900000000002,2929.68,2305202.710525,654.47,151.04999999999998,1.99,807.51,1.238,249924.345,3655.5,3737.1899999999996,3748.37,-92.86999999999989,11.180000000000291,2555127.055525,2025-05-07,42
2025-05-07 10:30:00,2025-07-05 10:30:00,1119.51,3.2732,717.28,3.076,398.57,3.53,28.51,1.9993699999999999,105.47,1.7667599999999999,88.51,6.2,429.08,2.8225,2886.9300000000003,2905.44,2320217.006975,678.85,137.18,3.0100000000000002,819.04,1.238,253492.87999999998,3705.9700000000003,3724.48,3732.86,-26.889999999999873,8.38000000000011,2573709.8869749997,2025-05-07,43
2025-05-07 10:45:00,2025-07-05 10:45:00,1119.51,3.2732,697.7,3.076,398.57,3.53,28.51,1.9993800000000002,109.1,1.7661,88.33,6.2,436.11,2.8225,2877.8300000000004,2929.01,2311426.9352,668.13,131.29,2.99,802.41,1.238,248345.895,3680.2400000000002,3731.42,3743.94,-63.69999999999982,12.519999999999982,2559772.8302,2025-05-07,44
2025-05-07 11:00:00,2025-07-05 11:00:00,1119.51,3.2732,677.52,3.076,398.57,3.53,28.51,1.98098,189.04,1.76605,88.68,6.2,439.5,2.8225,2941.33,2967.09,2334005.08345,617.98,143.80999999999997,3.3200000000000003,765.11,1.238,236801.545,3706.44,3732.2000000000003,3746.15,-39.710000000000036,13.949999999999818,2570806.6284499997,2025-05-07,45
2025-05-07 11:15:00,2025-07-05 11:15:00,1119.51,3.2732,639.12,3.076,398.57,3.53,28.51,1.9007,237.36,1.7802200000000001,88.8,6.2,441.95,2.8225,2953.8200000000006,2985.26,2327992.8008000003,605.0,161.86000000000004,3.4699999999999998,770.33,1.238,238417.135,3724.1500000000005,3755.59,3763.61,-39.45999999999958,8.019999999999982,2566409.9358,2025-05-07,46
2025-05-07 11:30:00,2025-07-05 11:30:00,1122.66,3.2732,636.09,3.076,398.57,3.53,28.51,1.90069,211.1,1.98037,88.99,6.2,451.07,2.8225,2936.9900000000002,2997.27,2333845.8764750008,603.85,167.67000000000002,3.12,774.64,1.238,239751.08000000002,3711.63,3771.91,3783.9,-72.26999999999998,11.990000000000236,2573596.956475001,2025-05-07,47
2025-05-07 11:45:00,2025-07-05 11:45:00,1122.9,3.2732,636.09,3.076,398.57,3.53,28.51,1.9005999999999998,206.32,1.99569,88.91,6.2,451.6,2.8225,2932.9000000000005,2983.01,2332715.2717000004,603.6899999999999,163.05,3.4699999999999998,770.21,1.238,238379.995,3703.1100000000006,3753.2200000000003,3762.84,-59.72999999999956,9.61999999999989,2571095.2667000005,2025-05-07,48
2025-05-07 12:00:00,2025-07-05 12:00:00,1122.9,3.2732,636.09,3.076,398.57,3.53,28.06,1.9006500000000002,209.81,1.9808299999999999,87.83,6.2,451.0,2.8225,2934.26,3060.33,2331366.2253250005,533.74,172.18,4.87,710.7900000000001,1.238,219989.505,3645.05,3771.12,3784.94,-139.88999999999987,13.820000000000164,2551355.7303250004,2025-05-07,49
2025-05-07 12:15:00,2025-07-05 12:15:00,1122.9,3.2732,636.09,3.076,398.57,3.53,28.02,1.90061,210.81,1.97609,87.3,6.2,450.34,2.8225,2934.0300000000007,3141.11,2330305.1237750007,491.2,161.98000000000002,4.73,657.9100000000001,1.238,203623.14500000002,3591.9400000000005,3799.0200000000004,3804.63,-212.6899999999996,5.609999999999673,2533928.2687750007,2025-05-07,50
2025-05-07 12:30:00,2025-07-05 12:30:00,1122.9,3.2732,636.09,3.076,398.57,3.53,26.21,1.9007,224.08,1.8589200000000001,86.64,6.2,456.56,2.8225,2951.05,3101.3,2332803.4901500004,538.02,183.70999999999998,5.890000000000001,727.62,1.238,225198.38999999998,3678.67,3828.92,3842.4,-163.73000000000002,13.480000000000018,2558001.8801500006,2025-05-07,51
2025-05-07 12:45:00,2025-07-05 12:45:00,1120.2,3.2732,636.09,3.076,398.57,3.53,27.88,1.90073,225.0,1.85882,86.59,6.2,457.19,2.8225,2951.5200000000004,3108.66,2332176.8018500004,543.03,183.9,6.84,733.77,1.238,227101.815,3685.2900000000004,3842.43,3855.81,-170.51999999999953,13.38000000000011,2559278.6168500003,2025-05-07,52
2025-05-07 13:00:00,2025-07-05 13:00:00,1120.0,3.2732,636.09,3.076,398.57,3.53,26.41,1.9005999999999998,134.34,1.85803,87.13,6.2,457.56,2.8225,2860.1000000000004,3089.83,2290255.1590500004,546.01,181.36,5.75,733.12,1.238,226900.64,3593.2200000000003,3822.95,3831.34,-238.1199999999999,8.390000000000327,2517155.7990500005,2025-05-07,53
2025-05-07 13:15:00,2025-07-05 13:15:00,1120.0,3.2732,636.09,3.076,398.57,3.53,25.39,1.9005699999999999,136.35,1.79972,86.98,6.2,446.42,2.8225,2849.8,3030.94,2280623.171075,632.1899999999999,205.79999999999998,6.4,844.3899999999999,1.238,261338.70499999996,3694.19,3875.33,3884.43,-190.23999999999978,9.099999999999909,2541961.876075,2025-05-07,54
2025-05-07 13:30:00,2025-07-05 13:30:00,1120.0,3.2732,636.09,3.076,398.57,3.53,25.32,1.9008800000000001,171.74,1.98048,86.79,6.2,441.8,2.8225,2880.3100000000004,3036.48,2300721.3392000003,642.7,204.9,6.38,853.98,1.238,264306.81,3734.2900000000004,3890.46,3901.03,-166.73999999999978,10.570000000000164,2565028.1492000003,2025-05-07,55
2025-05-07 13:45:00,2025-07-05 13:45:00,1120.0,3.2732,636.09,3.076,398.57,3.53,26.22,1.98033,199.64,2.0763000000000003,87.14,6.2,438.9,2.8225,2906.56,3084.37,2318762.24365,666.2899999999998,198.52,7.550000000000001,872.3599999999998,1.238,269995.4199999999,3778.9199999999996,3956.7299999999996,3965.71,-186.79000000000042,8.980000000000473,2588757.66365,2025-05-07,56
2025-05-07 14:00:00,2025-07-05 14:00:00,1120.0,3.2732,636.09,3.076,398.57,3.53,27.81,2.37182,155.34,2.90036,84.83,6.2,448.56,2.8225,2871.2000000000003,3085.2,2334514.4441500003,791.9,186.76000000000002,6.54,985.1999999999999,1.238,304919.4,3856.4,4070.3999999999996,4082.61,-226.21000000000004,12.210000000000491,2639433.8441500003,2025-05-07,57
2025-05-07 14:15:00,2025-07-05 14:15:00,1120.0,3.2732,636.09,3.076,398.57,3.53,28.82,2.39523,151.87,2.9803699999999997,84.84,6.2,448.81,2.8225,2869.0000000000005,3106.17,2335995.621375,879.2700000000001,195.54,7.7299999999999995,1082.5400000000002,1.238,335046.13000000006,3951.540000000001,4188.71,4200.99,-249.4499999999989,12.279999999999745,2671041.751375,2025-05-07,58
2025-05-07 14:30:00,2025-07-05 14:30:00,1120.0,3.2732,636.09,3.076,398.57,3.53,28.89,2.39588,106.09,2.9001300000000003,83.94,6.2,434.97,2.8225,2808.55,3083.53,2288642.882475,1016.79,189.02,9.219999999999999,1215.03,1.238,376051.785,4023.58,4298.56,4306.05,-282.47000000000025,7.489999999999782,2664694.667475,2025-05-07,59
2025-05-07 14:45:00,2025-07-05 14:45:00,1115.74,3.2732,636.09,3.076,398.57,3.53,28.89,2.60005,12.97,3.00061,84.51,6.2,415.49,2.8225,2692.26,3027.58,2206580.2473000004,1096.1100000000001,183.77,9.19,1289.0700000000002,1.238,398967.16500000004,3981.3300000000004,4316.65,4330.36,-349.0299999999993,13.710000000000036,2605547.4123000004,2025-05-07,60
2025-05-07 15:00:00,2025-07-05 15:00:00,1115.41,3.2732,636.09,3.076,398.57,3.53,49.13,2.84926,9.79,3.17475,39.17,6.2,401.7,2.8225,2649.86,3026.16,2140560.5370750003,1110.66,182.09,8.66,1301.41,1.238,402786.395,3951.2700000000004,4327.57,4352.29,-401.0199999999995,24.720000000000255,2543346.9320750004,2025-05-07,61
2025-05-07 15:15:00,2025-07-05 15:15:00,1115.41,3.2732,636.09,3.076,398.57,3.53,54.93,2.9021399999999997,10.06,3.1905799999999997,31.39,6.2,390.75,2.8225,2637.2,3076.92,2125886.6530000004,1137.8499999999997,174.7,10.4,1322.9499999999998,1.238,409453.02499999997,3960.1499999999996,4399.87,4428.89,-468.7400000000007,29.020000000000437,2535339.6780000003,2025-05-07,62
2025-05-07 15:30:00,2025-07-05 15:30:00,1110.98,3.2732,636.09,3.076,398.57,3.53,76.09,2.903,10.54,3.3225100000000003,3.74,6.2,360.37,2.8225,2596.38,2945.79,2074066.3816000002,1295.07,169.05,10.23,1474.35,1.238,456311.32499999995,4070.73,4420.139999999999,4441.12,-370.3899999999999,20.980000000000473,2530377.7066,2025-05-07,63
2025-05-07 15:45:00,2025-07-05 15:45:00,1110.66,3.2732,636.09,3.076,398.57,3.53,78.44,2.90256,10.58,3.35099,1.93,6.2,336.04,2.8225,2572.31,2949.73,2055636.60815,1325.1299999999999,165.57,11.62,1502.3199999999997,1.238,464968.0399999999,4074.6299999999997,4452.049999999999,4478.48,-403.8499999999999,26.43000000000029,2520604.64815,2025-05-07,64
2025-05-07 16:00:00,2025-07-05 16:00:00,1043.08,3.2732,636.09,3.076,694.47,3.53,79.76,2.94869,11.49,3.32127,0.12,6.2,303.61,2.8225,2768.6200000000003,3151.46,2238333.3819250003,979.42,158.24,12.54,1150.1999999999998,1.238,355986.8999999999,3918.82,4301.66,4329.99,-411.1699999999996,28.329999999999927,2594320.2819250003,2025-05-07,65
2025-05-07 16:15:00,2025-07-05 16:15:00,1038.42,3.2732,636.09,3.076,717.12,3.53,80.39,3.03062,11.55,3.32273,0.0,6.2,276.32,2.8225,2759.8900000000003,2997.48,2237231.2643250003,1181.9600000000003,151.74,12.899999999999999,1346.6000000000004,1.238,416772.7000000001,4106.490000000001,4344.08,4368.89,-262.39999999999964,24.8100000000004,2654003.9643250005,2025-05-07,66
2025-05-07 16:30:00,2025-07-05 16:30:00,1068.53,3.2732,636.09,3.076,717.12,3.53,77.49,3.30002,275.48,3.494,0.0,6.2,252.59,2.8225,3027.2999999999997,3123.79,2479184.9452,1065.43,144.76999999999998,12.29,1222.49,1.238,378360.655,4249.79,4346.28,4410.16,-160.3699999999999,63.88000000000011,2857545.6002,2025-05-07,67
2025-05-07 16:45:00,2025-07-05 16:45:00,1132.4,3.2732,636.09,3.076,717.12,3.53,77.17,3.32798,223.44,3.4220900000000003,0.0,6.2,224.67,2.8225,3010.8900000000003,3185.31,2462550.3003,1032.2400000000002,139.10000000000002,9.309999999999999,1180.65,1.238,365411.175,4191.540000000001,4365.96,4421.79,-230.2499999999991,55.82999999999993,2827961.4752999996,2025-05-07,68
2025-05-07 17:00:00,2025-07-05 17:00:00,1149.39,3.2732,636.09,3.076,717.12,3.53,70.07,3.2365399999999998,213.62,3.20066,0.0,6.2,193.28,2.8225,2979.57,3191.4,2426567.98375,980.8299999999999,131.64,7.8100000000000005,1120.2799999999997,1.238,346726.6599999999,4099.85,4311.68,4370.75,-270.89999999999964,59.06999999999971,2773294.64375,2025-05-07,69
2025-05-07 17:15:00,2025-07-05 17:15:00,1243.47,3.2732,636.09,3.076,717.12,3.53,69.45,3.30054,123.74,3.21072,0.0,6.2,163.82,2.8225,2953.6899999999996,3166.31,2411767.84745,975.28,94.21999999999998,11.37,1080.87,1.238,334529.26499999996,4034.5599999999995,4247.18,4303.39,-268.83000000000084,56.210000000000036,2746297.11245,2025-05-07,70
2025-05-07 17:30:00,2025-07-05 17:30:00,1269.44,3.2732,636.09,3.076,717.12,3.53,-26.2,3.42238,151.0,3.3229499999999996,0.0,6.2,146.77,2.8225,2894.2200000000003,3020.43,2367383.7167500006,1119.5,36.059999999999995,15.66,1171.22,1.238,362492.59,4065.4400000000005,4191.65,4243.89,-178.44999999999982,52.24000000000069,2729876.3067500005,2025-05-07,71
2025-05-07 17:45:00,2025-07-05 17:45:00,1270.73,3.2732,636.09,3.076,717.12,3.53,-36.52,3.4518899999999997,122.82,3.42202,0.0,6.2,118.15,2.8225,2828.3900000000003,2978.72,2318776.9311500005,1148.8099999999997,23.889999999999997,16.53,1189.2299999999998,1.238,368066.68499999994,4017.62,4167.95,4218.55,-200.9300000000003,50.600000000000364,2686843.6161500006,2025-05-07,72
2025-05-07 18:00:00,2025-07-05 18:00:00,1401.94,3.2732,636.09,3.076,717.12,3.53,-2.05,3.54222,288.59,3.09415,13.1,6.2,94.01,2.8225,3148.8,3191.58,2577279.717625,931.85,12.189999999999998,16.85,960.89,1.238,297395.45499999996,4109.6900000000005,4152.47,4209.06,-99.36999999999989,56.590000000000146,2874675.172625,2025-05-07,73
2025-05-07 18:15:00,2025-07-05 18:15:00,1411.82,3.2732,636.09,3.076,717.12,3.53,99.81,3.8773299999999997,304.81,3.54085,5.29,6.2,74.64,2.8225,3249.5799999999995,3188.41,2704741.9649500004,970.33,4.93,13.05,988.31,1.238,305881.94499999995,4237.889999999999,4176.719999999999,4231.54,6.349999999999454,54.82000000000062,3010623.9099500002,2025-05-07,74
2025-05-07 18:30:00,2025-07-05 18:30:00,1469.22,3.2732,636.09,3.076,717.12,3.53,107.19,4.17079,59.42,3.76977,0.33,6.2,60.49,2.8225,3049.8599999999997,3130.12,2535235.7706250004,1182.63,1.1300000000000001,12.58,1196.3400000000001,1.238,370267.23000000004,4246.2,4326.46,4369.2,-123.0,42.73999999999978,2905503.0006250003,2025-05-07,75
2025-05-07 18:45:00,2025-07-05 18:45:00,1476.51,3.2732,636.09,3.076,717.12,3.53,108.61,4.40966,61.9,4.00022,0.0,6.2,39.7,2.8225,3039.93,2983.13,2539889.7531500002,1493.83,0.28,13.89,1508.0,1.238,466726.0,4547.93,4491.13,4540.89,7.039999999999964,49.76000000000022,3006615.7531500002,2025-05-07,76
2025-05-07 19:00:00,2025-07-05 19:00:00,1476.72,3.2732,636.09,3.076,717.12,3.53,108.0,4.58273,99.17,4.5002200000000006,0.0,6.2,31.91,2.8225,3069.0099999999998,3055.98,2588233.4941,1513.17,0.27,14.95,1528.39,1.238,473036.705,4597.4,4584.37,4630.63,-33.23000000000047,46.26000000000022,3061270.1991,2025-05-07,77
2025-05-07 19:15:00,2025-07-05 19:15:00,1476.72,3.2732,636.09,3.076,717.12,3.53,108.94,5.07966,119.96,4.78912,0.0,6.2,24.52,2.8225,3083.35,3004.31,2629683.7599000004,1586.79,0.25,16.0,1603.04,1.238,496140.88,4686.389999999999,4607.35,4657.85,28.539999999999054,50.5,3125824.6399000003,2025-05-07,78
2025-05-07 19:30:00,2025-07-05 19:30:00,1476.72,3.2732,636.09,3.076,717.12,3.53,108.83,5.45034,65.7,4.50015,0.0,6.2,24.0,2.8225,3028.4599999999996,3015.76,2569551.6753000002,1583.01,0.25,14.62,1597.8799999999999,1.238,494543.8599999999,4626.339999999999,4613.64,4664.14,-37.80000000000109,50.5,3064095.5353,2025-05-07,79
2025-05-07 19:45:00,2025-07-05 19:45:00,1476.72,3.2732,636.09,3.076,717.12,3.53,110.08,5.075699999999999,61.07,4.10721,0.0,6.2,24.0,2.8225,3025.08,3012.37,2549736.678675,1587.17,0.25,12.649999999999999,1600.0700000000002,1.238,495221.66500000004,4625.15,4612.4400000000005,4664.73,-39.57999999999993,52.289999999999054,3044958.343675,2025-05-07,80
2025-05-07 20:00:00,2025-07-05 20:00:00,1476.72,3.2732,636.09,3.076,717.12,3.53,109.99,5.022819999999999,195.53,3.4307,0.0,6.2,23.44,2.8225,3158.89,3157.38,2652767.6217,1431.28,0.24,13.700000000000001,1445.22,1.238,447295.59,4604.11,4602.6,4660.23,-56.11999999999989,57.6299999999992,3100063.2117,2025-05-07,81
2025-05-07 20:15:00,2025-07-05 20:15:00,1476.72,3.2732,636.09,3.076,717.12,3.53,109.8,5.00047,206.35,3.5003,0.0,6.2,22.56,2.8225,3168.64,3132.62,2664165.113750001,1468.01,0.25,13.459999999999999,1481.72,1.238,458592.33999999997,4650.36,4614.34,4660.61,-10.25,46.26999999999953,3122757.453750001,2025-05-07,82
2025-05-07 20:30:00,2025-07-05 20:30:00,1477.7,3.2732,636.09,3.076,717.12,3.53,108.79,5.0753,205.9,3.87588,0.0,6.2,22.5,2.8225,3168.1,3011.76,2684636.47725,1582.2299999999998,0.24,13.25,1595.7199999999998,1.238,493875.3399999999,4763.82,4607.48,4654.08,109.73999999999978,46.600000000000364,3178511.81725,2025-05-07,83
2025-05-07 20:45:00,2025-07-05 20:45:00,1478.08,3.2732,636.09,3.076,717.12,3.53,108.81,5.07509,205.86,3.58262,0.0,6.2,22.5,2.8225,3168.46,3007.74,2669835.7105250005,1592.08,0.24,14.4,1606.72,1.238,497279.83999999997,4775.18,4614.46,4670.16,105.02000000000044,55.69999999999982,3167115.5505250003,2025-05-07,84
2025-05-07 21:00:00,2025-07-05 21:00:00,1460.08,3.2732,636.09,3.076,717.12,3.53,75.52,6.2812,241.3,3.5316300000000003,0.0,6.2,35.04,2.8225,3165.15,3041.97,2673154.80975,1579.1499999999999,0.24,13.299999999999999,1592.6899999999998,1.238,492937.55499999993,4757.84,4634.66,4680.22,77.61999999999989,45.5600000000004,3166092.3647499997,2025-05-07,85
2025-05-07 21:15:00,2025-07-05 21:15:00,1458.7,3.2732,636.09,3.076,717.12,3.53,77.49,5.40046,275.24,3.78083,0.0,6.2,36.0,2.8225,3200.6399999999994,3080.77,2705847.64365,1571.8000000000002,0.22999999999999998,13.02,1585.0500000000002,1.238,490572.97500000003,4785.69,4665.82,4713.48,72.21000000000004,47.659999999999854,3196420.61865,2025-05-07,86
2025-05-07 21:30:00,2025-07-05 21:30:00,1458.7,3.2732,636.09,3.076,717.12,3.53,73.43,5.4002799999999995,259.71,4.120010000000001,0.0,6.2,36.0,2.8225,3181.0499999999997,3158.61,2707705.9093750003,1536.3400000000001,0.22999999999999998,11.370000000000001,1547.94,1.238,479087.43000000005,4728.99,4706.55,4753.25,-24.26000000000022,46.69999999999982,3186793.3393750004,2025-05-07,87
2025-05-07 21:45:00,2025-07-05 21:45:00,1458.7,3.2732,636.09,3.076,717.12,3.53,46.89,6.49953,369.39,4.41086,0.0,6.2,36.0,2.8225,3264.1899999999996,3205.59,2824590.9542750004,1561.82,0.22999999999999998,10.900000000000002,1572.95,1.238,486828.025,4837.139999999999,4778.54,4828.46,8.679999999999382,49.92000000000007,3311418.9792750003,2025-05-07,88
2025-05-07 22:00:00,2025-07-05 22:00:00,1460.44,3.2732,636.09,3.076,717.12,3.53,1.33,9.49939,427.22,4.0112,0.0,6.2,36.0,2.8225,3278.2,3282.84,2774066.9251750004,1553.4699999999996,0.22999999999999998,12.540000000000001,1566.2399999999996,1.238,484751.27999999985,4844.44,4849.08,4890.63,-46.19000000000051,41.55000000000018,3258818.2051750002,2025-05-07,89
2025-05-07 22:15:00,2025-07-05 22:15:00,1460.84,3.2732,636.09,3.076,717.12,3.53,-32.25,9.90933,511.09,4.27438,0.0,6.2,36.0,2.8225,3328.89,3112.74,2809073.7274250006,1392.67,0.21000000000000002,13.27,1406.15,1.238,435203.42500000005,4735.04,4518.889999999999,4564.84,170.19999999999982,45.95000000000073,3244277.1524250004,2025-05-07,90
2025-05-07 22:30:00,2025-07-05 22:30:00,1460.86,3.2732,636.09,3.076,717.12,3.53,-93.35,9.90996,589.03,4.92037,0.0,6.2,36.0,2.8225,3345.75,3129.53,2836123.5417750003,817.64,0.19,14.09,831.9200000000001,1.238,257479.24,4177.67,3961.4500000000003,3997.0,180.67000000000007,35.54999999999973,3093602.7817750005,2025-05-07,91
2025-05-07 22:45:00,2025-07-05 22:45:00,1459.26,3.2732,636.09,3.076,717.12,3.53,-101.61,9.99944,612.75,5.0003400000000005,0.0,6.2,36.0,2.8225,3359.6099999999997,3003.36,2853505.3771500005,792.32,0.18999999999999997,13.610000000000001,806.1200000000001,1.238,249494.14000000004,4165.73,3809.4800000000005,3856.34,309.3899999999994,46.85999999999967,3102999.5171500007,2025-05-07,92
2025-05-07 23:00:00,2025-07-05 23:00:00,1459.14,3.2732,636.09,3.076,717.12,3.53,-101.9,9.49983,560.45,3.9990900000000003,0.0,6.2,36.0,2.8225,3306.8999999999996,3087.33,2659742.700375001,710.4099999999999,0.26,11.940000000000001,722.6099999999999,1.238,223647.79499999998,4029.5099999999993,3809.9399999999996,3850.89,178.61999999999944,40.95000000000027,2883390.495375001,2025-05-07,93
2025-05-07 23:15:00,2025-07-05 23:15:00,1459.14,3.2732,636.09,3.076,717.12,3.53,-195.01,9.99918,573.96,3.9907600000000003,0.0,6.2,36.0,2.8225,3227.3,3120.81,2426577.5014500003,720.2099999999998,0.26,9.18,729.6499999999997,1.238,225826.6749999999,3956.95,3850.4599999999996,3891.89,65.05999999999995,41.43000000000029,2652404.17645,2025-05-07,94
2025-05-07 23:30:00,2025-07-05 23:30:00,1461.28,3.2732,636.09,3.076,717.12,3.53,-108.79,9.08566,396.69,3.82002,0.0,6.2,36.0,2.8225,3138.39,3147.44,2474913.2296000007,984.65,0.26,7.409999999999999,992.3199999999999,1.238,307123.04,4130.71,4139.76,4183.6,-52.89000000000033,43.840000000000146,2782036.2696000007,2025-05-07,95
2025-05-07 23:45:00,2025-07-05 23:45:00,1461.82,3.2732,636.09,3.076,717.12,3.53,-101.9,9.06668,301.04,3.62059,0.0,6.2,36.0,2.8225,3050.1699999999996,3013.87,2385133.3464000006,1415.3799999999999,0.22999999999999998,7.04,1422.6499999999999,1.238,440310.17499999993,4472.82,4436.5199999999995,4479.29,-6.470000000000255,42.77000000000044,2825443.5214000004,2025-05-07,96
2025-05-08 00:00:00,2025-08-05 00:00:00,1461.3,3.2732,547.1,3.076,444.29,3.53,-101.9,4.0526,16.81,3.82079,0.0,6.2,22.1,2.8225,2389.7,2885.33,1936998.8124749998,1549.0299999999997,0.24,6.41,1555.6799999999998,1.238,481482.95999999996,3945.3799999999997,4441.01,4491.08,-545.7000000000003,50.06999999999971,2418481.7724749995,2025-05-08,1
2025-05-08 00:15:00,2025-08-05 00:15:00,1461.94,3.2732,540.06,3.076,422.7,3.53,-101.9,3.77161,-3.8,3.56249,0.0,6.2,20.45,2.8225,2339.4499999999994,2797.61,1899608.293,1561.8899999999996,0.24,4.43,1566.5599999999997,1.238,484850.3199999999,3906.0099999999993,4364.17,4443.47,-537.460000000001,79.30000000000018,2384458.613,2025-05-08,2
2025-05-08 00:30:00,2025-08-05 00:30:00,1462.0,3.2732,540.06,3.076,422.7,3.53,-101.9,3.5853800000000002,442.38,3.77129,0.0,6.2,19.56,2.8225,2784.7999999999997,2763.9,2324243.77705,1509.8199999999995,0.25,3.73,1513.7999999999995,1.238,468521.0999999998,4298.599999999999,4277.7,4360.54,-61.94000000000051,82.84000000000015,2792764.87705,2025-05-08,3
2025-05-08 00:45:00,2025-08-05 00:45:00,1462.0,3.2732,540.06,3.076,422.7,3.53,-101.9,3.5606,406.69,3.71027,0.0,6.2,18.66,2.8225,2748.2099999999996,2740.58,2284386.5940750004,1466.4,0.25,2.74,1469.39,1.238,454776.205,4217.599999999999,4209.97,4288.51,-70.91000000000076,78.53999999999996,2739162.7990750005,2025-05-08,4
2025-05-08 01:00:00,2025-08-05 01:00:00,1463.07,3.2732,540.06,3.076,422.7,3.53,-101.9,3.40665,294.41,3.7384899999999996,0.0,6.2,9.67,2.8225,2628.0099999999998,2642.27,2180770.266225,1473.6200000000001,0.22999999999999998,1.49,1475.3400000000001,1.238,456617.73000000004,4103.35,4117.610000000001,4197.26,-93.90999999999985,79.64999999999964,2637387.996225,2025-05-08,5
2025-05-08 01:15:00,2025-08-05 01:15:00,1465.05,3.2732,540.06,3.076,422.7,3.53,-101.9,3.38186,259.47,3.71036,0.0,6.2,9.0,2.8225,2594.38,2573.06,2148068.8238000004,1478.2500000000002,0.24,1.01,1479.5000000000002,1.238,457905.25000000006,4073.88,4052.5600000000004,4135.21,-61.32999999999993,82.64999999999964,2605974.0738000004,2025-05-08,6
2025-05-08 01:30:00,2025-08-05 01:30:00,1465.24,3.2732,540.06,3.076,422.7,3.53,-101.9,3.38149,329.0,3.7510700000000003,0.0,6.2,9.0,2.8225,2664.1,2648.6,2216077.4567500004,1350.91,0.24,1.02,1352.17,1.238,418496.615,4016.27,4000.77,4088.61,-72.34000000000015,87.84000000000015,2634574.07175,2025-05-08,7
2025-05-08 01:45:00,2025-08-05 01:45:00,1465.24,3.2732,540.06,3.076,422.7,3.53,-101.9,3.38179,289.38,3.73844,0.0,6.2,9.0,2.8225,2624.48,2608.88,2178001.74855,1350.26,0.24,1.03,1351.53,1.238,418298.53500000003,3976.01,3960.41,4040.9,-64.88999999999987,80.49000000000024,2596300.2835500003,2025-05-08,8
2025-05-08 02:00:00,2025-08-05 02:00:00,1465.24,3.2732,540.06,3.076,400.23,3.53,-101.9,3.38198,232.18,3.51542,0.0,6.2,9.0,2.8225,2544.8099999999995,2562.63,2091762.2454000001,1353.2099999999998,0.24,0.81,1354.2599999999998,1.238,419143.4699999999,3899.0699999999993,3916.89,3994.19,-95.1200000000008,77.30000000000018,2510905.7154,2025-05-08,9
2025-05-08 02:15:00,2025-08-05 02:15:00,1465.24,3.2732,540.06,3.076,398.57,3.53,-101.9,3.3817,182.99,3.47029,0.0,6.2,9.0,2.8225,2493.96,2487.75,2045008.966275,1362.5299999999997,0.24,1.09,1363.8599999999997,1.238,422114.66999999987,3857.8199999999997,3851.6099999999997,3934.26,-76.44000000000051,82.65000000000055,2467123.636275,2025-05-08,10
2025-05-08 02:30:00,2025-08-05 02:30:00,1465.24,3.2732,540.06,3.076,398.57,3.53,-101.9,3.38141,134.93,3.01523,0.0,6.2,9.0,2.8225,2445.8999999999996,2437.63,1987970.5082249998,1372.8799999999999,0.24,0.45999999999999996,1373.58,1.238,425123.00999999995,3819.4799999999996,3811.21,3893.74,-74.26000000000022,82.52999999999975,2413093.518225,2025-05-08,11
2025-05-08 02:45:00,2025-08-05 02:45:00,1465.24,3.2732,540.06,3.076,398.57,3.53,-101.9,3.38123,59.87,3.0156799999999997,0.0,6.2,9.0,2.8225,2370.8399999999997,2366.92,1931401.03815,1387.5299999999997,0.24,0.41000000000000003,1388.1799999999998,1.238,429641.7099999999,3759.0199999999995,3755.1,3840.2,-81.18000000000029,85.09999999999991,2361042.74815,2025-05-08,12
2025-05-08 03:00:00,2025-08-05 03:00:00,1465.24,3.2732,911.17,3.076,27.46,3.53,-101.9,3.2441199999999997,0.51,3.098,0.0,6.2,9.0,2.8225,2311.48,2328.37,1848030.7350000003,1387.8099999999997,0.25,0.53,1388.5899999999997,1.238,429768.6049999999,3700.0699999999997,3716.9599999999996,3801.88,-101.8100000000004,84.92000000000053,2277799.3400000003,2025-05-08,13
2025-05-08 03:15:00,2025-08-05 03:15:00,1465.24,3.2732,938.63,3.076,0.0,3.53,-101.9,3.2050799999999997,-3.8,3.2210799999999997,0.0,6.2,9.0,2.8225,2307.1699999999996,2275.5,1842453.548,1389.3799999999999,0.24,0.22,1389.84,1.238,430155.48,3697.0099999999993,3665.34,3746.74,-49.73000000000047,81.39999999999964,2272609.028,2025-05-08,14
2025-05-08 03:30:00,2025-08-05 03:30:00,1465.24,3.2732,938.63,3.076,0.0,3.53,-101.9,3.08076,121.13,3.2100500000000003,0.0,6.2,9.0,2.8225,2432.1,2396.47,1945888.965125,1247.91,0.24,0.13,1248.2800000000002,1.238,386342.6600000001,3680.38,3644.75,3705.17,-24.789999999999964,60.42000000000007,2332231.6251250003,2025-05-08,15
2025-05-08 03:45:00,2025-08-05 03:45:00,1465.24,3.2732,938.63,3.076,0.0,3.53,-101.9,3.08023,95.6,3.0121599999999997,0.0,6.2,9.0,2.8225,2406.5699999999997,2409.58,1920684.7517500003,1225.9099999999999,0.24,0.13,1226.28,1.238,379533.66,3632.8499999999995,3635.8599999999997,3677.14,-44.29000000000042,41.2800000000002,2300218.4117500004,2025-05-08,16
2025-05-08 04:00:00,2025-08-05 04:00:00,1465.24,3.2732,938.63,3.076,0.0,3.53,-101.9,3.07063,92.73,2.9715100000000003,0.0,6.2,9.0,2.8225,2403.7,2375.92,1917825.718325,1256.9999999999998,0.24,0.36000000000000004,1257.5999999999997,1.238,389227.19999999995,3661.2999999999993,3633.5199999999995,3646.55,14.74999999999909,13.030000000000655,2307052.918325,2025-05-08,17
2025-05-08 04:15:00,2025-08-05 04:15:00,1465.24,3.2732,938.63,3.076,0.0,3.53,-101.9,3.07085,48.16,2.97172,0.0,6.2,9.0,2.8225,2359.1299999999997,2344.97,1884712.5920500003,1276.62,0.24,1.0,1277.86,1.238,395497.67,3636.99,3622.83,3626.93,10.059999999999945,4.099999999999909,2280210.2620500005,2025-05-08,18
2025-05-08 04:30:00,2025-08-05 04:30:00,1465.24,3.2732,938.63,3.076,0.0,3.53,-101.9,3.08,133.81,3.36234,0.0,6.2,9.0,2.8225,2444.7799999999997,2328.51,1961178.6658500002,1278.7999999999997,0.24,0.84,1279.8799999999997,1.238,396122.85999999987,3724.6599999999994,3608.39,3611.2,113.45999999999958,2.8099999999999454,2357301.52585,2025-05-08,19
2025-05-08 04:45:00,2025-08-05 04:45:00,1465.24,3.2732,938.63,3.076,0.0,3.53,-101.9,3.0802899999999998,141.0,3.51585,0.0,6.2,9.0,2.8225,2451.97,2313.73,1972626.31175,1276.7,0.24,1.25,1278.19,1.238,395599.805,3730.16,3591.92,3599.56,130.5999999999999,7.639999999999873,2368226.11675,2025-05-08,20
2025-05-08 05:00:00,2025-08-05 05:00:00,1465.24,3.2732,938.63,3.076,0.0,3.53,-101.9,3.07011,95.89,2.82352,0.0,6.2,9.0,2.8225,2406.8599999999997,2328.49,1916638.76795,1270.54,0.24,0.9600000000000001,1271.74,1.238,393603.52999999997,3678.5999999999995,3600.2299999999996,3604.63,73.96999999999935,4.400000000000546,2310242.29795,2025-05-08,21
2025-05-08 05:15:00,2025-08-05 05:15:00,1465.24,3.2732,938.63,3.076,0.0,3.53,-101.9,3.07095,92.73,3.2905900000000003,0.0,6.2,9.0,2.8225,2403.7,2349.61,1925214.6384250002,1257.1299999999999,0.23,1.5,1258.86,1.238,389617.17,3662.5599999999995,3608.4700000000003,3613.4,49.1599999999994,4.929999999999836,2314831.8084250004,2025-05-08,22
2025-05-08 05:30:00,2025-08-05 05:30:00,1465.24,3.2732,938.63,3.076,0.0,3.53,-101.9,3.08064,92.73,3.4997800000000003,0.0,6.2,9.0,2.8225,2403.7,2400.9,1929817.3328500001,1220.4999999999998,0.23,1.7900000000000003,1222.5199999999998,1.238,378369.93999999994,3626.2199999999993,3623.42,3627.21,-0.9900000000006912,3.7899999999999636,2308187.2728500003,2025-05-08,23
2025-05-08 05:45:00,2025-08-05 05:45:00,1466.96,3.2732,938.63,3.076,0.0,3.53,-101.9,3.20037,92.73,3.566,0.0,6.2,20.5,2.8225,2416.92,2415.8,1937824.51975,1215.0099999999998,0.22000000000000003,1.76,1216.9899999999998,1.238,376658.4049999999,3633.91,3632.79,3637.45,-3.5399999999999636,4.6599999999998545,2314482.92475,2025-05-08,24
2025-05-08 06:00:00,2025-08-05 06:00:00,1467.37,3.2732,567.96,3.076,370.67,3.53,-51.81,3.40687,102.03,3.49982,0.0,6.2,25.29,2.8225,2481.51,2505.11,2027615.817225,1147.04,0.35000000000000003,1.5099999999999998,1148.8999999999999,1.238,355584.55,3630.41,3654.01,3658.84,-28.43000000000029,4.829999999999927,2383200.3672249997,2025-05-08,25
2025-05-08 06:15:00,2025-08-05 06:15:00,1467.39,3.2732,540.06,3.076,398.57,3.53,-47.95,3.4067,102.77,3.4991,0.0,6.2,31.31,2.8225,2492.15,2485.77,2038965.3312499998,1177.3700000000001,3.2999999999999994,1.04,1181.71,1.238,365739.245,3673.86,3667.48,3669.01,4.849999999999909,1.5300000000002,2404704.57625,2025-05-08,26
2025-05-08 06:30:00,2025-08-05 06:30:00,1467.39,3.2732,540.06,3.076,398.57,3.53,-50.18,3.30048,30.35,2.998,0.0,6.2,39.6,2.8225,2425.79,2403.54,1977094.9553999999,1236.6499999999999,8.619999999999997,0.72,1245.9899999999998,1.238,385633.9049999999,3671.7799999999997,3649.5299999999997,3647.88,23.899999999999636,-1.6499999999996362,2362728.8603999997,2025-05-08,27
2025-05-08 06:45:00,2025-08-05 06:45:00,1467.39,3.2732,540.06,3.076,398.57,3.53,-47.84,3.0709400000000002,26.35,2.8234899999999996,0.0,6.2,51.34,2.8225,2435.87,2399.91,1985907.4874749999,1197.21,16.64,0.99,1214.8400000000001,1.238,375992.98000000004,3650.71,3614.75,3613.71,37.0,-1.0399999999999636,2361900.467475,2025-05-08,28
2025-05-08 07:00:00,2025-08-05 07:00:00,1466.08,3.2732,540.06,3.076,398.57,3.53,-39.39,3.07035,202.77,2.42065,0.0,6.2,69.07,2.8225,2637.1600000000003,2460.1,2107948.4762500003,1104.0500000000002,27.68,0.9500000000000001,1132.6800000000003,1.238,350564.46000000014,3769.8400000000006,3592.78,3597.52,172.32000000000062,4.739999999999782,2458512.9362500003,2025-05-08,29
2025-05-08 07:15:00,2025-08-05 07:15:00,1465.98,3.2732,540.06,3.076,398.57,3.53,58.72,2.9025700000000003,212.77,2.34967,0.0,6.2,91.8,2.8225,2767.9,2712.75,2199026.523075,806.26,41.93,0.31000000000000005,848.4999999999999,1.238,262610.74999999994,3616.4,3561.25,3567.13,49.26999999999998,5.880000000000109,2461637.273075,2025-05-08,30
2025-05-08 07:30:00,2025-08-05 07:30:00,1465.98,3.2732,540.06,3.076,398.57,3.53,67.32,2.56967,30.01,2.16913,0.0,6.2,117.99,2.8225,2619.9300000000003,2642.62,2109433.7366750003,836.58,53.98000000000001,0.49,891.0500000000001,1.238,275779.97500000003,3510.9800000000005,3533.67,3526.67,-15.6899999999996,-7.0,2385213.7116750004,2025-05-08,31
2025-05-08 07:45:00,2025-08-05 07:45:00,1465.98,3.2732,540.06,3.076,398.57,3.53,65.66,2.3957800000000002,131.95,1.7337799999999999,0.0,6.2,146.4,2.8225,2748.62,2730.35,2166478.8954500007,671.06,70.51000000000002,0.8999999999999999,742.4699999999999,1.238,229794.46499999997,3491.0899999999997,3472.8199999999997,3481.65,9.4399999999996,8.830000000000382,2396273.3604500005,2025-05-08,32
2025-05-08 08:00:00,2025-08-05 08:00:00,1377.45,3.2732,540.06,3.076,398.57,3.53,51.84,1.99935,27.74,2.01426,17.23,6.2,183.73,2.8225,2596.62,2653.09,2090442.95035,714.26,84.49000000000001,1.6800000000000002,800.43,1.238,247733.085,3397.0499999999997,3453.52,3451.64,-54.590000000000146,-1.8800000000001091,2338176.03535,2025-05-08,33
2025-05-08 08:15:00,2025-08-05 08:15:00,1370.79,3.2732,540.06,3.076,398.57,3.53,32.94,1.99902,15.06,2.01471,41.52,6.2,217.74,2.8225,2616.6800000000003,2618.41,2130807.72235,726.0500000000001,99.71999999999998,3.34,829.1100000000001,1.238,256609.545,3445.7900000000004,3447.52,3449.21,-3.419999999999618,1.6900000000000546,2387417.26735,2025-05-08,34
2025-05-08 08:30:00,2025-08-05 08:30:00,1333.15,3.2732,540.06,3.076,398.57,3.53,25.58,1.99901,106.05,1.90286,49.08,6.2,243.48,2.8225,2695.9700000000003,2634.52,2169073.6297,661.4499999999999,115.28,4.65,781.3799999999999,1.238,241837.10999999996,3477.3500000000004,3415.8999999999996,3424.37,52.98000000000047,8.470000000000255,2410910.7397,2025-05-08,35
2025-05-08 08:45:00,2025-08-05 08:45:00,1330.32,3.2732,540.06,3.076,398.57,3.53,25.13,1.80098,85.69,1.78888,49.97,6.2,275.92,2.8225,2705.66,2725.47,2177431.5096499994,578.48,129.1,4.93,712.51,1.238,220521.84499999997,3418.17,3437.9799999999996,3450.41,-32.23999999999978,12.430000000000291,2397953.354649999,2025-05-08,36
2025-05-08 09:00:00,2025-08-05 09:00:00,1195.4,3.2732,540.06,3.076,398.57,3.53,26.56,1.80072,25.14,2.02562,50.09,6.2,307.02,2.8225,2542.84,2734.45,2064208.275,611.6400000000001,141.70000000000002,7.640000000000001,760.9800000000001,1.238,235523.31000000003,3303.82,3495.43,3499.44,-195.6199999999999,4.010000000000218,2299731.585,2025-05-08,37
2025-05-08 09:15:00,2025-08-05 09:15:00,1111.92,3.2732,540.06,3.076,398.57,3.53,26.67,1.80048,17.57,2.60011,50.19,6.2,333.29,2.8225,2478.2700000000004,2654.11,2013326.2408249998,759.2099999999999,151.14,7.44,917.79,1.238,284056.00499999995,3396.0600000000004,3571.9,3585.63,-189.5699999999997,13.730000000000018,2297382.2458249996,2025-05-08,38
2025-05-08 09:30:00,2025-08-05 09:30:00,1106.4,3.2732,540.06,3.076,398.57,3.53,24.87,1.8002799999999999,125.35,1.99976,50.73,6.2,357.16,2.8225,2603.14,2715.25,2076924.5299000004,747.4200000000001,146.89999999999998,8.620000000000001,902.94,1.238,279459.93000000005,3506.08,3618.19,3640.98,-134.9000000000001,22.789999999999964,2356384.4599000006,2025-05-08,39
2025-05-08 09:45:00,2025-08-05 09:45:00,1107.54,3.2732,540.06,3.076,398.57,3.53,25.64,1.80013,166.29,1.91303,50.86,6.2,380.46,2.8225,2669.42,2827.02,2111707.507475,707.1600000000001,147.32,8.99,863.47,1.238,267243.965,3532.8900000000003,3690.49,3703.91,-171.01999999999953,13.420000000000073,2378951.4724749997,2025-05-08,40
2025-05-08 10:00:00,2025-08-05 10:00:00,1107.69,3.2732,540.06,3.076,398.57,3.53,24.9,1.7314500000000002,211.83,1.76638,50.87,6.2,389.52,2.8225,2723.4399999999996,2830.02,2131491.7871000003,675.72,179.73999999999998,9.01,864.47,1.238,267553.465,3587.91,3694.49,3703.12,-115.21000000000004,8.63000000000011,2399045.2521,2025-05-08,41
2025-05-08 10:15:00,2025-08-05 10:15:00,1109.66,3.2732,540.06,3.076,398.57,3.53,24.84,1.73128,215.23,1.73169,50.78,6.2,406.01,2.8225,2745.1500000000005,2818.79,2144207.907725,710.47,176.23000000000005,8.809999999999999,895.51,1.238,277160.34500000003,3640.6600000000008,3714.3,3719.35,-78.68999999999915,5.049999999999727,2421368.252725,2025-05-08,42
2025-05-08 10:30:00,2025-08-05 10:30:00,1110.66,3.2732,540.06,3.076,398.57,3.53,26.61,1.76913,261.66,1.77667,50.86,6.2,421.94,2.8225,2810.36,2789.59,2180451.660875,733.86,163.57,10.24,907.6700000000001,1.238,280923.86500000005,3718.03,3697.26,3710.54,7.4900000000002365,13.279999999999745,2461375.5258750003,2025-05-08,43
2025-05-08 10:45:00,2025-08-05 10:45:00,1110.74,3.2732,540.06,3.076,398.57,3.53,26.77,1.7698699999999998,266.9,1.77672,50.69,6.2,430.05,2.8225,2823.78,2826.74,2188382.735225,697.25,164.91,10.25,872.41,1.238,270010.895,3696.19,3699.1499999999996,3715.42,-19.230000000000018,16.270000000000437,2458393.630225,2025-05-08,44
2025-05-08 11:00:00,2025-08-05 11:00:00,1110.74,3.2732,540.06,3.076,398.57,3.53,26.77,1.7315999999999998,330.26,1.79976,51.13,6.2,433.93,2.8225,2891.4599999999996,3002.69,2221591.9806500007,526.9899999999999,159.19000000000003,9.93,696.1099999999999,1.238,215446.04499999998,3587.5699999999997,3698.8,3715.26,-127.69000000000051,16.460000000000036,2437038.0256500007,2025-05-08,45
2025-05-08 11:15:00,2025-08-05 11:15:00,1110.74,3.2732,540.06,3.076,398.57,3.53,26.77,1.76973,334.54,1.91218,51.25,6.2,437.0,2.8225,2898.93,2981.34,2235527.424325,508.67,189.41,10.01,708.09,1.238,219153.855,3607.02,3689.4300000000003,3696.16,-89.13999999999987,6.729999999999563,2454681.279325,2025-05-08,46
2025-05-08 11:30:00,2025-08-05 11:30:00,1112.88,3.2732,540.06,3.076,398.57,3.53,26.77,1.80026,103.17,1.94992,51.44,6.2,445.56,2.8225,2678.4500000000003,2964.75,2134185.69565,504.24000000000007,194.35000000000002,8.309999999999999,706.9000000000001,1.238,218785.55000000002,3385.3500000000004,3671.65,3680.66,-295.3099999999995,9.009999999999764,2352971.24565,2025-05-08,47
2025-05-08 11:45:00,2025-08-05 11:45:00,1113.05,3.2732,540.06,3.076,398.57,3.53,26.77,1.8006099999999998,315.23,1.90634,51.36,6.2,447.73,2.8225,2892.77,2966.92,2235674.9332250003,495.4,209.96,7.51,712.87,1.238,220633.26499999998,3605.64,3679.79,3690.79,-85.15000000000009,11.0,2456308.1982250004,2025-05-08,48
2025-05-08 12:00:00,2025-08-05 12:00:00,1113.05,3.2732,540.06,3.076,398.57,3.53,26.33,1.80074,178.86,2.055,51.27,6.2,443.15,2.8225,2751.29,2960.42,2173761.8948000004,500.93000000000006,214.89,8.27,724.09,1.238,224105.855,3475.38,3684.51,3696.04,-220.65999999999985,11.529999999999745,2397867.7498000003,2025-05-08,49
2025-05-08 12:15:00,2025-08-05 12:15:00,1113.05,3.2732,540.06,3.076,398.57,3.53,26.29,1.80089,205.64,1.99967,50.8,6.2,442.89,2.8225,2777.2999999999997,2894.49,2183746.620475,577.5,216.60000000000002,8.13,802.23,1.238,248290.185,3579.5299999999997,3696.72,3709.92,-130.39000000000033,13.200000000000273,2432036.805475,2025-05-08,50
2025-05-08 12:30:00,2025-08-05 12:30:00,1112.44,3.2732,540.06,3.076,398.57,3.53,24.49,1.87039,267.72,1.88923,50.15,6.2,452.99,2.8225,2846.42,2895.28,2212625.0124250003,606.23,222.75000000000003,9.99,838.97,1.238,259661.21500000003,3685.3900000000003,3734.25,3746.75,-61.35999999999967,12.5,2472286.227425,2025-05-08,51
2025-05-08 12:45:00,2025-08-05 12:45:00,1109.79,3.2732,540.06,3.076,398.57,3.53,26.16,1.87039,270.0,1.7889000000000002,50.1,6.2,457.99,2.8225,2852.67,2833.51,2208992.6163499993,670.58,223.06,10.31,903.95,1.238,279772.525,3756.62,3737.46,3750.88,5.739999999999782,13.420000000000073,2488765.1413499992,2025-05-08,52
2025-05-08 13:00:00,2025-08-05 13:00:00,1109.59,3.2732,540.06,3.076,398.57,3.53,26.91,1.80092,224.35,1.704,49.48,6.2,464.56,2.8225,2813.5199999999995,2828.4,2187209.6013,603.6099999999999,221.54000000000002,10.010000000000002,835.1599999999999,1.238,258482.02,3648.6799999999994,3663.56,3675.99,-27.3100000000004,12.429999999999836,2445691.6213,2025-05-08,53
2025-05-08 13:15:00,2025-08-05 13:15:00,1109.59,3.2732,540.06,3.076,398.57,3.53,25.16,1.80097,220.63,1.7145899999999998,49.24,6.2,459.69,2.8225,2802.9399999999996,2898.15,2181613.017475,564.23,221.06000000000003,7.859999999999999,793.1500000000001,1.238,245479.92500000005,3596.0899999999997,3691.3,3704.63,-108.54000000000042,13.329999999999927,2427092.9424750004,2025-05-08,54
2025-05-08 13:30:00,2025-08-05 13:30:00,1100.18,3.2732,540.06,3.076,398.57,3.53,25.03,1.99905,265.41,1.88862,49.05,6.2,466.3,2.8225,2844.6000000000004,2924.06,2210205.610425,602.01,216.13000000000002,7.15,825.29,1.238,255427.25499999998,3669.8900000000003,3749.35,3758.53,-88.63999999999987,9.180000000000291,2465632.865425,2025-05-08,55
2025-05-08 13:45:00,2025-08-05 13:45:00,1099.41,3.2732,540.06,3.076,398.57,3.53,26.82,1.99945,179.13,2.15516,49.39,6.2,468.56,2.8225,2761.94,2853.21,2183793.28295,761.7600000000001,211.16,6.21,979.1300000000001,1.238,303040.73500000004,3741.07,3832.34,3839.78,-98.71000000000004,7.440000000000055,2486834.01795,2025-05-08,56
2025-05-08 14:00:00,2025-08-05 14:00:00,1099.41,3.2732,540.06,3.076,398.57,3.53,27.15,1.99993,260.89,2.79978,47.09,6.2,462.33,2.8225,2835.5,2962.21,2262095.650175,782.6699999999998,211.26000000000002,6.89,1000.8199999999998,1.238,309753.7899999999,3836.3199999999997,3963.0299999999997,3984.59,-148.27000000000044,21.5600000000004,2571849.440175,2025-05-08,57
2025-05-08 14:15:00,2025-08-05 14:15:00,1102.38,3.2732,540.06,3.076,398.57,3.53,27.16,2.1183400000000003,267.55,3.03939,47.1,6.2,448.48,2.8225,2831.3,3017.21,2276266.1462250003,835.29,207.43,8.790000000000001,1051.51,1.238,325442.345,3882.8100000000004,4068.7200000000003,4081.52,-198.70999999999958,12.799999999999727,2601708.4912250005,2025-05-08,58
2025-05-08 14:30:00,2025-08-05 14:30:00,1107.85,3.2732,540.06,3.076,398.57,3.53,29.76,2.39569,303.37,3.30891,43.59,6.2,432.11,2.8225,2855.31,3132.94,2314849.8790249997,793.5500000000002,203.9,8.92,1006.3700000000001,1.238,311471.515,3861.6800000000003,4139.31,4155.45,-293.7699999999995,16.139999999999418,2626321.394025,2025-05-08,59
2025-05-08 14:45:00,2025-08-05 14:45:00,1107.7,3.2732,540.06,3.076,398.57,3.53,36.7,2.69386,306.16,3.381,37.28,6.2,428.09,2.8225,2854.56,3117.95,2316827.9867499997,855.48,199.17000000000002,11.9,1066.5500000000002,1.238,330097.22500000003,3921.11,4184.5,4197.71,-276.5999999999999,13.210000000000036,2646925.21175,2025-05-08,60
2025-05-08 15:00:00,2025-08-05 15:00:00,1240.52,3.2732,540.06,3.076,398.57,3.53,38.73,2.78056,190.97,3.30808,36.69,6.2,375.75,2.8225,2821.29,3104.76,2289028.55635,956.59,193.56,11.120000000000001,1161.27,1.238,359413.065,3982.56,4266.030000000001,4273.91,-291.3499999999999,7.8799999999992,2648441.62135,2025-05-08,61
2025-05-08 15:15:00,2025-08-05 15:15:00,1323.68,3.2732,540.06,3.076,398.57,3.53,38.84,2.90206,221.43,3.30802,36.68,6.2,358.65,2.8225,2917.91,3085.57,2371440.635,1013.4499999999999,187.03000000000003,12.77,1213.25,1.238,375500.875,4131.16,4298.82,4310.18,-179.02000000000044,11.360000000000582,2746941.51,2025-05-08,62
2025-05-08 15:30:00,2025-08-05 15:30:00,1324.34,3.2732,540.06,3.076,398.57,3.53,38.11,2.9227600000000002,401.8,3.03997,36.86,6.2,333.06,2.8225,3072.8,3089.49,2476111.6319,1041.7,180.03,15.32,1237.05,1.238,382866.975,4309.85,4326.54,4333.78,-23.92999999999938,7.239999999999782,2858978.6069,2025-05-08,63
2025-05-08 15:45:00,2025-08-05 15:45:00,1323.94,3.2732,540.06,3.076,398.57,3.53,38.52,2.92249,412.47,3.03955,36.87,6.2,305.37,2.8225,3055.8,3113.98,2464623.849075,1071.23,172.69,16.25,1260.17,1.238,390022.61500000005,4315.97,4374.15,4382.09,-66.11999999999989,7.940000000000509,2854646.464075,2025-05-08,64
2025-05-08 16:00:00,2025-08-05 16:00:00,1418.28,3.2732,540.06,3.076,512.58,3.53,-58.5,3.07056,478.82,2.79963,37.06,6.2,278.39,2.8225,3206.69,3146.91,2572341.2269,1044.0000000000002,164.32,13.759999999999998,1222.0800000000002,1.238,378233.76,4428.77,4368.99,4376.18,52.590000000000146,7.190000000000509,2950574.9869,2025-05-08,65
2025-05-08 16:15:00,2025-08-05 16:15:00,1438.96,3.2732,540.06,3.076,521.16,3.53,-65.71,3.38111,474.45,2.82971,37.07,6.2,260.09,2.8225,3206.08,3142.62,2573811.1070999997,1006.94,156.18999999999997,15.489999999999998,1178.6200000000001,1.238,364782.89,4384.7,4321.24,4326.88,57.81999999999971,5.640000000000327,2938593.9971,2025-05-08,66
2025-05-08 16:30:00,2025-08-05 16:30:00,1463.19,3.2732,540.06,3.076,521.16,3.53,-63.73,3.41602,476.0,2.50012,37.07,6.2,238.56,2.8225,3212.31,3309.52,2541439.15835,893.22,146.67000000000004,16.04,1055.93,1.238,326810.335,4268.24,4365.45,4376.67,-108.43000000000029,11.220000000000255,2868249.49335,2025-05-08,67
2025-05-08 16:45:00,2025-08-05 16:45:00,1465.03,3.2732,540.06,3.076,521.16,3.53,-63.66,3.45115,405.14,1.51966,37.07,6.2,211.53,2.8225,3116.3300000000004,3201.54,2379776.9561000005,1025.5600000000002,138.1,13.82,1177.48,1.238,364430.06,4293.81,4379.02,4383.4,-89.58999999999924,4.3799999999992,2744207.0161000006,2025-05-08,68
2025-05-08 17:00:00,2025-08-05 17:00:00,1466.2,3.2732,540.06,3.076,521.16,3.53,-38.72,3.41667,533.14,0.99981,2.68,6.2,188.61,2.8225,3213.13,3210.32,2312449.5415000003,1010.86,128.45000000000002,13.79,1153.1,1.238,356884.44999999995,4366.23,4363.42,4375.14,-8.910000000000764,11.720000000000255,2669333.9915000005,2025-05-08,69
2025-05-08 17:15:00,2025-08-05 17:15:00,1468.06,3.2732,540.06,3.076,521.16,3.53,-36.93,3.4512899999999997,434.91,2.00096,0.0,6.2,161.04,2.8225,3088.2999999999997,3038.82,2375872.531475,1173.6299999999999,120.1,15.43,1309.1599999999999,1.238,405185.01999999996,4397.459999999999,4347.98,4352.15,45.30999999999949,4.170000000000073,2781057.551475,2025-05-08,70
2025-05-08 17:30:00,2025-08-05 17:30:00,1468.41,3.2732,540.06,3.076,521.16,3.53,-36.75,3.45171,422.99,2.49988,0.0,6.2,132.44,2.8225,3048.31,2915.62,2402926.192675,1260.8799999999999,112.92999999999999,14.23,1388.04,1.238,429598.37999999995,4436.35,4303.66,4307.36,128.9900000000007,3.699999999999818,2832524.572675,2025-05-08,71
2025-05-08 17:45:00,2025-08-05 17:45:00,1468.43,3.2732,540.06,3.076,521.16,3.53,-57.94,3.56517,425.56,2.80773,0.0,6.2,107.08,2.8225,3004.35,2957.88,2399477.34125,1266.6599999999999,106.97999999999999,13.88,1387.52,1.238,429437.44,4391.87,4345.4,4348.39,43.47999999999956,2.990000000000691,2828914.78125,2025-05-08,72
2025-05-08 18:00:00,2025-08-05 18:00:00,1468.43,3.2732,540.06,3.076,521.16,3.53,-50.31,3.5859699999999997,409.88,2.84956,24.33,6.2,101.79,2.8225,3015.34,2996.58,2433275.0532750003,1195.76,101.44000000000001,11.5,1308.7,1.238,405042.65,4324.04,4305.28,4313.19,10.850000000000364,7.9099999999998545,2838317.703275,2025-05-08,73
2025-05-08 18:15:00,2025-08-05 18:15:00,1468.43,3.2732,540.06,3.076,521.16,3.53,49.43,3.6924099999999997,318.56,3.5009699999999997,20.12,6.2,85.41,2.8225,3003.1699999999996,2985.19,2492745.747625,1241.3099999999997,99.32000000000001,10.07,1350.6999999999996,1.238,418041.6499999999,4353.869999999999,4335.889999999999,4349.72,4.149999999998727,13.830000000000837,2910787.3976249998,2025-05-08,74
2025-05-08 18:30:00,2025-08-05 18:30:00,1468.43,3.2732,540.06,3.076,521.16,3.53,47.33,3.8374800000000002,222.03,3.81683,26.05,6.2,72.17,2.8225,2897.2300000000005,2945.99,2425418.238575,1437.35,98.29,10.48,1546.12,1.238,478524.14,4443.35,4492.11,4492.56,-49.210000000000036,0.4500000000007276,2903942.378575,2025-05-08,75
2025-05-08 18:45:00,2025-08-05 18:45:00,1468.43,3.2732,540.06,3.076,521.16,3.53,48.35,3.96927,410.54,3.9065100000000004,26.19,6.2,52.03,2.8225,3066.76,3083.43,2603077.4827250005,1507.6200000000001,98.22,10.55,1616.39,1.238,500272.705,4683.150000000001,4699.82,4654.16,28.99000000000069,-45.659999999999854,3103350.1877250005,2025-05-08,76
2025-05-08 19:00:00,2025-08-05 19:00:00,1468.43,3.2732,540.06,3.076,516.69,3.53,68.82,4.26147,613.42,4.59132,1.92,6.2,39.3,2.8225,3248.640000000001,3203.32,2881028.8664500006,1534.91,98.2,8.75,1641.8600000000001,1.238,508155.67000000004,4890.500000000001,4845.18,4797.42,93.08000000000084,-47.76000000000022,3389184.5364500005,2025-05-08,77
2025-05-08 19:15:00,2025-08-05 19:15:00,1468.43,3.2732,540.06,3.076,516.34,3.53,72.28,4.649649999999999,643.5,4.78988,0.0,6.2,37.02,2.8225,3277.63,3215.84,2953305.8170000003,1538.3499999999997,98.19000000000001,9.21,1645.7499999999998,1.238,509359.62499999994,4923.38,4861.59,4812.76,110.61999999999989,-48.82999999999993,3462665.4420000003,2025-05-08,78
2025-05-08 19:30:00,2025-08-05 19:30:00,1465.93,3.2732,540.06,3.076,516.34,3.53,71.45,4.90034,762.45,4.25041,0.0,6.2,25.03,2.8225,3381.2599999999998,3209.67,2985922.102125,1528.81,98.19000000000001,9.24,1636.24,1.238,506416.27999999997,5017.5,4845.91,4799.3,218.19999999999982,-46.60999999999967,3492338.382125,2025-05-08,79
2025-05-08 19:45:00,2025-08-05 19:45:00,1465.71,3.2732,540.06,3.076,516.34,3.53,71.72,5.07597,772.69,3.9006399999999997,0.0,6.2,23.44,2.8225,3389.96,3215.25,2931415.0555000002,1517.6599999999999,98.18,9.46,1625.3,1.238,503030.35,5015.26,4840.55,4793.17,222.09000000000015,-47.38000000000011,3434445.4055000003,2025-05-08,80
2025-05-08 20:00:00,2025-08-05 20:00:00,1465.71,3.2732,540.06,3.076,516.34,3.53,71.48,5.00095,834.03,4.00004,0.0,6.2,22.84,2.8225,3450.46,3393.99,3009888.4748,1321.63,98.17,9.520000000000001,1429.3200000000002,1.238,442374.54000000004,4879.780000000001,4823.3099999999995,4779.79,99.99000000000069,-43.51999999999953,3452263.0148,2025-05-08,81
2025-05-08 20:15:00,2025-08-05 20:15:00,1465.71,3.2732,540.06,3.076,516.34,3.53,71.28,5.00094,838.33,4.120340000000001,0.0,6.2,22.24,2.8225,3453.96,3425.66,3038727.69185,1282.8500000000001,98.18,10.450000000000001,1391.4800000000002,1.238,430663.0600000001,4845.4400000000005,4817.14,4767.18,78.26000000000022,-49.960000000000036,3469390.75185,2025-05-08,82
2025-05-08 20:30:00,2025-08-05 20:30:00,1465.71,3.2732,540.06,3.076,516.34,3.53,66.35,5.8008299999999995,975.16,4.99942,0.0,6.2,21.64,2.8225,3585.2599999999998,3393.94,3400666.2774250004,1294.1799999999998,98.18,11.03,1403.3899999999999,1.238,434349.20499999996,4988.65,4797.33,4749.31,239.33999999999924,-48.01999999999953,3835015.4824250005,2025-05-08,83
2025-05-08 20:45:00,2025-08-05 20:45:00,1465.71,3.2732,540.06,3.076,516.34,3.53,70.26,5.60092,965.19,4.99958,0.0,6.2,21.04,2.8225,3578.6000000000004,3400.25,3389979.34785,1286.3999999999996,98.18,11.059999999999999,1395.6399999999996,1.238,431950.5799999999,4974.24,4795.889999999999,4746.03,228.21000000000004,-49.85999999999967,3821929.92785,2025-05-08,84
2025-05-08 21:00:00,2025-08-05 21:00:00,1465.71,3.2732,540.06,3.076,516.34,3.53,18.02,6.99959,956.6,5.25094,0.0,6.2,21.0,2.8225,3517.73,3419.89,3372480.2619499997,1272.7,98.18,10.86,1381.74,1.238,427648.52999999997,4899.47,4801.63,4750.02,149.44999999999982,-51.60999999999967,3800128.7919499995,2025-05-08,85
2025-05-08 21:15:00,2025-08-05 21:15:00,1465.71,3.2732,540.06,3.076,516.34,3.53,51.14,6.2003900000000005,989.83,4.91221,0.0,6.2,21.28,2.8225,3584.36,3461.2,3380217.5752250003,1271.0099999999998,98.16000000000001,12.9,1382.07,1.238,427750.665,4966.43,4843.2699999999995,4791.77,174.65999999999985,-51.49999999999909,3807968.2402250003,2025-05-08,86
2025-05-08 21:30:00,2025-08-05 21:30:00,1465.71,3.2732,540.06,3.076,516.34,3.53,55.7,5.80024,863.21,4.5001999999999995,0.0,6.2,21.58,2.8225,3462.6,3390.59,3137516.823,1387.2699999999998,98.17,15.399999999999999,1500.84,1.238,464509.98,4963.44,4891.43,4835.3,128.13999999999942,-56.13000000000011,3602026.803,2025-05-08,87
2025-05-08 21:45:00,2025-08-05 21:45:00,1465.71,3.2732,540.06,3.076,516.34,3.53,55.74,6.23881,944.36,4.59115,0.0,6.2,21.88,2.8225,3544.09,3388.25,3256668.1788499993,1446.87,98.17,13.620000000000001,1558.6599999999999,1.238,482405.26999999996,5102.75,4946.91,4895.29,207.46000000000004,-51.61999999999989,3739073.4488499993,2025-05-08,88
2025-05-08 22:00:00,2025-08-05 22:00:00,1467.44,3.2732,540.06,3.076,516.34,3.53,-90.52,7.3838,1203.89,5.300859999999999,0.0,6.2,22.18,2.8225,3659.39,3485.43,3515750.79685,1452.17,98.17,11.15,1561.4900000000002,1.238,483281.1550000001,5220.88,5046.92,4994.72,226.15999999999985,-52.19999999999982,3999031.9518500003,2025-05-08,89
2025-05-08 22:15:00,2025-08-05 22:15:00,1467.84,3.2732,540.06,3.076,516.34,3.53,-101.9,7.49971,1222.07,5.80022,0.0,6.2,21.64,2.8225,3666.0499999999997,3466.12,3668392.9886,1556.3,98.17,9.63,1664.1000000000001,1.238,515038.95,5330.15,5130.22,5079.63,250.51999999999953,-50.590000000000146,4183431.9386,2025-05-08,90
2025-05-08 22:30:00,2025-08-05 22:30:00,1467.86,3.2732,540.06,3.076,516.34,3.53,-368.25,9.90991,1285.19,5.48334,0.0,6.2,21.04,2.8225,3462.24,3413.64,2936424.722275,1591.3599999999997,98.17,9.33,1698.8599999999997,1.238,525797.1699999999,5161.099999999999,5112.5,5086.11,74.98999999999978,-26.390000000000327,3462221.892275,2025-05-08,91
2025-05-08 22:45:00,2025-08-05 22:45:00,1466.25,3.2732,540.06,3.076,516.34,3.53,-400.97,9.99952,1280.68,5.79526,0.0,6.2,20.44,2.8225,3422.8000000000006,3397.43,2938323.0505999997,1586.09,98.17,8.79,1693.05,1.238,523998.975,5115.85,5090.48,5069.68,46.17000000000007,-20.799999999999272,3462322.0256,2025-05-08,92
2025-05-08 23:00:00,2025-08-05 23:00:00,1466.13,3.2732,540.06,3.076,516.34,3.53,-397.27,9.90997,1117.88,3.9998400000000003,0.0,6.2,19.84,2.8225,3262.9800000000005,3352.61,2218311.808325,1589.6999999999998,98.18,7.459999999999999,1695.34,1.238,524707.73,4958.320000000001,5047.95,5025.73,-67.40999999999894,-22.220000000000255,2743019.538325,2025-05-08,93
2025-05-08 23:15:00,2025-08-05 23:15:00,1466.13,3.2732,540.06,3.076,516.34,3.53,-262.53,9.62182,925.9,3.91053,0.0,6.2,19.24,2.8225,3205.14,3291.82,2357972.4246,1588.8399999999997,98.18,8.06,1695.0799999999997,1.238,524627.2599999999,4900.219999999999,4986.9,4962.97,-62.75000000000091,-23.92999999999938,2882599.6846,2025-05-08,94
2025-05-08 23:30:00,2025-08-05 23:30:00,1466.13,3.2732,540.06,3.076,516.34,3.53,-112.73,7.2,642.95,3.50008,0.0,6.2,18.92,2.8225,3071.67,3188.68,2443740.903,1592.6499999999999,98.18,6.67,1697.5,1.238,525376.25,4769.17,4886.18,4862.58,-93.40999999999985,-23.600000000000364,2969117.153,2025-05-08,95
2025-05-08 23:45:00,2025-08-05 23:45:00,1466.13,3.2732,540.06,3.076,516.34,3.53,-9.12,6.9995,416.18,3.16152,0.0,6.2,18.62,2.8225,2948.21,3075.88,2396830.5948999994,1609.2500000000002,98.2,6.299999999999999,1713.7500000000002,1.238,530405.6250000001,4661.96,4789.63,4768.18,-106.22000000000025,-21.449999999999818,2927236.2198999994,2025-05-08,96
2025-05-09 00:00:00,2025-09-05 00:00:00,1467.26,3.2732,629.95,3.076,415.72,3.53,-94.68,4.43393,545.77,4.255859999999999,0.0,6.2,23.05,2.8225,2987.0700000000006,2970.63,2543957.0191999995,1595.1699999999998,98.23,5.750000000000001,1699.1499999999999,1.238,525886.9249999999,4686.22,4669.78,4648.89,37.32999999999993,-20.889999999999418,3069843.9441999993,2025-05-09,1
2025-05-09 00:15:00,2025-09-05 00:15:00,1467.79,3.2732,636.95,3.076,407.89,3.53,-101.9,4.01371,484.0,4.107399999999999,0.0,6.2,22.56,2.8225,2917.2899999999995,2935.73,2461535.06975,1566.7699999999998,98.23,3.7700000000000005,1668.7699999999998,1.238,516484.31499999994,4586.0599999999995,4604.5,4562.09,23.969999999999345,-42.409999999999854,2978019.3847499997,2025-05-09,2
2025-05-09 00:30:00,2025-09-05 00:30:00,1467.82,3.2732,636.95,3.076,407.89,3.53,-101.9,3.9698,523.96,3.00034,0.0,6.2,12.76,2.8225,2947.48,2885.42,2351782.2376000006,1531.03,98.23,2.5100000000000002,1631.77,1.238,505032.81499999994,4579.25,4517.1900000000005,4467.35,111.89999999999964,-49.840000000000146,2856815.0526000005,2025-05-09,3
2025-05-09 00:45:00,2025-09-05 00:45:00,1467.82,3.2732,636.95,3.076,407.89,3.53,-101.9,4.00863,482.01,2.94923,0.0,6.2,11.44,2.8225,2904.2099999999996,2856.39,2312236.6698249998,1485.5900000000001,98.23,2.7199999999999998,1586.5400000000002,1.238,491034.13000000006,4490.75,4442.93,4395.88,94.86999999999989,-47.05000000000018,2803270.7998249996,2025-05-09,4
2025-05-09 01:00:00,2025-09-05 01:00:00,1467.82,3.2732,636.95,3.076,407.89,3.53,-101.9,3.7009600000000002,388.76,3.0004,0.0,6.2,10.84,2.8225,2810.3599999999997,2786.81,2255870.4760000003,1480.57,98.23,2.74,1581.54,1.238,489486.63,4391.9,4368.35,4322.13,69.76999999999953,-46.220000000000255,2745357.106,2025-05-09,5
2025-05-09 01:15:00,2025-09-05 01:15:00,1467.82,3.2732,636.95,3.076,407.89,3.53,-101.9,3.58974,337.22,2.9993000000000003,0.0,6.2,10.52,2.8225,2758.4999999999995,2745.61,2219725.116,1460.5800000000002,98.23,3.8,1562.6100000000001,1.238,483627.79500000004,4321.11,4308.22,4262.07,59.039999999999964,-46.150000000000546,2703352.911,2025-05-09,6
2025-05-09 01:30:00,2025-09-05 01:30:00,1467.82,3.2732,636.95,3.076,407.89,3.53,-101.9,3.55843,334.06,3.88044,0.0,6.2,9.11,2.8225,2753.93,2700.74,2290746.7671000003,1414.02,98.23,3.9300000000000006,1516.18,1.238,469257.71,4270.11,4216.92,4172.18,97.92999999999938,-44.73999999999978,2760004.4771000003,2025-05-09,7
2025-05-09 01:45:00,2025-09-05 01:45:00,1467.82,3.2732,636.95,3.076,407.89,3.53,-101.9,3.56583,243.85,3.8809,0.0,6.2,8.44,2.8225,2663.0499999999997,2674.51,2202599.9030000004,1355.5600000000002,98.22000000000001,5.09,1458.8700000000001,1.238,451520.2650000001,4121.92,4133.38,4088.9,33.01999999999998,-44.48000000000002,2654120.1680000005,2025-05-09,8
2025-05-09 02:00:00,2025-09-05 02:00:00,1467.82,3.2732,636.95,3.076,399.24,3.53,-101.9,3.55165,552.86,3.75177,0.0,6.2,6.18,2.8225,2961.15,2804.08,2475694.3253000006,1159.4200000000003,98.22000000000001,7.58,1265.2200000000003,1.238,391585.5900000001,4226.370000000001,4069.3,4016.68,209.69000000000096,-52.620000000000346,2867279.9153000005,2025-05-09,9
2025-05-09 02:15:00,2025-09-05 02:15:00,1467.82,3.2732,636.95,3.076,398.57,3.53,-101.9,3.53267,530.28,3.7511300000000003,0.0,6.2,6.0,2.8225,2937.7200000000003,2874.63,2454195.96685,1041.27,98.21000000000001,8.450000000000001,1147.93,1.238,355284.335,4085.6500000000005,4022.5600000000004,3954.77,130.88000000000056,-67.79000000000042,2809480.30185,2025-05-09,10
2025-05-09 02:30:00,2025-09-05 02:30:00,1467.82,3.2732,636.95,3.076,398.57,3.53,-101.9,3.54033,527.12,3.80025,0.0,6.2,6.0,2.8225,2934.56,2822.02,2457510.4692499996,1053.6,98.22000000000001,7.23,1159.05,1.238,358725.975,4093.6099999999997,3981.0699999999997,3916.9,176.70999999999958,-64.16999999999962,2816236.4442499997,2025-05-09,11
2025-05-09 02:45:00,2025-09-05 02:45:00,1467.82,3.2732,636.95,3.076,398.57,3.53,-101.9,3.50386,491.03,3.80038,0.0,6.2,6.0,2.8225,2898.4700000000003,2837.51,2424167.7453499995,994.9,98.22000000000001,6.0200000000000005,1099.1399999999999,1.238,340183.82999999996,3997.61,3936.65,3875.15,122.46000000000004,-61.5,2764351.5753499996,2025-05-09,12
2025-05-09 03:00:00,2025-09-05 03:00:00,1467.82,3.2732,1006.73,3.076,28.79,3.53,-101.9,3.44895,452.42,3.7503699999999998,0.0,6.2,6.0,2.8225,2859.86,2854.14,2341256.9986,965.52,98.22000000000001,6.279999999999999,1070.02,1.238,331171.18999999994,3929.88,3924.16,3839.56,90.32000000000016,-84.59999999999991,2672428.1886,2025-05-09,13
2025-05-09 03:15:00,2025-09-05 03:15:00,1467.82,3.2732,1035.52,3.076,0.0,3.53,-101.9,3.40978,413.81,3.6301900000000002,0.0,6.2,6.0,2.8225,2821.25,2829.63,2290353.821475,951.2700000000001,98.21000000000001,5.58,1055.06,1.238,326541.07,3876.31,3884.69,3792.03,84.27999999999975,-92.65999999999985,2616894.891475,2025-05-09,14
2025-05-09 03:30:00,2025-09-05 03:30:00,1467.82,3.2732,1035.52,3.076,0.0,3.53,-101.9,3.4090100000000003,411.28,3.60039,0.0,6.2,6.0,2.8225,2818.7200000000003,2801.09,2285013.30605,953.9,98.21000000000001,4.609999999999999,1056.7199999999998,1.238,327054.83999999997,3875.44,3857.81,3763.0,112.44000000000005,-94.80999999999995,2612068.1460499996,2025-05-09,15
2025-05-09 03:45:00,2025-09-05 03:45:00,1467.82,3.2732,1035.52,3.076,0.0,3.53,-101.9,3.3581399999999997,384.22,3.71028,0.0,6.2,6.0,2.8225,2791.66,2768.62,2272508.0649,954.08,98.21000000000001,2.76,1055.05,1.238,326537.975,3846.71,3823.67,3727.72,118.99000000000024,-95.95000000000027,2599046.0399,2025-05-09,16
2025-05-09 04:00:00,2025-09-05 04:00:00,1467.82,3.2732,1035.52,3.076,0.0,3.53,-101.9,3.3648000000000002,337.33,3.7100500000000003,0.0,6.2,6.0,2.8225,2744.77,2762.24,2228825.247625,940.9200000000001,98.23,1.38,1040.5300000000002,1.238,322044.0350000001,3785.3,3802.77,3706.16,79.14000000000033,-96.61000000000013,2550869.282625,2025-05-09,17
2025-05-09 04:15:00,2025-09-05 04:15:00,1467.82,3.2732,1035.52,3.076,0.0,3.53,-101.9,3.3994,297.97,3.7101100000000002,0.0,6.2,6.0,2.8225,2705.41,2719.27,2191441.390175,957.96,98.23,0.77,1056.96,1.238,327129.12,3762.37,3776.23,3680.1,82.26999999999998,-96.13000000000011,2518570.510175,2025-05-09,18
2025-05-09 04:30:00,2025-09-05 04:30:00,1467.82,3.2732,1035.52,3.076,0.0,3.53,-101.9,3.40989,295.44,3.81275,0.0,6.2,6.0,2.8225,2702.88,2715.13,2196408.5032499996,950.67,98.23,0.66,1049.56,1.238,324838.82,3752.44,3764.69,3669.43,83.01000000000022,-95.26000000000022,2521247.3232499994,2025-05-09,19
2025-05-09 04:45:00,2025-09-05 04:45:00,1467.82,3.2732,1035.52,3.076,0.0,3.53,-101.9,3.42904,286.42,3.98003,0.0,6.2,6.0,2.8225,2693.86,2707.27,2199300.99015,948.4699999999999,98.22000000000001,0.22999999999999998,1046.9199999999998,1.238,324021.74,3740.7799999999997,3754.1899999999996,3661.73,79.04999999999973,-92.45999999999958,2523322.73015,2025-05-09,20
2025-05-09 05:00:00,2025-09-05 05:00:00,1467.82,3.2732,1035.52,3.076,0.0,3.53,-101.9,3.33983,195.7,3.98027,0.0,6.2,6.0,2.8225,2603.14,2590.31,2111318.2764999997,1074.2799999999997,98.22000000000001,0.19999999999999998,1172.6999999999998,1.238,362950.64999999997,3775.8399999999997,3763.0099999999998,3664.79,111.04999999999973,-98.2199999999998,2474268.9264999996,2025-05-09,21
2025-05-09 05:15:00,2025-09-05 05:15:00,1467.82,3.2732,1035.52,3.076,0.0,3.53,-101.9,3.40991,198.28,3.98031,0.0,6.2,6.0,2.8225,2605.7200000000003,2492.93,2112102.24545,1170.6399999999999,98.22000000000001,0.21,1269.07,1.238,392777.165,3874.79,3762.0,3668.66,206.1300000000001,-93.34000000000015,2504879.41045,2025-05-09,22
2025-05-09 05:30:00,2025-09-05 05:30:00,1467.82,3.2732,1035.52,3.076,0.0,3.53,-101.9,3.5468200000000003,189.9,4.145560000000001,0.0,6.2,6.0,2.8225,2597.34,2466.2,2108120.9575,1192.4099999999999,98.21000000000001,0.13,1290.75,1.238,399487.125,3888.09,3756.95,3661.86,226.23000000000002,-95.08999999999969,2507608.0825,2025-05-09,23
2025-05-09 05:45:00,2025-09-05 05:45:00,1469.59,3.2732,1035.52,3.076,0.0,3.53,-101.9,3.55889,189.26,3.9391700000000003,0.0,6.2,16.96,2.8225,2609.4299999999994,2462.43,2106566.8828,1204.39,98.22000000000001,0.29000000000000004,1302.9,1.238,403247.55000000005,3912.3299999999995,3765.33,3672.23,240.09999999999945,-93.09999999999991,2509814.4327999996,2025-05-09,24
2025-05-09 06:00:00,2025-09-05 06:00:00,1469.98,3.2732,666.18,3.076,369.34,3.53,-88.12,3.63956,189.26,3.76026,0.0,6.2,20.41,2.8225,2627.05,2474.21,2153258.60535,1205.1399999999999,98.2,0.92,1304.26,1.238,403668.47000000003,3931.3100000000004,3778.4700000000003,3685.24,246.07000000000062,-93.23000000000047,2556927.07535,2025-05-09,25
2025-05-09 06:15:00,2025-09-05 06:15:00,1470.0,3.2732,636.95,3.076,398.57,3.53,-86.59,3.54936,189.26,4.0008,0.0,6.2,28.29,2.8225,2636.4799999999996,2492.84,2176878.78765,1207.22,99.22999999999999,0.63,1307.0800000000002,1.238,404541.26,3943.5599999999995,3799.92,3703.75,239.8099999999995,-96.17000000000007,2581420.04765,2025-05-09,26
2025-05-09 06:30:00,2025-09-05 06:30:00,1470.0,3.2732,636.95,3.076,398.57,3.53,-66.61,3.4512600000000004,214.94,3.56283,0.0,6.2,37.44,2.8225,2691.29,2495.39,2204848.7379,1206.46,101.9,0.1,1308.46,1.238,404968.37,3999.75,3803.85,3703.77,295.98,-100.07999999999993,2609817.1079,2025-05-09,27
2025-05-09 06:45:00,2025-09-05 06:45:00,1470.0,3.2732,636.95,3.076,398.57,3.53,-61.44,3.30583,234.18,3.20566,0.0,6.2,50.98,2.8225,2729.24,2529.71,2217324.1533999997,1127.76,106.29,0.17,1234.22,1.238,381991.08999999997,3963.46,3763.9300000000003,3666.53,296.92999999999984,-97.40000000000009,2599315.2433999996,2025-05-09,28
2025-05-09 07:00:00,2025-09-05 07:00:00,1468.57,3.2732,636.95,3.076,398.57,3.53,-46.43,3.3007,126.26,3.31727,0.0,6.2,68.65,2.8225,2652.5700000000006,2607.99,2158121.3145500002,997.9999999999999,112.33999999999999,0.13,1110.47,1.238,343690.465,3763.040000000001,3718.46,3612.53,150.51000000000067,-105.92999999999984,2501811.77955,2025-05-09,29
2025-05-09 07:15:00,2025-09-05 07:15:00,1468.47,3.2732,636.95,3.076,398.57,3.53,53.32,3.00056,127.98,2.34983,0.0,6.2,91.63,2.8225,2776.9200000000005,2721.61,2223038.2704,832.07,119.66000000000001,0.09,951.82,1.238,294588.29000000004,3728.7400000000007,3673.4300000000003,3554.44,174.30000000000064,-118.99000000000024,2517626.5604,2025-05-09,30
2025-05-09 07:30:00,2025-09-05 07:30:00,1468.47,3.2732,636.95,3.076,398.57,3.53,53.99,2.69308,158.4,2.11275,0.0,6.2,113.35,2.8225,2829.73,2786.23,2243198.9170500003,703.3100000000001,128.4,0.09,831.8000000000001,1.238,257442.10000000003,3661.53,3618.03,3490.14,171.39000000000033,-127.89000000000033,2500641.0170500004,2025-05-09,31
2025-05-09 07:45:00,2025-09-05 07:45:00,1468.47,3.2732,636.95,3.076,398.57,3.53,55.39,2.40003,205.6,1.7587300000000001,0.0,6.2,138.18,2.8225,2903.16,2826.27,2264337.9759249995,606.01,136.94000000000003,0.09,743.0400000000001,1.238,229970.88000000003,3646.2,3569.31,3431.46,214.73999999999978,-137.8499999999999,2494308.8559249993,2025-05-09,32
2025-05-09 08:00:00,2025-09-05 08:00:00,1379.2,3.2732,636.95,3.076,398.57,3.53,85.36,2.11219,41.62,2.59479,1.81,6.2,167.78,2.8225,2711.2900000000004,2679.33,2163420.1220500004,707.09,145.94000000000003,0.09,853.1200000000001,1.238,264040.6400000001,3564.4100000000008,3532.45,3381.53,182.88000000000056,-150.91999999999962,2427460.7620500005,2025-05-09,33
2025-05-09 08:15:00,2025-09-05 08:15:00,1373.28,3.2732,636.95,3.076,398.57,3.53,87.59,1.99999,29.89,2.59496,1.93,6.2,196.37,2.8225,2724.58,2612.15,2170048.2998750005,741.69,154.62,0.09,896.4000000000001,1.238,277435.80000000005,3620.98,3508.55,3350.66,270.32000000000016,-157.89000000000033,2447484.0998750003,2025-05-09,34
2025-05-09 08:30:00,2025-09-05 08:30:00,1360.26,3.2732,636.95,3.076,398.57,3.53,84.63,1.99985,27.72,2.9494000000000002,5.73,6.2,226.49,2.8225,2740.3500000000004,2568.11,2186103.007625,738.5000000000001,126.47999999999999,0.09,865.0700000000002,1.238,267739.1650000001,3605.4200000000005,3433.1800000000003,3400.37,205.05000000000064,-32.8100000000004,2453842.172625,2025-05-09,35
2025-05-09 08:45:00,2025-09-05 08:45:00,1359.4,3.2732,636.95,3.076,398.57,3.53,66.68,1.99939,24.33,2.97105,27.01,6.2,257.13,2.8225,2770.07,2684.33,2228653.694175,607.82,123.23,0.11,731.1600000000001,1.238,226294.02000000002,3501.2300000000005,3415.49,3430.97,70.26000000000067,15.480000000000018,2454947.714175,2025-05-09,36
2025-05-09 09:00:00,2025-09-05 09:00:00,1222.2,3.2732,636.95,3.076,398.57,3.53,22.83,1.99951,24.1,3.00081,73.46,6.2,262.53,2.8225,2640.6400000000003,2716.79,2170281.649825,612.7299999999999,131.22000000000003,0.11,744.06,1.238,230286.56999999998,3384.7000000000003,3460.85,3475.12,-90.41999999999962,14.269999999999982,2400568.219825,2025-05-09,37
2025-05-09 09:15:00,2025-09-05 09:15:00,1143.28,3.2732,636.95,3.076,398.57,3.53,19.53,1.99952,24.1,3.14092,76.46,6.2,286.25,2.8225,2585.1400000000003,2603.66,2126283.4546499997,771.51,128.51999999999998,0.08,900.11,1.238,278584.045,3485.2500000000005,3503.77,3509.33,-24.079999999999472,5.559999999999945,2404867.4996499997,2025-05-09,38
2025-05-09 09:30:00,2025-09-05 09:30:00,1072.58,3.2732,636.95,3.076,398.57,3.53,19.53,1.99935,19.59,3.19688,76.63,6.2,304.33,2.8225,2528.1800000000003,2480.54,2078182.691425,915.03,129.68,0.09,1044.8,1.238,323365.6,3572.9800000000005,3525.34,3539.95,33.030000000000655,14.609999999999673,2401548.291425,2025-05-09,39
2025-05-09 09:45:00,2025-09-05 09:45:00,1065.52,3.2732,636.95,3.076,398.57,3.53,19.53,1.99921,19.27,3.14091,76.64,6.2,322.68,2.8225,2539.16,2532.06,2084843.1427499999,878.9799999999998,137.42,0.15,1016.5499999999997,1.238,314622.2249999999,3555.7099999999996,3548.6099999999997,3563.04,-7.330000000000382,14.430000000000291,2399465.3677499997,2025-05-09,40
2025-05-09 10:00:00,2025-09-05 10:00:00,1065.38,3.2732,636.95,3.076,398.57,3.53,19.62,1.8009000000000002,55.77,2.99964,76.64,6.2,355.64,2.8225,2608.5699999999997,2609.58,2133749.3992,818.35,133.88,0.27,952.5,1.238,294798.75,3561.0699999999997,3562.08,3580.12,-19.050000000000182,18.039999999999964,2428548.1492,2025-05-09,41
2025-05-09 10:15:00,2025-09-05 10:15:00,1067.4,3.2732,636.95,3.076,398.57,3.53,19.63,1.88983,115.64,2.96179,76.38,6.2,383.22,2.8225,2697.79,2692.89,2198704.297125,762.7,139.66000000000003,0.21000000000000002,902.5700000000002,1.238,279345.41500000004,3600.36,3595.46,3615.83,-15.4699999999998,20.36999999999989,2478049.712125,2025-05-09,42
2025-05-09 10:30:00,2025-09-05 10:30:00,1068.13,3.2732,636.95,3.076,398.57,3.53,19.63,1.99928,119.66,2.7996399999999997,76.41,6.2,399.45,2.8225,2718.7999999999997,2735.6,2209463.4574500006,722.92,147.64999999999998,0.52,871.0899999999999,1.238,269602.355,3589.8899999999994,3606.6899999999996,3622.66,-32.77000000000044,15.970000000000255,2479065.8124500006,2025-05-09,43
2025-05-09 10:45:00,2025-09-05 10:45:00,1068.52,3.2732,636.95,3.076,398.57,3.53,19.63,1.99939,212.03,2.40136,76.01,6.2,416.28,2.8225,2827.9900000000007,2813.18,2264577.662625,662.0600000000001,147.74,1.01,810.8100000000001,1.238,250945.69500000004,3638.8000000000006,3623.99,3644.54,-5.739999999999327,20.550000000000182,2515523.3576249997,2025-05-09,44
2025-05-09 11:00:00,2025-09-05 11:00:00,1068.52,3.2732,636.95,3.076,398.57,3.53,19.63,1.99951,126.14,2.7994299999999996,76.51,6.2,423.67,2.8225,2749.9900000000002,2965.24,2231557.755125,548.8199999999999,141.94000000000003,1.83,692.59,1.238,214356.605,3442.5800000000004,3657.83,3670.81,-228.22999999999956,12.980000000000018,2445914.360125,2025-05-09,45
2025-05-09 11:15:00,2025-09-05 11:15:00,1068.52,3.2732,636.95,3.076,398.57,3.53,19.63,1.99996,119.66,2.79927,76.55,6.2,428.59,2.8225,2748.4700000000003,2711.02,2230553.7755,738.18,151.48999999999998,3.02,892.6899999999999,1.238,276287.555,3641.1600000000003,3603.71,3646.19,-5.029999999999745,42.48000000000002,2506841.3305,2025-05-09,46
2025-05-09 11:30:00,2025-09-05 11:30:00,1068.52,3.2732,636.95,3.076,398.57,3.53,19.63,2.2008,201.22,2.43025,76.71,6.2,444.39,2.8225,2845.99,2847.02,2281449.8370000003,619.0000000000001,144.40000000000003,3.55,766.95,1.238,237371.025,3612.9399999999996,3613.9700000000003,3637.99,-25.050000000000182,24.019999999999527,2518820.862,2025-05-09,47
2025-05-09 11:45:00,2025-09-05 11:45:00,1068.52,3.2732,636.95,3.076,398.57,3.53,19.63,2.56951,126.5,2.7009000000000003,76.92,6.2,445.4,2.8225,2772.4900000000002,2769.5,2247459.698825,700.51,155.42,4.5600000000000005,860.4899999999999,1.238,266321.65499999997,3632.98,3629.99,3648.29,-15.309999999999945,18.300000000000182,2513781.3538249996,2025-05-09,48
2025-05-09 12:00:00,2025-09-05 12:00:00,1068.52,3.2732,636.95,3.076,398.57,3.53,19.63,2.78032,119.47,2.9719,75.88,6.2,422.89,2.8225,2741.91,2892.1,2234345.8909,577.32,214.50000000000003,5.290000000000001,797.11,1.238,246705.545,3539.02,3689.21,3703.06,-164.03999999999996,13.849999999999909,2481051.4359,2025-05-09,49
2025-05-09 12:15:00,2025-09-05 12:15:00,1068.52,3.2732,636.95,3.076,398.57,3.53,19.63,2.7991599999999996,29.91,3.01587,74.61,6.2,429.6,2.8225,2657.79,2733.16,2170992.536625,728.9800000000001,216.46000000000004,6.28,951.7200000000001,1.238,294557.3400000001,3609.51,3684.88,3692.56,-83.04999999999973,7.679999999999836,2465549.8766250005,2025-05-09,50
2025-05-09 12:30:00,2025-09-05 12:30:00,1067.92,3.2732,636.95,3.076,398.57,3.53,19.63,2.79971,154.86,2.7996399999999997,74.61,6.2,431.91,2.8225,2784.4500000000003,2785.58,2257971.1441750005,654.43,203.17,7.24,864.8399999999999,1.238,267667.98,3649.29,3650.42,3667.34,-18.050000000000182,16.920000000000073,2525639.1241750005,2025-05-09,51
2025-05-09 12:45:00,2025-09-05 12:45:00,1065.26,3.2732,636.95,3.076,398.57,3.53,19.63,2.45077,167.73,2.79973,71.66,6.2,434.45,2.8225,2794.25,2765.09,2260313.4462499996,623.2600000000001,223.43,8.96,855.6500000000001,1.238,264823.67500000005,3649.9,3620.7400000000002,3635.7,14.200000000000273,14.959999999999582,2525137.12125,2025-05-09,52
2025-05-09 13:00:00,2025-09-05 13:00:00,1065.06,3.2732,636.95,3.076,398.57,3.53,19.81,2.50082,196.75,2.21062,72.33,6.2,433.15,2.8225,2822.62,2889.76,2251964.32405,452.11999999999995,222.66000000000003,9.549999999999999,684.3299999999999,1.238,211800.13499999998,3506.95,3574.09,3584.1,-77.15000000000009,10.009999999999764,2463764.4590499997,2025-05-09,53
2025-05-09 13:15:00,2025-09-05 13:15:00,1065.06,3.2732,636.95,3.076,398.57,3.53,19.82,2.5692199999999996,216.95,2.3006100000000003,71.5,6.2,433.2,2.8225,2842.0499999999997,2853.64,2267102.7429750003,507.40000000000003,219.94000000000003,9.84,737.1800000000001,1.238,228157.21000000002,3579.2299999999996,3590.8199999999997,3601.77,-22.54000000000042,10.950000000000273,2495259.9529750003,2025-05-09,54
2025-05-09 13:30:00,2025-09-05 13:30:00,1129.85,3.2732,636.95,3.076,398.57,3.53,19.82,2.5699899999999998,144.52,2.79969,70.35,6.2,436.35,2.8225,2836.41,2852.4,2296937.8989000004,568.48,208.29000000000002,6.97,783.74,1.238,242567.53,3620.1499999999996,3636.1400000000003,3644.88,-24.730000000000473,8.739999999999782,2539505.4289,2025-05-09,55
2025-05-09 13:45:00,2025-09-05 13:45:00,1138.6,3.2732,636.95,3.076,398.57,3.53,19.82,2.88707,192.57,2.84911,70.27,6.2,429.68,2.8225,2886.46,2916.42,2336849.115025,567.65,205.44,7.4399999999999995,780.53,1.238,241574.03499999997,3666.99,3696.95,3686.36,-19.370000000000346,-10.58999999999969,2578423.1500250003,2025-05-09,56
2025-05-09 14:00:00,2025-09-05 14:00:00,1138.89,3.2732,636.95,3.076,398.57,3.53,20.0,2.9024,304.16,2.94936,69.65,6.2,417.35,2.8225,2985.57,3128.57,2414737.69015,497.4099999999999,198.92000000000002,7.0600000000000005,703.3899999999999,1.238,217699.20499999996,3688.96,3831.96,3845.53,-156.57000000000016,13.570000000000164,2632436.89515,2025-05-09,57
2025-05-09 14:15:00,2025-09-05 14:15:00,1138.89,3.2732,636.95,3.076,398.57,3.53,20.01,2.90288,312.53,3.20072,69.6,6.2,412.58,2.8225,2989.1300000000006,3172.14,2437114.9371,604.5600000000001,190.20999999999998,6.9399999999999995,801.71,1.238,248129.245,3790.8400000000006,3973.85,3984.17,-193.32999999999947,10.320000000000164,2685244.1821000003,2025-05-09,58
2025-05-09 14:30:00,2025-09-05 14:30:00,1291.33,3.2732,636.95,3.076,398.57,3.53,20.01,2.94227,99.13,3.0159499999999997,69.51,6.2,405.5,2.8225,2921.0000000000005,3133.95,2381580.83805,728.6300000000001,188.11999999999998,7.109999999999999,923.8600000000001,1.238,285934.67000000004,3844.8600000000006,4057.81,4079.73,-234.86999999999944,21.920000000000073,2667515.50805,2025-05-09,59
2025-05-09 14:45:00,2025-09-05 14:45:00,1374.19,3.2732,650.92,3.076,398.57,3.53,20.01,2.97137,221.75,3.2057800000000003,72.92,6.2,396.64,2.8225,3135.0000000000005,3247.64,2562284.9891749998,697.04,182.28,6.92,886.2399999999999,1.238,274291.27999999997,4021.2400000000002,4133.88,4147.84,-126.59999999999991,13.960000000000036,2836576.2691749996,2025-05-09,60
2025-05-09 15:00:00,2025-09-05 15:00:00,1379.41,3.2732,659.19,3.076,398.57,3.53,41.68,2.9714699999999996,200.99,3.38577,25.65,6.2,389.45,2.8225,3094.94,3306.4,2503078.6897250004,707.35,171.76,8.71,887.82,1.238,274780.29000000004,3982.76,4194.22,4210.84,-228.07999999999993,16.61999999999989,2777858.9797250004,2025-05-09,61
2025-05-09 15:15:00,2025-09-05 15:15:00,1379.41,3.2732,659.75,3.076,398.57,3.53,55.11,2.972,199.46,3.4990300000000003,7.17,6.2,370.97,2.8225,3070.4400000000005,3237.79,2476162.0452000005,829.83,160.14999999999998,7.23,997.21,1.238,308636.49500000005,4067.6500000000005,4235.0,4246.81,-179.15999999999985,11.8100000000004,2784798.5402000006,2025-05-09,62
2025-05-09 15:30:00,2025-09-05 15:30:00,1423.84,3.2732,658.93,3.076,398.57,3.53,-36.11,3.0704000000000002,123.08,3.38522,2.21,6.2,354.34,2.8225,2924.86,3185.42,2353485.3129,928.2700000000001,147.66,8.34,1084.27,1.238,335581.565,4009.13,4269.6900000000005,4169.61,-160.47999999999956,-100.08000000000084,2689066.8778999997,2025-05-09,63
2025-05-09 15:45:00,2025-09-05 15:45:00,1379.41,3.2732,636.95,3.076,398.57,3.53,-43.05,3.07068,0.0,3.38177,1.93,6.2,314.61,2.8225,2688.42,3219.37,2162263.76575,952.4800000000001,134.62,9.22,1096.3200000000002,1.238,339311.04000000004,3784.7400000000002,4315.6900000000005,4192.93,-408.19000000000005,-122.76000000000022,2501574.80575,2025-05-09,64
2025-05-09 16:00:00,2025-09-05 16:00:00,1419.58,3.2732,679.34,3.076,511.63,3.53,-46.04,3.1787199999999998,185.76,3.38159,0.13,6.2,294.29,2.8225,3044.6900000000005,3250.35,2463882.10265,931.1099999999998,120.71,9.37,1061.1899999999996,1.238,328438.3049999999,4105.88,4311.539999999999,4327.18,-221.30000000000018,15.640000000001237,2792320.4076499995,2025-05-09,65
2025-05-09 16:15:00,2025-09-05 16:15:00,1378.28,3.2732,690.11,3.076,521.16,3.53,-46.48,3.3900900000000003,196.85,3.4700100000000003,0.0,6.2,270.27,2.8225,3010.1899999999996,3146.04,2440549.1040749997,1057.69,107.17000000000002,9.61,1174.47,1.238,363498.465,4184.66,4320.51,4327.64,-142.98000000000047,7.130000000000109,2804047.5690749995,2025-05-09,66
2025-05-09 16:30:00,2025-09-05 16:30:00,1374.66,3.2732,697.82,3.076,521.16,3.53,-46.41,3.4334499999999997,327.23,3.38191,0.0,6.2,222.03,2.8225,3096.4900000000002,3110.1,2514930.47545,1128.4399999999998,92.70000000000002,10.74,1231.8799999999999,1.238,381266.8599999999,4328.37,4341.98,4354.21,-25.840000000000146,12.230000000000473,2896197.3354499997,2025-05-09,67
2025-05-09 16:45:00,2025-09-05 16:45:00,1374.66,3.2732,705.52,3.076,521.16,3.53,-46.21,3.45158,395.75,3.40679,0.0,6.2,194.65,2.8225,3145.53,3098.19,2561887.671925,1119.73,74.93000000000002,10.83,1205.49,1.238,373099.15499999997,4351.02,4303.68,4316.64,34.38000000000011,12.960000000000036,2934986.8269249997,2025-05-09,68
2025-05-09 17:00:00,2025-09-05 17:00:00,1455.25,3.2732,715.03,3.076,521.16,3.53,-82.02,3.5271999999999997,360.76,2.871,0.0,6.2,168.81,2.8225,3138.9899999999993,3155.3,2506339.65525,1048.33,58.980000000000004,11.4,1118.71,1.238,346240.745,4257.699999999999,4274.01,4287.9,-30.200000000000728,13.889999999999418,2852580.40025,2025-05-09,69
2025-05-09 17:15:00,2025-09-05 17:15:00,1471.71,3.2732,715.73,3.076,521.16,3.53,-89.19,3.63992,328.72,2.99932,0.0,6.2,144.37,2.8225,3092.5,3228.22,2481814.44565,1017.4199999999998,43.74000000000001,12.72,1073.8799999999999,1.238,332365.8599999999,4166.38,4302.099999999999,4308.88,-142.5,6.780000000000655,2814180.30565,2025-05-09,70
2025-05-09 17:30:00,2025-09-05 17:30:00,1474.25,3.2732,715.73,3.076,521.16,3.53,-98.04,3.90017,251.12,3.2000300000000004,0.0,6.2,119.74,2.8225,2983.9599999999996,3018.8,2406495.0992,1235.47,30.18,13.64,1279.2900000000002,1.238,395940.25500000006,4263.25,4298.09,4302.8,-39.55000000000018,4.710000000000036,2802435.3542,2025-05-09,71
2025-05-09 17:45:00,2025-09-05 17:45:00,1474.58,3.2732,715.73,3.076,521.16,3.53,-98.71,4.04002,237.36,3.49929,0.0,6.2,97.75,2.8225,2947.87,2933.77,2393894.0028,1304.2700000000002,18.52,14.66,1337.4500000000003,1.238,413940.7750000001,4285.32,4271.22,4286.49,-1.1700000000000728,15.269999999999527,2807834.7778,2025-05-09,72
2025-05-09 18:00:00,2025-09-05 18:00:00,1474.6,3.2732,715.73,3.076,521.16,3.53,-53.98,3.96922,283.0,2.9495999999999998,14.39,6.2,77.94,2.8225,3032.8399999999997,3057.68,2449405.7386000003,1137.4799999999998,9.909999999999998,12.83,1160.2199999999998,1.238,359088.0899999999,4193.0599999999995,4217.9,4264.79,-71.73000000000047,46.89000000000033,2808493.8286,2025-05-09,73
2025-05-09 18:15:00,2025-09-05 18:15:00,1474.6,3.2732,715.73,3.076,521.16,3.53,-22.43,4.14009,269.38,3.79027,24.3,6.2,50.8,2.8225,3033.5400000000004,3059.14,2522536.178475,1161.5500000000002,3.9700000000000006,12.98,1178.5000000000002,1.238,364745.75000000006,4212.040000000001,4237.64,4296.11,-84.0699999999988,58.469999999999345,2887281.928475,2025-05-09,74
2025-05-09 18:30:00,2025-09-05 18:30:00,1474.6,3.2732,715.73,3.076,521.16,3.53,-21.55,4.43393,263.31,4.25084,24.14,6.2,37.86,2.8225,3015.2499999999995,3051.48,2537051.5847249995,1304.8700000000001,0.75,13.55,1319.17,1.238,408283.115,4334.42,4370.65,4433.72,-99.30000000000018,63.07000000000062,2945334.6997249993,2025-05-09,75
2025-05-09 18:45:00,2025-09-05 18:45:00,1474.6,3.2732,715.73,3.076,521.16,3.53,74.87,4.64967,263.11,5.50423,23.95,6.2,27.5,2.8225,3100.9199999999996,3127.4,2722597.1245499994,1448.33,0.34,14.660000000000002,1463.33,1.238,452900.63499999995,4564.25,4590.73,4654.93,-90.68000000000029,64.20000000000073,3175497.759549999,2025-05-09,76
2025-05-09 19:00:00,2025-09-05 19:00:00,1474.6,3.2732,715.73,3.076,521.16,3.53,-88.8,7.06912,412.93,10.0,1.65,6.2,20.07,2.8225,3057.3399999999997,3124.87,3109095.1797499997,1599.51,0.23,15.469999999999999,1615.21,1.238,499907.495,4672.549999999999,4740.08,4798.08,-125.53000000000065,58.0,3609002.67475,2025-05-09,77
2025-05-09 19:15:00,2025-09-05 19:15:00,1474.6,3.2732,715.73,3.076,521.16,3.53,-101.9,8.02927,382.36,10.0,0.0,6.2,11.96,2.8225,3003.91,3106.4,2976778.8717500004,1616.3500000000001,0.2,16.23,1632.7800000000002,1.238,505345.4100000001,4636.6900000000005,4739.18,4801.05,-164.35999999999967,61.86999999999989,3482124.2817500005,2025-05-09,78
2025-05-09 19:30:00,2025-09-05 19:30:00,1474.6,3.2732,715.73,3.076,521.16,3.53,-249.4,9.90906,505.32,10.0,0.0,6.2,11.4,2.8225,2978.81,3103.56,2870499.4839999997,1616.53,0.2,16.16,1632.89,1.238,505379.455,4611.7,4736.45,4796.57,-184.8699999999999,60.11999999999989,3375878.939,2025-05-09,79
2025-05-09 19:45:00,2025-09-05 19:45:00,1474.6,3.2732,715.73,3.076,521.16,3.53,-391.84,10.0,542.22,10.0,0.0,6.2,11.96,2.8225,2873.83,3108.7,2601374.5250000004,1611.29,0.2,16.119999999999997,1627.61,1.238,503745.2949999999,4501.44,4736.3099999999995,4795.85,-294.41000000000076,59.54000000000087,3105119.8200000003,2025-05-09,80
2025-05-09 20:00:00,2025-09-05 20:00:00,1475.21,3.2732,715.73,3.076,521.16,3.53,-385.53,9.90988,906.37,10.0,0.0,6.2,12.28,2.8225,3245.22,3184.01,3536935.4789000005,1522.7899999999995,0.19,14.350000000000001,1537.3299999999995,1.238,475803.63499999983,4782.549999999999,4721.34,4782.41,0.13999999999941792,61.06999999999971,4012739.1139,2025-05-09,81
2025-05-09 20:15:00,2025-09-05 20:15:00,1475.27,3.2732,715.73,3.076,521.16,3.53,-400.67,9.99922,930.12,10.0,0.0,6.2,12.86,2.8225,3254.47,3259.03,3550310.9791500005,1455.4299999999996,0.19,12.32,1467.9399999999996,1.238,454327.4299999999,4722.41,4726.969999999999,4786.1,-63.69000000000051,59.13000000000102,4004638.40915,2025-05-09,82
2025-05-09 20:30:00,2025-09-05 20:30:00,1475.27,3.2732,722.91,3.076,521.16,3.53,-401.9,10.0,599.7,10.0,0.0,6.2,12.9,2.8225,2930.0399999999995,3109.04,2726657.4935000003,1597.36,0.19,11.5,1609.05,1.238,498000.975,4539.089999999999,4718.09,4774.71,-235.6200000000008,56.61999999999989,3224658.4685000004,2025-05-09,83
2025-05-09 20:45:00,2025-09-05 20:45:00,1475.27,3.2732,729.74,3.076,521.16,3.53,-401.9,10.0,615.57,10.0,0.0,6.2,13.18,2.8225,2953.02,3071.99,2771782.3385,1614.88,0.19,12.64,1627.7100000000003,1.238,503776.24500000005,4580.7300000000005,4699.7,4761.38,-180.64999999999964,61.68000000000029,3275558.5835,2025-05-09,84
2025-05-09 21:00:00,2025-09-05 21:00:00,1475.27,3.2732,736.5,3.076,521.16,3.53,-401.9,10.0,758.79,9.99005,0.0,6.2,13.2,2.8225,3103.0199999999995,3109.8,3133157.400875,1603.3499999999997,0.19,11.930000000000001,1615.4699999999998,1.238,499987.9649999999,4718.49,4725.27,4788.84,-70.35000000000036,63.56999999999971,3633145.3658749997,2025-05-09,85
2025-05-09 21:15:00,2025-09-05 21:15:00,1475.27,3.2732,743.26,3.076,521.16,3.53,-401.9,10.0,813.59,6.18604,0.0,6.2,13.48,2.8225,3164.8599999999997,3147.38,2501690.9769,1609.8999999999999,0.19,12.809999999999999,1622.8999999999999,1.238,502287.54999999993,4787.759999999999,4770.28,4828.47,-40.710000000000946,58.19000000000051,3003978.5269,2025-05-09,86
2025-05-09 21:30:00,2025-09-05 21:30:00,1474.82,3.2732,750.02,3.076,521.16,3.53,-401.9,10.0,754.36,10.0,0.0,6.2,13.78,2.8225,3112.2400000000002,3200.68,3134407.7985000005,1609.8799999999997,0.19,13.169999999999998,1623.2399999999998,1.238,502392.7799999999,4735.48,4823.92,4898.8,-163.32000000000062,74.88000000000011,3636800.5785000003,2025-05-09,87
2025-05-09 21:45:00,2025-09-05 21:45:00,1475.07,3.2732,756.78,3.076,521.16,3.53,-401.9,10.0,719.05,10.0,0.0,6.2,14.08,2.8225,3084.24,3262.3,3051747.5009999997,1612.6899999999998,0.19,13.65,1626.53,1.238,503411.035,4710.7699999999995,4888.83,4968.87,-258.10000000000036,80.03999999999996,3555158.536,2025-05-09,88
2025-05-09 22:00:00,2025-09-05 22:00:00,1476.84,3.2732,757.25,3.076,521.16,3.53,-401.9,10.0,848.51,10.0,0.0,6.2,14.1,2.8225,3215.9599999999996,3335.83,3377221.4345,1614.8200000000002,0.19,14.59,1629.6000000000001,1.238,504361.20000000007,4845.5599999999995,4965.43,5051.87,-206.3100000000004,86.4399999999996,3881582.6345,2025-05-09,89
2025-05-09 22:15:00,2025-09-05 22:15:00,1477.23,3.2732,757.25,3.076,521.16,3.53,-401.9,10.0,942.82,10.0,0.0,6.2,14.65,2.8225,3311.21,3439.59,3613703.66525,1614.58,0.22000000000000003,14.49,1629.29,1.238,504265.25499999995,4940.5,5068.88,5155.7,-215.19999999999982,86.81999999999971,4117968.92025,2025-05-09,90
2025-05-09 22:30:00,2025-09-05 22:30:00,1478.32,3.2732,757.25,3.076,521.16,3.53,-401.9,10.0,991.64,6.00066,0.0,6.2,15.24,2.8225,3361.709999999999,3448.01,2745585.5516,1617.7599999999998,0.22000000000000003,15.129999999999999,1633.11,1.238,505447.545,4994.819999999999,5081.12,5164.8,-169.98000000000138,83.68000000000029,3251033.0966,2025-05-09,91
2025-05-09 22:45:00,2025-09-05 22:45:00,1477.58,3.2732,757.25,3.076,521.16,3.53,-401.9,10.0,1010.49,5.99907,0.0,6.2,15.88,2.8225,3380.46,3423.5,2773308.0500749997,1619.45,0.22000000000000003,14.45,1634.1200000000001,1.238,505760.14,5014.58,5057.62,5141.62,-127.03999999999996,84.0,3279068.190075,2025-05-09,92
2025-05-09 23:00:00,2025-09-05 23:00:00,1477.46,3.2732,757.25,3.076,521.16,3.53,-401.9,10.0,1009.76,6.50096,0.0,6.2,16.18,2.8225,3379.9099999999994,3429.55,2899023.8229,1600.8899999999999,0.22000000000000003,12.79,1613.8999999999999,1.238,499502.04999999993,4993.8099999999995,5043.45,5114.96,-121.15000000000055,71.51000000000022,3398525.8729,2025-05-09,93
2025-05-09 23:15:00,2025-09-05 23:15:00,1477.46,3.2732,763.53,3.076,521.16,3.53,-401.9,10.0,947.3,6.00018,0.0,6.2,16.48,2.8225,3324.0299999999993,3381.44,2683955.1165000005,1601.07,0.22000000000000003,14.469999999999999,1615.76,1.238,500077.72,4939.789999999999,4997.2,5049.28,-109.49000000000069,52.07999999999993,3184032.8365,2025-05-09,94
2025-05-09 23:30:00,2025-09-05 23:30:00,1477.46,3.2732,770.27,3.076,521.16,3.53,-401.9,10.0,848.82,10.0,0.0,6.2,16.5,2.8225,3232.31,3286.5,3390209.6605000007,1615.22,0.22000000000000003,13.760000000000002,1629.2,1.238,504237.4,4861.51,4915.7,4967.4,-105.88999999999942,51.69999999999982,3894447.0605000006,2025-05-09,95
2025-05-09 23:45:00,2025-09-05 23:45:00,1477.46,3.2732,775.9,3.076,521.16,3.53,-401.9,10.0,764.17,6.00015,0.0,6.2,16.5,2.8225,3153.29,3210.24,2418772.7868749998,1608.4099999999999,0.22000000000000003,12.250000000000002,1620.8799999999999,1.238,501662.36,4774.17,4831.12,4883.98,-109.80999999999949,52.85999999999967,2920435.1468749996,2025-05-09,96
2025-05-10 00:00:00,2025-10-05 00:00:00,1476.62,3.2732,776.29,3.076,415.82,3.53,-262.4,10.0,578.39,8.50084,0.0,6.2,10.05,2.8225,2994.77,3092.78,2752538.04915,1611.24,0.22999999999999998,12.7,1624.17,1.238,502680.61500000005,4618.9400000000005,4716.950000000001,4770.23,-151.28999999999905,53.279999999998836,3255218.66415,2025-05-10,1
2025-05-10 00:15:00,2025-10-05 00:15:00,1476.62,3.2732,776.29,3.076,407.89,3.53,-205.46,7.5025,321.9,5.19971,0.0,6.2,9.6,2.8225,2786.8399999999997,3015.9,2205102.8307499997,1605.37,0.22999999999999998,11.049999999999999,1616.6499999999999,1.238,500353.175,4403.49,4632.55,4689.28,-285.78999999999996,56.72999999999956,2705456.0057499995,2025-05-10,2
2025-05-10 00:30:00,2025-10-05 00:30:00,1476.62,3.2732,776.29,3.076,407.89,3.53,-109.01,5.07589,160.95,4.68691,0.0,6.2,9.6,2.8225,2722.3399999999992,2924.01,2222280.9298999994,1604.37,0.22999999999999998,10.17,1614.77,1.238,499771.315,4337.109999999999,4538.780000000001,4594.77,-257.6600000000017,55.98999999999978,2722052.2448999994,2025-05-10,3
2025-05-10 00:45:00,2025-10-05 00:45:00,1477.9,3.2732,776.29,3.076,407.89,3.53,-101.9,4.791060000000001,88.19,4.45003,0.0,6.2,9.6,2.8225,2657.97,2862.15,2149129.287925,1591.0300000000002,0.22999999999999998,9.35,1600.6100000000001,1.238,495388.79500000004,4258.58,4462.76,4520.59,-262.0100000000002,57.82999999999993,2644518.0829249998,2025-05-10,4
2025-05-10 01:00:00,2025-10-05 01:00:00,1479.35,3.2732,776.29,3.076,407.89,3.53,-101.9,4.59168,92.1,4.50059,0.0,6.2,9.6,2.8225,2663.3299999999995,2799.01,2160909.0767499995,1577.15,0.22000000000000003,10.239999999999998,1587.6100000000001,1.238,491365.29500000004,4250.94,4386.620000000001,4443.3,-192.36000000000058,56.67999999999938,2652274.3717499995,2025-05-10,5
2025-05-10 01:15:00,2025-10-05 01:15:00,1480.91,3.2732,776.29,3.076,407.89,3.53,-101.9,4.43399,65.64,4.283,0.0,6.2,9.6,2.8225,2638.4299999999994,2794.6,2132860.7227499993,1507.24,0.22000000000000003,11.09,1518.55,1.238,469991.225,4156.98,4313.15,4371.87,-214.89000000000033,58.720000000000255,2602851.9477499994,2025-05-10,6
2025-05-10 01:30:00,2025-10-05 01:30:00,1480.46,3.2732,776.29,3.076,407.89,3.53,-101.9,4.43333,181.03,3.73014,0.0,6.2,9.6,2.8225,2753.37,2855.54,2231042.0823,1353.26,0.22000000000000003,11.06,1364.54,1.238,422325.13,4117.91,4220.08,4282.97,-165.0600000000004,62.89000000000033,2653367.2123,2025-05-10,7
2025-05-10 01:45:00,2025-10-05 01:45:00,1481.49,3.2732,776.29,3.076,407.89,3.53,-101.9,4.409140000000001,144.22,3.6407,0.0,6.2,9.6,2.8225,2717.5899999999992,2860.77,2194949.799,1285.7599999999998,0.22000000000000003,10.950000000000001,1296.9299999999998,1.238,401399.83499999996,4014.519999999999,4157.7,4214.95,-200.43000000000075,57.25,2596349.634,2025-05-10,8
2025-05-10 02:00:00,2025-10-05 02:00:00,1481.75,3.2732,776.29,3.076,399.22,3.53,-101.9,4.25568,231.19,3.99998,0.0,6.2,9.6,2.8225,2796.15,2923.97,2291344.0810500006,1168.7499999999998,0.22999999999999998,11.65,1180.6299999999999,1.238,365404.9849999999,3976.7799999999997,4104.599999999999,4163.81,-187.03000000000065,59.210000000000946,2656749.0660500005,2025-05-10,9
2025-05-10 02:15:00,2025-10-05 02:15:00,1482.84,3.2732,776.29,3.076,398.57,3.53,-101.9,4.25009,237.52,3.99945,0.0,6.2,9.6,2.8225,2802.92,2856.06,2298103.3052499997,1184.39,0.22999999999999998,11.9,1196.5200000000002,1.238,370322.94000000006,3999.4400000000005,4052.58,4109.2,-109.75999999999931,56.61999999999989,2668426.2452499997,2025-05-10,10
2025-05-10 02:30:00,2025-10-05 02:30:00,1484.16,3.2732,776.29,3.076,398.57,3.53,-101.9,4.10019,237.52,3.99422,0.0,6.2,23.63,2.8225,2818.27,2759.41,2312591.5251000007,1227.19,0.22999999999999998,11.020000000000001,1238.44,1.238,383297.18000000005,4056.71,3997.85,4053.3,3.4099999999998545,55.45000000000027,2695888.705100001,2025-05-10,11
2025-05-10 02:45:00,2025-10-05 02:45:00,1484.43,3.2732,776.29,3.076,398.57,3.53,-101.9,4.00054,192.37,3.8802,0.0,6.2,23.76,2.8225,2773.5200000000004,2750.13,2264874.516,1210.87,0.22999999999999998,10.32,1221.4199999999998,1.238,378029.48999999993,3994.9400000000005,3971.55,4013.17,-18.229999999999563,41.61999999999989,2642904.0059999996,2025-05-10,12
2025-05-10 03:00:00,2025-10-05 03:00:00,1485.51,3.2732,1146.52,3.076,28.34,3.53,-101.9,4.10017,189.26,2.80044,0.0,6.2,23.14,2.8225,2770.8699999999994,2742.78,2166655.91335,1216.3599999999997,0.22999999999999998,8.42,1225.0099999999998,1.238,379140.5949999999,3995.879999999999,3967.79,3978.47,17.4099999999994,10.679999999999836,2545796.50835,2025-05-10,13
2025-05-10 03:15:00,2025-10-05 03:15:00,1485.77,3.2732,1174.86,3.076,0.0,3.53,-101.9,3.9496100000000003,135.07,2.80035,0.0,6.2,22.26,2.8225,2716.0600000000004,2685.48,2128924.647375,1215.2,0.22999999999999998,6.38,1221.8100000000002,1.238,378150.19500000007,3937.870000000001,3907.29,3919.65,18.22000000000071,12.360000000000127,2507074.842375,2025-05-10,14
2025-05-10 03:30:00,2025-10-05 03:30:00,1485.78,3.2732,1174.86,3.076,0.0,3.53,-101.9,3.8008800000000003,95.26,3.6107,0.0,6.2,16.87,2.8225,2670.87,2669.43,2120346.4102499997,1210.12,0.22999999999999998,5.07,1215.4199999999998,1.238,376172.48999999993,3886.29,3884.8499999999995,3892.46,-6.170000000000073,7.610000000000582,2496518.9002499995,2025-05-10,15
2025-05-10 03:45:00,2025-10-05 03:45:00,1485.78,3.2732,1174.86,3.076,0.0,3.53,-101.9,3.61031,47.57,3.75004,0.0,6.2,15.94,2.8225,2622.25,2623.93,2083153.47995,1231.1,0.22999999999999998,4.36,1235.6899999999998,1.238,382446.05499999993,3857.9399999999996,3859.62,3867.16,-9.220000000000255,7.539999999999964,2465599.5349500002,2025-05-10,16
2025-05-10 04:00:00,2025-10-05 04:00:00,1487.07,3.2732,1174.86,3.076,0.0,3.53,-101.9,3.94906,44.46,3.76959,0.0,6.2,15.06,2.8225,2619.5499999999997,2602.16,2072260.1228499992,1211.7500000000002,0.24,3.1,1215.0900000000001,1.238,376070.35500000004,3834.64,3817.25,3828.12,6.519999999999982,10.86999999999989,2448330.4778499994,2025-05-10,17
2025-05-10 04:15:00,2025-10-05 04:15:00,1488.73,3.2732,1174.86,3.076,0.0,3.53,-101.9,3.80057,44.46,3.87929,0.0,6.2,14.44,2.8225,2620.59,2623.91,2078183.1116,1177.96,0.22999999999999998,1.67,1179.8600000000001,1.238,365166.67,3800.4500000000003,3803.77,3811.02,-10.569999999999709,7.25,2443349.7816,2025-05-10,18
2025-05-10 04:30:00,2025-10-05 04:30:00,1490.41,3.2732,1174.86,3.076,0.0,3.53,-101.9,4.02953,44.46,3.7504899999999997,0.0,6.2,13.56,2.8225,2621.39,2598.72,2071672.5376000004,1178.1100000000001,0.22999999999999998,1.43,1179.7700000000002,1.238,365138.81500000006,3801.16,3778.49,3788.3,12.859999999999673,9.8100000000004,2436811.3526000003,2025-05-10,19
2025-05-10 04:45:00,2025-10-05 04:45:00,1491.63,3.2732,1174.86,3.076,0.0,3.53,-101.9,4.10027,44.46,3.7714499999999997,0.0,6.2,11.54,2.8225,2620.5899999999997,2595.5,2069676.37,1178.89,0.24,0.8700000000000001,1180.0,1.238,365210.0,3800.5899999999997,3775.5,3785.84,14.749999999999545,10.340000000000146,2434886.37,2025-05-10,20
2025-05-10 05:00:00,2025-10-05 05:00:00,1491.8,3.2732,1174.86,3.076,0.0,3.53,-101.9,3.64907,44.46,3.10536,0.0,6.2,11.4,2.8225,2620.62,2576.89,2073807.4231499995,1185.07,0.24,0.45999999999999996,1185.77,1.238,366995.815,3806.39,3762.66,3771.95,34.440000000000055,9.289999999999964,2440803.2381499996,2025-05-10,21
2025-05-10 05:15:00,2025-10-05 05:15:00,1491.81,3.2732,1174.86,3.076,0.0,3.53,-101.9,4.10051,44.46,3.36081,0.0,6.2,11.4,2.8225,2620.63,2565.3,2065154.4989,1195.29,0.24,0.44999999999999996,1195.98,1.238,370155.81,3816.61,3761.28,3775.7,40.91000000000031,14.419999999999618,2435310.3089,2025-05-10,22
2025-05-10 05:30:00,2025-10-05 05:30:00,1491.81,3.2732,1174.86,3.076,0.0,3.53,-101.9,4.26,129.99,3.56297,0.0,6.2,11.4,2.8225,2706.1600000000003,2638.08,2139523.705575,1128.77,0.23,0.28,1129.28,1.238,349512.16,3835.4400000000005,3767.3599999999997,3781.13,54.3100000000004,13.770000000000437,2489035.865575,2025-05-10,23
2025-05-10 05:45:00,2025-10-05 05:45:00,1493.65,3.2732,1174.86,3.076,0.0,3.53,-101.9,4.25046,189.16,3.80519,0.0,6.2,22.45,2.8225,2778.22,2670.71,2213229.3828499997,1087.9399999999998,0.23,0.13,1088.3,1.238,336828.85,3866.5199999999995,3759.01,3767.54,98.97999999999956,8.529999999999745,2550058.23285,2025-05-10,24
2025-05-10 06:00:00,2025-10-05 06:00:00,1494.07,3.2732,804.19,3.076,370.67,3.53,-99.74,4.28907,54.01,4.05268,0.0,6.2,25.7,2.8225,2648.9000000000005,2666.99,2134043.77975,1104.57,0.64,0.34,1105.55,1.238,342167.725,3754.4500000000007,3772.54,3780.31,-25.859999999999218,7.769999999999982,2476211.5047500003,2025-05-10,25
2025-05-10 06:15:00,2025-10-05 06:15:00,1494.09,3.2732,776.29,3.076,398.57,3.53,-99.58,4.19955,44.36,4.39173,0.0,6.2,30.6,2.8225,2644.3300000000004,2645.15,2137067.4954500003,1097.57,3.5499999999999994,0.51,1101.6299999999999,1.238,340954.485,3745.96,3746.7799999999997,3757.28,-11.320000000000164,10.500000000000455,2478021.98045,2025-05-10,26
2025-05-10 06:30:00,2025-10-05 06:30:00,1494.09,3.2732,755.93,3.076,398.57,3.53,-99.58,3.87789,74.65,3.78368,0.0,6.2,42.02,2.8225,2665.6800000000003,2628.22,2159385.26095,1089.4699999999998,9.11,0.52,1099.0999999999997,1.238,340171.4499999999,3764.7799999999997,3727.3199999999997,3736.36,28.419999999999618,9.040000000000418,2499556.7109499997,2025-05-10,27
2025-05-10 06:45:00,2025-10-05 06:45:00,1494.09,3.2732,754.37,3.076,398.57,3.53,-85.94,3.56513,7.26,3.5433499999999998,0.0,6.2,54.71,2.8225,2623.0600000000004,2584.4,2122901.5079500005,1084.69,17.619999999999997,0.87,1103.1799999999998,1.238,341434.20999999996,3726.2400000000002,3687.58,3696.44,29.800000000000182,8.860000000000127,2464335.7179500004,2025-05-10,28
2025-05-10 07:00:00,2025-10-05 07:00:00,1492.68,3.2732,754.37,3.076,398.57,3.53,-41.37,3.4295999999999998,26.47,3.20506,0.0,6.2,71.83,2.8225,2702.55,2603.73,2189732.489300001,1008.6599999999999,28.55,1.23,1038.4399999999998,1.238,321397.17999999993,3740.99,3642.17,3655.68,85.30999999999995,13.509999999999764,2511129.669300001,2025-05-10,29
2025-05-10 07:15:00,2025-10-05 07:15:00,1492.58,3.2732,754.37,3.076,398.57,3.53,-36.21,3.1905799999999997,28.15,3.1814899999999997,0.0,6.2,92.5,2.8225,2729.96,2639.68,2212004.091925,956.84,41.25000000000001,0.8800000000000001,998.97,1.238,309181.215,3728.9300000000003,3638.6499999999996,3648.33,80.60000000000036,9.680000000000291,2521185.3069249997,2025-05-10,30
2025-05-10 07:30:00,2025-10-05 07:30:00,1492.58,3.2732,754.37,3.076,398.57,3.53,53.95,2.9024,244.09,2.54511,0.0,6.2,118.93,2.8225,3062.49,2785.85,2431601.8452250003,729.75,54.31000000000001,0.8,784.86,1.238,242914.17,3847.35,3570.71,3592.26,255.0899999999997,21.550000000000182,2674516.015225,2025-05-10,31
2025-05-10 07:45:00,2025-10-05 07:45:00,1492.58,3.2732,754.37,3.076,398.57,3.53,62.73,2.75031,123.78,2.3499,0.0,6.2,143.33,2.8225,2975.36,2933.17,2370213.3923250004,528.03,65.36,0.92,594.31,1.238,183938.94499999998,3569.67,3527.48,3532.35,37.320000000000164,4.869999999999891,2554152.337325,2025-05-10,32
2025-05-10 08:00:00,2025-10-05 08:00:00,1404.58,3.2732,754.37,3.076,398.57,3.53,93.63,1.99958,43.06,2.0756,1.78,6.2,173.56,2.8225,2869.55,2823.5,2275592.64685,609.13,86.48,1.03,696.64,1.238,215610.08,3566.19,3520.14,3526.77,39.42000000000007,6.630000000000109,2491202.72685,2025-05-10,33
2025-05-10 08:15:00,2025-10-05 08:15:00,1397.39,3.2732,754.37,3.076,398.57,3.53,95.89,1.99926,32.35,2.66048,1.93,6.2,208.7,2.8225,2889.2,2828.07,2295032.1218499998,554.86,101.35,1.28,657.49,1.238,203493.155,3546.6899999999996,3485.5600000000004,3499.06,47.629999999999654,13.499999999999545,2498525.2768499996,2025-05-10,34
2025-05-10 08:30:00,2025-10-05 08:30:00,1380.2,3.2732,754.37,3.076,398.57,3.53,93.02,1.99922,30.58,2.79939,5.67,6.2,242.34,2.8225,2904.7500000000005,2847.01,2308949.0751500004,516.1,115.78,1.7999999999999998,633.68,1.238,196123.96,3538.4300000000003,3480.69,3489.06,49.370000000000346,8.36999999999989,2505073.0351500004,2025-05-10,35
2025-05-10 08:45:00,2025-10-05 08:45:00,1378.77,3.2732,754.37,3.076,398.57,3.53,72.51,1.9481,30.65,2.54483,32.45,6.2,277.76,2.8225,2945.08,2892.29,2361201.888625,455.4200000000001,126.49,2.3,584.21,1.238,180812.995,3529.29,3476.5,3489.75,39.539999999999964,13.25,2542014.8836250002,2025-05-10,36
2025-05-10 09:00:00,2025-10-05 09:00:00,1145.86,3.2732,754.37,3.076,398.57,3.53,48.99,1.8516400000000002,117.75,2.79973,58.19,6.2,306.46,2.8225,2830.19,2955.88,2281041.1432749997,442.14,119.00999999999999,3.39,564.54,1.238,174725.12999999998,3394.73,3520.42,3525.5,-130.76999999999998,5.079999999999927,2455766.2732749996,2025-05-10,37
2025-05-10 09:15:00,2025-10-05 09:15:00,1043.47,3.2732,754.37,3.076,398.57,3.53,47.33,1.88968,124.87,2.7994,60.05,6.2,334.68,2.8225,2763.34,2853.25,2224706.0391,603.0200000000001,97.50000000000001,4.92,705.44,1.238,218333.68000000002,3468.78,3558.69,3558.6,-89.81999999999971,-0.09000000000014552,2443039.7191000003,2025-05-10,38
2025-05-10 09:30:00,2025-10-05 09:30:00,1028.11,3.2732,754.37,3.076,398.57,3.53,47.33,1.85355,127.03,2.54424,60.31,6.2,360.56,2.8225,2776.28,2822.13,2223782.450175,583.47,152.98,5.2,741.6500000000001,1.238,229540.67500000002,3517.9300000000003,3563.78,3571.56,-53.629999999999654,7.779999999999745,2453323.1251749997,2025-05-10,39
2025-05-10 09:45:00,2025-10-05 09:45:00,1028.79,3.2732,754.37,3.076,398.57,3.53,47.33,1.86999,127.19,2.5441,60.33,6.2,382.95,2.8225,2799.5299999999997,2913.14,2240460.682175,535.73,155.17,5.41,696.31,1.238,215507.94499999998,3495.8399999999997,3609.45,3619.22,-123.38000000000011,9.769999999999982,2455968.627175,2025-05-10,40
2025-05-10 10:00:00,2025-10-05 10:00:00,1029.7,3.2732,754.37,3.076,398.57,3.53,20.59,1.7997,125.47,2.00059,87.06,6.2,404.6,2.8225,2820.36,2909.18,2266908.4025749997,509.71999999999997,168.38000000000002,5.8100000000000005,683.91,1.238,211670.145,3504.27,3593.0899999999997,3599.61,-95.34000000000015,6.520000000000437,2478578.5475749997,2025-05-10,41
2025-05-10 10:15:00,2025-10-05 10:15:00,1031.09,3.2732,754.37,3.076,398.57,3.53,18.47,1.8479,123.57,1.78596,88.73,6.2,418.95,2.8225,2833.75,2862.64,2272448.0433000005,568.65,180.36999999999998,5.97,754.99,1.238,233669.405,3588.74,3617.63,3621.03,-32.29000000000042,3.400000000000091,2506117.4483000003,2025-05-10,42
2025-05-10 10:30:00,2025-10-05 10:30:00,1031.86,3.2732,754.37,3.076,398.57,3.53,18.47,1.99918,122.53,2.54433,88.71,6.2,426.16,2.8225,2840.67,2873.47,2301599.6453750003,535.45,180.85,5.3,721.6,1.238,223335.2,3562.27,3595.0699999999997,3602.71,-40.440000000000055,7.640000000000327,2524934.8453750005,2025-05-10,43
2025-05-10 10:45:00,2025-10-05 10:45:00,1034.37,3.2732,754.37,3.076,398.57,3.53,18.47,1.9993599999999998,122.46,2.5443000000000002,88.27,6.2,436.31,2.8225,2852.8199999999997,2906.45,2310089.05905,518.86,167.39000000000001,5.82,692.07,1.238,214195.665,3544.89,3598.52,3603.52,-58.63000000000011,5.0,2524284.72405,2025-05-10,44
2025-05-10 11:00:00,2025-10-05 11:00:00,1034.61,3.2732,754.37,3.076,398.57,3.53,18.47,1.9995699999999998,118.52,2.9713000000000003,88.77,6.2,442.7,2.8225,2856.0099999999998,2888.9,2325716.238975,517.59,182.32999999999998,6.15,706.07,1.238,218528.665,3562.08,3594.9700000000003,3596.66,-34.57999999999993,1.6899999999995998,2544244.903975,2025-05-10,45
2025-05-10 11:15:00,2025-10-05 11:15:00,1034.61,3.2732,754.37,3.076,398.57,3.53,18.47,1.9996800000000001,120.89,2.92042,88.81,6.2,448.97,2.8225,2864.6899999999996,2836.73,2330425.7901000003,542.1400000000001,192.88,7.31,742.33,1.238,229751.135,3607.0199999999995,3579.06,3584.03,22.989999999999327,4.970000000000255,2560176.9251000006,2025-05-10,46
2025-05-10 11:30:00,2025-10-05 11:30:00,1034.61,3.2732,754.37,3.076,398.57,3.53,18.47,1.99971,122.01,2.77353,88.89,6.2,456.76,2.8225,2873.6800000000003,2851.02,2332383.95275,510.46000000000004,193.45,8.51,712.4200000000001,1.238,220493.99000000002,3586.1000000000004,3563.44,3583.65,2.450000000000273,20.210000000000036,2552877.9427500004,2025-05-10,47
2025-05-10 11:45:00,2025-10-05 11:45:00,1034.61,3.2732,754.37,3.076,398.57,3.53,18.47,1.99971,122.07,2.7737,89.08,6.2,459.47,2.8225,2876.6400000000003,2877.4,2334637.4874250004,493.95,188.93,9.21,692.09,1.238,214201.85499999998,3568.7300000000005,3569.4900000000002,3585.63,-16.899999999999636,16.139999999999873,2548839.3424250004,2025-05-10,48
2025-05-10 12:00:00,2025-10-05 12:00:00,1035.88,3.2732,754.37,3.076,398.57,3.53,19.82,1.99983,43.49,2.9997399999999996,87.11,6.2,457.81,2.8225,2797.05,2865.22,2280095.6710500005,500.01000000000005,198.79,9.0,707.8000000000001,1.238,219064.10000000003,3504.8500000000004,3573.02,3587.06,-82.20999999999958,14.039999999999964,2499159.7710500006,2025-05-10,49
2025-05-10 12:15:00,2025-10-05 12:15:00,1035.97,3.2732,754.37,3.076,398.57,3.53,19.92,1.9998699999999998,26.49,3.10076,85.81,6.2,458.29,2.8225,2779.42,2830.52,2266463.3229500004,519.02,203.57,10.29,732.8799999999999,1.238,226826.35999999996,3512.3,3563.3999999999996,3578.92,-66.61999999999989,15.520000000000437,2493289.6829500003,2025-05-10,50
2025-05-10 12:30:00,2025-10-05 12:30:00,1035.37,3.2732,754.37,3.076,398.57,3.53,19.92,1.99996,30.02,3.0150799999999998,85.81,6.2,456.52,2.8225,2780.58,2796.56,2266817.2271999996,564.64,203.02,10.75,778.41,1.238,240917.895,3558.99,3574.97,3591.08,-32.090000000000146,16.110000000000127,2507735.1221999996,2025-05-10,51
2025-05-10 12:45:00,2025-10-05 12:45:00,1035.32,3.2732,754.37,3.076,398.57,3.53,19.92,1.9998099999999999,30.37,2.95913,82.92,6.2,458.71,2.8225,2780.1800000000003,2787.76,2263680.4030750003,569.74,204.32,11.329999999999998,785.39,1.238,243078.205,3565.57,3573.15,3594.3,-28.730000000000018,21.15000000000009,2506758.6080750003,2025-05-10,52
2025-05-10 13:00:00,2025-10-05 13:00:00,1035.32,3.2732,754.37,3.076,398.57,3.53,18.75,1.99975,30.37,2.8807,84.61,6.2,456.48,2.8225,2778.4700000000003,2740.92,2263545.6538750003,550.43,201.86,10.88,763.17,1.238,236201.115,3541.6400000000003,3504.09,3524.88,16.76000000000022,20.789999999999964,2499746.768875,2025-05-10,53
2025-05-10 13:15:00,2025-10-05 13:15:00,1032.43,3.2732,754.37,3.076,398.57,3.53,18.66,1.9999,30.37,2.92055,83.86,6.2,450.47,2.8225,2768.7300000000005,2749.89,2256035.727125,554.8499999999999,201.73999999999998,12.49,769.0799999999999,1.238,238030.25999999998,3537.8100000000004,3518.97,3539.69,-1.8799999999996544,20.720000000000255,2494065.987125,2025-05-10,54
2025-05-10 13:30:00,2025-10-05 13:30:00,1032.19,3.2732,754.37,3.076,398.57,3.53,18.66,2.00053,29.92,2.88032,82.53,6.2,442.43,2.8225,2758.67,2772.95,2247478.0668,566.95,198.03000000000003,12.01,776.99,1.238,240478.405,3535.66,3549.9399999999996,3568.06,-32.40000000000009,18.120000000000346,2487956.4718,2025-05-10,55
2025-05-10 13:45:00,2025-10-05 13:45:00,1032.19,3.2732,754.37,3.076,398.57,3.53,18.66,2.24084,27.21,3.01502,82.44,6.2,445.93,2.8225,2759.37,2794.25,2249894.1804,614.87,195.78000000000006,12.509999999999998,823.1600000000001,1.238,254768.02000000005,3582.5299999999997,3617.41,3631.73,-49.20000000000027,14.320000000000164,2504662.2004,2025-05-10,56
2025-05-10 14:00:00,2025-10-05 14:00:00,1034.26,3.2732,754.37,3.076,398.57,3.53,45.77,2.40033,118.2,3.1967600000000003,49.47,6.2,436.88,2.8225,2837.52,2873.46,2285065.497025,637.4100000000001,191.1,10.370000000000001,838.8800000000001,1.238,259633.36000000004,3676.4,3712.34,3730.09,-53.690000000000055,17.75,2544698.857025,2025-05-10,57
2025-05-10 14:15:00,2025-10-05 14:15:00,1034.4,3.2732,754.37,3.076,398.57,3.53,47.81,2.4900700000000002,205.66,3.38171,47.2,6.2,412.28,2.8225,2900.29,2935.61,2346006.3313249997,658.53,193.07999999999996,11.780000000000001,863.3899999999999,1.238,267219.20499999996,3763.68,3799.0,3816.5,-52.820000000000164,17.5,2613225.5363249998,2025-05-10,58
2025-05-10 14:30:00,2025-10-05 14:30:00,1289.43,3.2732,754.37,3.076,398.57,3.53,47.81,2.78085,33.63,3.35984,47.29,6.2,382.9,2.8225,2954.0000000000005,3027.08,2391958.400925,683.74,191.37,12.05,887.16,1.238,274576.01999999996,3841.1600000000003,3914.24,3927.9,-86.73999999999978,13.66000000000031,2666534.420925,2025-05-10,59
2025-05-10 14:45:00,2025-10-05 14:45:00,1398.12,3.2732,754.37,3.076,398.57,3.53,47.81,2.9024,21.39,3.38173,50.73,6.2,407.87,2.8225,3078.8599999999997,3105.16,2495139.6569250003,694.4599999999999,181.94,11.34,887.7399999999999,1.238,274755.52999999997,3966.5999999999995,3992.8999999999996,4006.52,-39.92000000000053,13.620000000000346,2769895.186925,2025-05-10,60
2025-05-10 15:00:00,2025-10-05 15:00:00,1404.4,3.2732,754.37,3.076,398.57,3.53,39.29,2.92226,66.44,3.30867,31.84,6.2,408.2,2.8225,3103.11,3141.7,2502118.1075500003,729.28,172.92000000000002,10.68,912.88,1.238,282536.36,4015.9900000000002,4054.58,4069.68,-53.6899999999996,15.099999999999909,2784654.46755,2025-05-10,61
2025-05-10 15:15:00,2025-10-05 15:15:00,1404.4,3.2732,754.37,3.076,398.57,3.53,52.78,2.9711999999999996,75.6,3.3819299999999997,10.49,6.2,391.52,2.8225,3087.73,3167.92,2476718.3360000006,754.9100000000001,162.24,11.110000000000001,928.2600000000001,1.238,287296.47000000003,4015.9900000000002,4096.18,4110.3,-94.30999999999995,14.11999999999989,2764014.806000001,2025-05-10,62
2025-05-10 15:30:00,2025-10-05 15:30:00,1493.46,3.2732,754.37,3.076,398.57,3.53,58.75,2.97177,69.62,3.49933,4.9,6.2,368.75,2.8225,3148.42,3205.28,2526294.802275,799.0699999999999,149.47,10.52,959.06,1.238,296829.07,4107.48,4164.34,4179.99,-72.51000000000022,15.649999999999636,2823123.872275,2025-05-10,63
2025-05-10 15:45:00,2025-10-05 15:45:00,1499.59,3.2732,754.37,3.076,398.57,3.53,59.46,2.97186,13.0,3.57127,4.63,6.2,339.55,2.8225,3069.1700000000005,3205.18,2461517.84715,862.9799999999999,136.99999999999997,10.559999999999999,1010.5399999999998,1.238,312762.12999999995,4079.7100000000005,4215.719999999999,4225.03,-145.31999999999925,9.3100000000004,2774279.9771499997,2025-05-10,64
2025-05-10 16:00:00,2025-10-05 16:00:00,1499.59,3.2732,754.37,3.076,694.82,3.53,-34.94,3.07019,-3.05,3.7109,0.3,6.2,308.06,2.8225,3219.15,3262.51,2608595.8436000003,802.3199999999999,122.53,11.4,936.2499999999999,1.238,289769.37499999994,4155.4,4198.76,4210.64,-55.24000000000069,11.88000000000011,2898365.2186000003,2025-05-10,65
2025-05-10 16:15:00,2025-10-05 16:15:00,1499.59,3.2732,754.37,3.076,717.12,3.53,-42.23,3.39994,-3.9,3.81298,0.0,6.2,283.75,2.8225,3208.7,3283.12,2600691.9987,805.99,108.02,12.64,926.65,1.238,286798.175,4135.349999999999,4209.7699999999995,4221.96,-86.61000000000058,12.19000000000051,2887490.1736999997,2025-05-10,66
2025-05-10 16:30:00,2025-10-05 16:30:00,1499.59,3.2732,754.37,3.076,717.12,3.53,-42.16,3.41668,-3.9,4.145239999999999,0.0,6.2,250.36,2.8225,3175.38,3356.11,2576690.2858,781.5099999999999,91.39,12.33,885.2299999999999,1.238,273978.685,4060.61,4241.34,4247.16,-186.54999999999973,5.819999999999709,2850668.9708000002,2025-05-10,67
2025-05-10 16:45:00,2025-10-05 16:45:00,1499.59,3.2732,754.37,3.076,717.12,3.53,-41.97,3.45106,-3.9,4.1213999999999995,0.0,6.2,217.29,2.8225,3142.5,3318.79,2553180.0712000006,852.27,76.34,10.89,939.5,1.238,290775.25,4082.0,4258.29,4259.33,-177.32999999999993,1.0399999999999636,2843955.3212000006,2025-05-10,68
2025-05-10 17:00:00,2025-10-05 17:00:00,1497.92,3.2732,742.02,3.076,717.12,3.53,-63.47,3.50009,19.58,3.49928,0.0,6.2,157.29,2.8225,3070.46,3315.12,2501798.7697750004,842.47,55.48,9.91,907.86,1.238,280982.67,3978.32,4222.98,4231.92,-253.5999999999999,8.94000000000051,2782781.4397750003,2025-05-10,69
2025-05-10 17:15:00,2025-10-05 17:15:00,1497.81,3.2732,741.09,3.076,717.12,3.53,-87.8,3.6390599999999997,9.02,3.64988,0.0,6.2,124.69,2.8225,3001.93,3106.08,2444752.02665,1055.2199999999998,40.12,11.85,1107.1899999999996,1.238,342675.3049999999,4109.119999999999,4213.2699999999995,4212.65,-103.53000000000065,-0.6199999999998909,2787427.3316499996,2025-05-10,70
2025-05-10 17:30:00,2025-10-05 17:30:00,1497.81,3.2732,741.09,3.076,717.12,3.53,-96.27,3.8773400000000002,67.61,3.036,0.0,6.2,99.75,2.8225,3027.11,3016.15,2456798.7363,1121.24,28.05,12.61,1161.8999999999999,1.238,359608.04999999993,4189.01,4178.05,4191.97,-2.9600000000000364,13.920000000000073,2816406.7863,2025-05-10,71
2025-05-10 17:45:00,2025-10-05 17:45:00,1497.81,3.2732,741.09,3.076,717.12,3.53,-96.78,3.9790900000000002,71.78,3.01549,0.0,6.2,77.83,2.8225,3008.85,3047.2,2441172.21225,1106.98,18.429999999999996,11.09,1136.5,1.238,351746.75,4145.35,4183.7,4192.01,-46.659999999999854,8.3100000000004,2792918.96225,2025-05-10,72
2025-05-10 18:00:00,2025-10-05 18:00:00,1497.81,3.2732,741.09,3.076,717.12,3.53,-25.86,3.93066,165.86,1.91093,24.72,6.2,61.54,2.8225,3182.2799999999997,3201.04,2563979.69105,890.08,10.069999999999999,10.33,910.4800000000001,1.238,281793.56,4092.7599999999998,4111.52,4159.81,-67.05000000000064,48.289999999999964,2845773.25105,2025-05-10,73
2025-05-10 18:15:00,2025-10-05 18:15:00,1497.81,3.2732,741.09,3.076,717.12,3.53,71.74,4.0004,81.36,3.59063,26.81,6.2,46.99,2.8225,3182.9199999999996,3236.27,2647907.93995,877.1999999999999,4.369999999999999,9.53,891.0999999999999,1.238,275795.44999999995,4074.0199999999995,4127.37,4186.94,-112.92000000000007,59.56999999999971,2923703.3899499997,2025-05-10,74
2025-05-10 18:30:00,2025-10-05 18:30:00,1497.81,3.2732,741.09,3.076,717.12,3.53,-13.28,4.25054,26.71,4.75278,26.65,6.2,33.57,2.8225,3029.67,3052.32,2511034.7599,1199.7800000000002,0.8500000000000001,10.26,1210.89,1.238,374770.455,4240.56,4263.21,4321.84,-81.27999999999975,58.63000000000011,2885805.2149,2025-05-10,75
2025-05-10 18:45:00,2025-10-05 18:45:00,1497.81,3.2732,741.09,3.076,717.12,3.53,76.14,4.4331000000000005,47.67,5.07569,26.46,6.2,12.28,2.8225,3118.57,3141.92,2622966.202075,1349.06,0.33999999999999997,11.29,1360.6899999999998,1.238,421133.55499999993,4479.26,4502.61,4567.76,-88.5,65.15000000000055,3044099.7570749996,2025-05-10,76
2025-05-10 19:00:00,2025-10-05 19:00:00,1497.81,3.2732,741.09,3.076,717.12,3.53,44.12,5.99941,118.09,10.0,1.73,6.2,3.97,2.8225,3123.93,3115.69,2795295.85655,1503.6200000000001,0.23,11.67,1515.5200000000002,1.238,469053.44000000006,4639.45,4631.21,4686.78,-47.32999999999993,55.56999999999971,3264349.29655,2025-05-10,77
2025-05-10 19:15:00,2025-10-05 19:15:00,1497.81,3.2732,741.09,3.076,717.12,3.53,-37.95,9.00928,102.39,10.0,0.0,6.2,0.51,2.8225,3020.9700000000003,3021.4,2599273.85775,1599.33,0.22000000000000003,12.66,1612.21,1.238,498978.995,4633.18,4633.610000000001,4692.57,-59.38999999999942,58.95999999999913,3098252.85275,2025-05-10,78
2025-05-10 19:30:00,2025-10-05 19:30:00,1497.81,3.2732,741.09,3.076,717.12,3.53,-281.97,9.90974,249.54,10.0,0.0,6.2,26.73,2.8225,2950.32,2975.84,2372563.5423,1600.4099999999999,0.22000000000000003,13.669999999999998,1614.3,1.238,499625.85,4564.62,4590.14,4653.67,-89.05000000000018,63.529999999999745,2872189.3923,2025-05-10,79
2025-05-10 19:45:00,2025-10-05 19:45:00,1497.81,3.2732,741.09,3.076,717.12,3.53,-348.28,10.0,311.29,10.0,0.0,6.2,27.38,2.8225,2946.41,2980.6,2355259.5455,1597.9400000000003,0.22999999999999998,12.870000000000001,1611.0400000000002,1.238,498616.88000000006,4557.45,4591.64,4654.43,-96.98000000000047,62.789999999999964,2853876.4255,2025-05-10,80
2025-05-10 20:00:00,2025-10-05 20:00:00,1497.81,3.2732,741.09,3.076,717.12,3.53,-254.92,9.90948,239.44,10.0,0.0,6.2,26.46,2.8225,2967.0,2972.83,2414154.2101,1591.81,0.21999999999999997,11.99,1604.02,1.238,496444.19,4571.02,4576.85,4640.44,-69.41999999999916,63.589999999999236,2910598.4000999997,2025-05-10,81
2025-05-10 20:15:00,2025-10-05 20:15:00,1497.81,3.2732,741.09,3.076,717.12,3.53,-319.67,9.909870000000002,281.5,10.0,0.0,6.2,26.4,2.8225,2944.25,2970.56,2358820.9972749995,1593.7899999999997,0.21999999999999997,11.219999999999999,1605.2299999999998,1.238,496818.6849999999,4549.48,4575.79,4636.92,-87.44000000000051,61.13000000000011,2855639.6822749996,2025-05-10,82
2025-05-10 20:30:00,2025-10-05 20:30:00,1497.81,3.2732,741.09,3.076,717.12,3.53,-350.03,10.0,380.47,10.0,0.0,6.2,26.12,2.8225,3012.58,2953.31,2522945.4580000006,1594.83,0.21999999999999997,10.82,1605.87,1.238,497016.76499999996,4618.45,4559.18,4623.73,-5.279999999999745,64.54999999999927,3019962.2230000007,2025-05-10,83
2025-05-10 20:45:00,2025-10-05 20:45:00,1497.81,3.2732,741.09,3.076,717.12,3.53,-351.9,10.0,384.83,10.0,0.0,6.2,25.54,2.8225,3014.49,3011.72,2528761.1955,1532.2599999999998,0.21999999999999997,10.58,1543.0599999999997,1.238,477577.06999999995,4557.549999999999,4554.78,4618.65,-61.100000000000364,63.86999999999989,3006338.2654999997,2025-05-10,84
2025-05-10 21:00:00,2025-10-05 21:00:00,1497.81,3.2732,741.09,3.076,717.12,3.53,-258.9,10.0,293.0,10.0,0.0,6.2,36.32,2.8225,3026.44,3020.34,2539292.833,1549.27,0.21999999999999997,12.08,1561.57,1.238,483305.915,4588.01,4581.91,4641.38,-53.36999999999989,59.470000000000255,3022598.748,2025-05-10,85
2025-05-10 21:15:00,2025-10-05 21:15:00,1497.81,3.2732,741.09,3.076,717.12,3.53,-251.9,10.0,348.89,9.99967,0.0,6.2,38.32,2.8225,3091.33,3097.04,2697900.299575,1491.3799999999999,0.22999999999999998,12.28,1503.8899999999999,1.238,465453.95499999996,4595.219999999999,4600.93,4666.69,-71.47000000000025,65.75999999999931,3163354.254575,2025-05-10,86
2025-05-10 21:30:00,2025-10-05 21:30:00,1494.52,3.2732,741.09,3.076,717.12,3.53,-251.9,10.0,335.42,7.9994499999999995,0.0,6.2,38.95,2.8225,3075.2,3117.97,2494250.2995,1539.98,0.21999999999999997,12.29,1552.49,1.238,480495.655,4627.69,4670.46,4729.28,-101.59000000000015,58.81999999999971,2974745.9545,2025-05-10,87
2025-05-10 21:45:00,2025-10-05 21:45:00,1494.25,3.2732,741.09,3.076,717.12,3.53,-251.9,10.0,333.96,8.99994,0.0,6.2,39.28,2.8225,3073.8,3132.18,2574873.3256,1599.8000000000002,0.22999999999999998,11.01,1611.0400000000002,1.238,498616.88000000006,4684.84,4743.22,4804.17,-119.32999999999993,60.94999999999982,3073490.2056,2025-05-10,88
2025-05-10 22:00:00,2025-10-05 22:00:00,1496.09,3.2732,741.09,3.076,717.12,3.53,-251.9,10.0,368.24,10.0,0.0,6.2,38.74,2.8225,3109.379999999999,3185.37,2745192.9694999997,1626.04,0.22000000000000003,10.370000000000001,1636.6299999999999,1.238,506536.985,4746.009999999999,4822.0,4907.27,-161.26000000000113,85.27000000000044,3251729.9544999995,2025-05-10,89
2025-05-10 22:15:00,2025-10-05 22:15:00,1496.51,3.2732,741.09,3.076,717.12,3.53,-251.9,10.0,393.64,10.0,0.0,6.2,37.3,2.8225,3133.7599999999998,3227.55,2808020.5555,1630.03,0.22000000000000003,10.219999999999999,1640.47,1.238,507725.46499999997,4774.23,4868.02,4954.95,-180.72000000000025,86.92999999999938,3315746.0204999996,2025-05-10,90
2025-05-10 22:30:00,2025-10-05 22:30:00,1496.53,3.2732,741.09,3.076,717.12,3.53,-251.9,10.0,516.06,10.0,0.0,6.2,36.08,2.8225,3254.9799999999996,3235.8,3113226.0590000004,1631.1599999999999,0.22999999999999998,12.0,1643.3899999999999,1.238,508629.20499999996,4898.369999999999,4879.1900000000005,4970.47,-72.10000000000127,91.27999999999975,3621855.2640000004,2025-05-10,91
2025-05-10 22:45:00,2025-10-05 22:45:00,1495.59,3.2732,741.09,3.076,717.12,3.53,-251.9,10.0,498.95,10.0,0.0,6.2,34.88,2.8225,3235.7299999999996,3260.01,3068835.107,1624.1999999999998,0.22999999999999998,12.84,1637.2699999999998,1.238,506735.0649999999,4872.999999999999,4897.28,4964.64,-91.64000000000124,67.36000000000058,3575570.172,2025-05-10,92
2025-05-10 23:00:00,2025-10-05 23:00:00,1495.52,3.2732,741.09,3.076,717.12,3.53,-251.9,10.0,434.78,5.4992399999999995,0.0,6.2,34.24,2.8225,3170.8499999999995,3240.42,2418691.1178,1619.61,0.22999999999999998,9.87,1629.7099999999998,1.238,504395.24499999994,4800.5599999999995,4870.13,4930.88,-130.32000000000062,60.75,2923086.3628000002,2025-05-10,93
2025-05-10 23:15:00,2025-10-05 23:15:00,1494.73,3.2732,741.09,3.076,717.12,3.53,-251.9,10.0,349.3,5.450270000000001,0.0,6.2,34.76,2.8225,3085.1000000000004,3236.46,2296616.5217500003,1617.5900000000001,0.22999999999999998,7.66,1625.4800000000002,1.238,503086.0600000001,4710.580000000001,4861.9400000000005,4897.18,-186.59999999999945,35.23999999999978,2799702.5817500004,2025-05-10,94
2025-05-10 23:30:00,2025-10-05 23:30:00,1494.68,3.2732,741.09,3.076,717.12,3.53,-251.9,10.0,397.8,5.28062,0.0,6.2,34.52,2.8225,3133.31,3203.21,2345619.088,1615.08,0.22999999999999998,7.45,1622.76,1.238,502244.22,4756.07,4825.97,4834.93,-78.86000000000058,8.960000000000036,2847863.308,2025-05-10,95
2025-05-10 23:45:00,2025-10-05 23:45:00,1494.68,3.2732,741.09,3.076,717.12,3.53,-251.9,10.0,311.33,4.99925,0.0,6.2,34.78,2.8225,3047.1,3129.02,2209749.0171250002,1611.58,0.22999999999999998,8.39,1620.2,1.238,501451.9,4667.3,4749.22,4756.75,-89.44999999999982,7.529999999999745,2711200.917125,2025-05-10,96
2025-05-11 00:00:00,2025-11-05 00:00:00,1494.92,3.2732,654.01,3.076,443.31,3.53,-251.9,10.0,361.17,10.0,0.0,6.2,30.31,2.8225,2731.82,3019.13,2412010.2947500004,1620.3200000000002,0.22999999999999998,9.85,1630.4,1.238,504608.80000000005,4362.22,4649.530000000001,4654.95,-292.72999999999956,5.419999999999163,2916619.09475,2025-05-11,1
2025-05-11 00:15:00,2025-11-05 00:15:00,1495.05,3.2732,647.46,3.076,422.7,3.53,-112.57,5.90083,245.98,10.0,0.0,6.2,29.44,2.8225,2728.06,2930.58,2563988.396725,1620.4299999999998,0.24,11.2,1631.87,1.238,505063.765,4359.93,4562.45,4570.66,-210.72999999999956,8.210000000000036,3069052.161725,2025-05-11,2
2025-05-11 00:30:00,2025-11-05 00:30:00,1461.62,3.2732,647.46,3.076,422.7,3.53,-101.9,5.07922,299.48,10.0,0.0,6.2,28.28,2.8225,2757.64,2857.48,2706235.0814999994,1618.6799999999998,0.24,11.71,1630.6299999999999,1.238,504679.9849999999,4388.2699999999995,4488.11,4496.56,-108.29000000000087,8.450000000000728,3210915.0664999993,2025-05-11,3
2025-05-11 00:45:00,2025-11-05 00:45:00,1459.41,3.2732,647.46,3.076,422.7,3.53,-101.9,5.0007,276.81,10.0,0.0,6.2,26.8,2.8225,2731.2799999999997,2787.34,2648707.6105,1612.96,0.24,11.66,1624.8600000000001,1.238,502894.17000000004,4356.139999999999,4412.200000000001,4422.48,-66.34000000000015,10.279999999998836,3151601.7805,2025-05-11,4
2025-05-11 01:00:00,2025-11-05 01:00:00,1459.42,3.2732,647.46,3.076,422.7,3.53,-101.9,5.00061,285.0,9.99928,0.0,6.2,26.7,2.8225,2739.3799999999997,2720.94,2669071.2237500004,1614.6399999999999,0.24,12.5,1627.3799999999999,1.238,503674.11,4366.759999999999,4348.32,4361.44,5.319999999999709,13.11999999999989,3172745.33375,2025-05-11,5
2025-05-11 01:15:00,2025-11-05 01:15:00,1459.42,3.2732,647.46,3.076,422.7,3.53,-101.9,4.79192,251.45,5.64925,0.0,6.2,26.52,2.8225,2705.6499999999996,2644.91,2316937.867125,1614.79,0.24,13.7,1628.73,1.238,504091.935,4334.379999999999,4273.639999999999,4287.43,46.94999999999891,13.790000000000873,2821029.802125,2025-05-11,6
2025-05-11 01:30:00,2025-11-05 01:30:00,1459.42,3.2732,647.46,3.076,422.7,3.53,-101.9,4.79137,155.61,4.79155,0.0,6.2,25.84,2.8225,2609.13,2602.18,2147749.349125,1567.9699999999998,0.24,12.040000000000001,1580.2499999999998,1.238,489087.37499999994,4189.38,4182.429999999999,4195.23,-5.849999999999454,12.800000000000182,2636836.724125,2025-05-11,7
2025-05-11 01:45:00,2025-11-05 01:45:00,1459.42,3.2732,647.46,3.076,422.7,3.53,-101.9,4.7309399999999995,144.86,4.6005,0.0,6.2,25.8,2.8225,2598.34,2591.24,2129464.4120000005,1507.8899999999996,0.22999999999999998,11.54,1519.6599999999996,1.238,470334.7699999999,4118.0,4110.9,4122.64,-4.640000000000327,11.740000000000691,2599799.1820000005,2025-05-11,8
2025-05-11 02:00:00,2025-11-05 02:00:00,1460.68,3.2732,647.46,3.076,400.29,3.53,-101.9,4.60049,186.0,4.86097,0.0,6.2,25.8,2.8225,2618.3300000000004,2601.86,2173469.85625,1453.17,0.22999999999999998,9.969999999999999,1463.3700000000001,1.238,452913.015,4081.7000000000007,4065.2300000000005,4077.85,3.8500000000008185,12.619999999999436,2626382.8712500003,2025-05-11,9
2025-05-11 02:15:00,2025-11-05 02:15:00,1460.95,3.2732,647.46,3.076,398.57,3.53,-101.9,4.57925,144.6,4.75275,0.0,6.2,25.8,2.8225,2575.48,2584.98,2118490.79375,1423.4600000000003,0.22999999999999998,8.93,1432.6200000000003,1.238,443395.89000000013,4008.1000000000004,4017.6000000000004,4028.18,-20.079999999999472,10.579999999999472,2561886.6837500003,2025-05-11,10
2025-05-11 02:30:00,2025-11-05 02:30:00,1460.97,3.2732,647.46,3.076,398.57,3.53,-101.9,4.43382,276.36,4.78923,0.0,6.2,25.8,2.8225,2707.2600000000007,2680.64,2281287.9772,1253.16,0.22999999999999998,9.49,1262.88,1.238,390861.36000000004,3970.140000000001,3943.52,3958.86,11.280000000000655,15.340000000000146,2672149.3372,2025-05-11,11
2025-05-11 02:45:00,2025-11-05 02:45:00,1460.97,3.2732,647.46,3.076,398.57,3.53,-101.9,4.40951,241.07,4.600770000000001,0.0,6.2,25.8,2.8225,2671.9700000000007,2719.42,2228296.2797250003,1173.91,0.22999999999999998,10.43,1184.5700000000002,1.238,366624.41500000004,3856.540000000001,3903.9900000000002,3915.44,-58.89999999999918,11.449999999999818,2594920.6947250003,2025-05-11,12
2025-05-11 03:00:00,2025-11-05 03:00:00,1460.97,3.2732,1018.13,3.076,27.9,3.53,-101.9,4.4998000000000005,282.58,4.59124,0.0,6.2,24.96,2.8225,2712.64,2701.05,2230403.6158,1153.75,0.22999999999999998,11.1,1165.08,1.238,360592.25999999995,3877.72,3866.13,3874.79,2.9299999999998363,8.659999999999854,2590995.8757999996,2025-05-11,13
2025-05-11 03:15:00,2025-11-05 03:15:00,1460.97,3.2732,1046.03,3.076,0.0,3.53,-101.9,4.43354,240.64,4.09058,0.0,6.2,23.78,2.8225,2669.52,2674.51,2149833.4447999997,1137.14,0.22999999999999998,10.040000000000001,1147.41,1.238,355123.395,3816.9300000000003,3821.92,3831.27,-14.33999999999969,9.349999999999909,2504956.8397999997,2025-05-11,14
2025-05-11 03:30:00,2025-11-05 03:30:00,1460.97,3.2732,1046.03,3.076,0.0,3.53,-101.9,4.40907,201.34,3.88068,0.0,6.2,14.16,2.8225,2620.6,2642.48,2092913.44055,1137.93,0.22999999999999998,9.65,1147.8100000000002,1.238,355247.195,3768.41,3790.29,3803.62,-35.210000000000036,13.329999999999927,2448160.63555,2025-05-11,15
2025-05-11 03:45:00,2025-11-05 03:45:00,1460.97,3.2732,1046.03,3.076,0.0,3.53,-176.3,4.26199,225.77,3.88059,0.0,6.2,13.5,2.8225,2569.97,2587.95,2040617.750325,1167.0500000000002,0.24,7.1499999999999995,1174.4400000000003,1.238,363489.1800000001,3744.41,3762.3900000000003,3776.47,-32.059999999999945,14.079999999999472,2404106.930325,2025-05-11,16
2025-05-11 04:00:00,2025-11-05 04:00:00,1460.97,3.2732,1046.03,3.076,0.0,3.53,-181.9,4.25914,192.89,4.2171899999999996,0.0,6.2,13.5,2.8225,2531.49,2524.61,2019113.811775,1190.29,0.25,6.7700000000000005,1197.31,1.238,370567.44499999995,3728.7999999999997,3721.92,3736.61,-7.8100000000004,14.690000000000055,2389681.256775,2025-05-11,17
2025-05-11 04:15:00,2025-11-05 04:15:00,1460.97,3.2732,1046.03,3.076,0.0,3.53,-181.9,4.2592,133.77,4.26195,0.0,6.2,13.5,2.8225,2472.37,2485.97,1958277.9013750001,1197.1499999999999,0.25,7.22,1204.62,1.238,372829.88999999996,3676.99,3690.5899999999997,3706.0,-29.01000000000022,15.41000000000031,2331107.791375,2025-05-11,18
2025-05-11 04:30:00,2025-11-05 04:30:00,1460.97,3.2732,1046.03,3.076,0.0,3.53,-181.9,4.25908,113.18,4.19968,0.0,6.2,17.99,2.8225,2456.2699999999995,2470.85,1937751.29735,1194.85,0.24,7.07,1202.1599999999999,1.238,372068.51999999996,3658.4299999999994,3673.0099999999998,3688.35,-29.920000000000528,15.340000000000146,2309819.8173499997,2025-05-11,19
2025-05-11 04:45:00,2025-11-05 04:45:00,1460.97,3.2732,1046.03,3.076,0.0,3.53,-181.9,4.26138,111.94,4.39128,0.0,6.2,17.46,2.8225,2454.5,2476.6,1941332.7488,1184.69,0.25,6.34,1191.28,1.238,368701.16000000003,3645.7799999999997,3667.88,3682.79,-37.01000000000022,14.909999999999854,2310033.9088,2025-05-11,20
2025-05-11 05:00:00,2025-11-05 05:00:00,1460.97,3.2732,1046.03,3.076,0.0,3.53,-181.9,4.25092,93.87,4.10022,0.0,6.2,16.84,2.8225,2435.81,2465.52,1914702.87185,1182.5200000000002,0.24,6.31,1189.0700000000002,1.238,368017.16500000004,3624.88,3654.59,3665.74,-40.85999999999967,11.149999999999636,2282720.03685,2025-05-11,21
2025-05-11 05:15:00,2025-11-05 05:15:00,1460.97,3.2732,1046.03,3.076,0.0,3.53,-181.9,4.26108,110.7,4.2506,0.0,6.2,16.24,2.8225,2452.0399999999995,2453.67,1935230.9130000002,1180.3900000000003,0.22999999999999998,6.49,1187.1100000000004,1.238,367410.5450000001,3639.1499999999996,3640.7800000000007,3652.33,-13.180000000000291,11.549999999999272,2302641.458,2025-05-11,22
2025-05-11 05:30:00,2025-11-05 05:30:00,1419.03,3.2732,1046.03,3.076,0.0,3.53,-181.9,4.261699999999999,93.87,4.17058,0.0,6.2,15.92,2.8225,2392.95,2399.36,1880895.14765,1226.5900000000001,0.22999999999999998,6.18,1233.0000000000002,1.238,381613.50000000006,3625.95,3632.3600000000006,3647.11,-21.16000000000031,14.749999999999545,2262508.64765,2025-05-11,23
2025-05-11 05:45:00,2025-11-05 05:45:00,1416.95,3.2732,1046.03,3.076,0.0,3.53,-181.9,4.25054,74.56,4.05277,0.0,6.2,25.32,2.8225,2380.96,2369.61,1864004.0063000002,1251.38,0.24,5.359999999999999,1256.98,1.238,389035.31,3637.94,3626.59,3639.92,-1.9800000000000182,13.329999999999927,2253039.3163,2025-05-11,24
2025-05-11 06:00:00,2025-11-05 06:00:00,1417.18,3.2732,675.36,3.076,370.67,3.53,-180.11,4.26135,91.39,3.70101,0.0,6.2,28.81,2.8225,2403.2999999999997,2364.51,1919156.4541,1248.6000000000001,0.35000000000000003,4.970000000000001,1253.92,1.238,388088.24000000005,3657.22,3618.4300000000003,3633.24,23.980000000000018,14.80999999999949,2307244.6941,2025-05-11,25
2025-05-11 06:15:00,2025-11-05 06:15:00,1418.22,3.2732,647.46,3.076,398.57,3.53,-179.97,3.99073,61.33,3.56291,0.0,6.2,35.61,2.8225,2381.2200000000007,2336.21,1910366.8953000002,1243.8200000000002,2.5599999999999996,3.13,1249.5100000000002,1.238,386723.34500000003,3630.730000000001,3585.7200000000003,3603.25,27.480000000000928,17.529999999999745,2297090.2403,2025-05-11,26
2025-05-11 06:30:00,2025-11-05 06:30:00,1419.56,3.2732,647.46,3.076,398.57,3.53,-179.97,3.83708,69.07,3.0004899999999997,0.0,6.2,44.14,2.8225,2398.8300000000004,2288.53,1921578.1396750002,1238.16,8.519999999999998,2.6900000000000004,1249.3700000000001,1.238,386680.015,3648.2000000000007,3537.9000000000005,3551.52,96.68000000000075,13.619999999999436,2308258.1546750003,2025-05-11,27
2025-05-11 06:45:00,2025-11-05 06:45:00,1419.74,3.2732,647.46,3.076,398.57,3.53,-164.26,3.56535,59.83,3.0153000000000003,0.0,6.2,56.17,2.8225,2417.51,2293.14,1949733.2152500001,1158.2400000000002,16.38,2.26,1176.8800000000003,1.238,364244.3600000001,3594.3900000000003,3470.0200000000004,3487.03,107.36000000000013,17.009999999999764,2313977.57525,2025-05-11,28
2025-05-11 07:00:00,2025-11-05 07:00:00,1406.36,3.2732,647.46,3.076,398.57,3.53,-135.14,3.4511700000000003,56.34,2.4996799999999997,0.0,6.2,66.83,2.8225,2440.42,2308.98,1966226.2861000001,1094.1799999999998,27.970000000000002,1.46,1123.61,1.238,347757.2949999999,3564.0299999999997,3432.59,3447.07,116.95999999999958,14.480000000000018,2313983.5811,2025-05-11,29
2025-05-11 07:15:00,2025-11-05 07:15:00,1381.91,3.2732,647.46,3.076,398.57,3.53,-115.98,3.25084,54.5,2.49966,0.0,6.2,93.94,2.8225,2460.4,2316.39,1986537.8922000001,1029.78,41.59,0.95,1072.32,1.238,331883.04,3532.7200000000003,3388.71,3406.62,126.10000000000036,17.909999999999854,2318420.9322,2025-05-11,30
2025-05-11 07:30:00,2025-11-05 07:30:00,1357.41,3.2732,647.46,3.076,398.57,3.53,52.78,2.97172,54.5,1.5194400000000001,0.0,6.2,121.6,2.8225,2632.32,2542.3,2106121.5834,715.78,56.08,1.1,772.96,1.238,239231.12,3405.28,3315.26,3336.03,69.25,20.769999999999982,2345352.7034,2025-05-11,31
2025-05-11 07:45:00,2025-11-05 07:45:00,1272.45,3.2732,647.46,3.076,398.57,3.53,65.39,2.75052,54.5,1.51955,0.0,6.2,148.26,2.8225,2586.63,2594.72,2061164.5569500006,583.99,71.42999999999999,2.18,657.5999999999999,1.238,203527.19999999995,3244.23,3252.3199999999997,3265.12,-20.889999999999873,12.800000000000182,2264691.7569500003,2025-05-11,32
2025-05-11 08:00:00,2025-11-05 08:00:00,1194.67,3.2732,657.11,3.076,398.57,3.53,99.41,2.00072,25.33,2.64011,0.0,6.2,179.72,2.8225,2554.81,2552.24,2027910.3913750004,539.15,86.30999999999999,2.5999999999999996,628.06,1.238,194384.56999999998,3182.87,3180.2999999999997,3192.19,-9.320000000000164,11.890000000000327,2222294.9613750004,2025-05-11,33
2025-05-11 08:15:00,2025-11-05 08:15:00,1087.92,3.2732,657.84,3.076,398.57,3.53,101.7,1.99956,23.32,2.64037,0.0,6.2,214.91,2.8225,2484.26,2478.04,1965739.9598500002,556.02,98.71999999999998,3.29,658.03,1.238,203660.28499999997,3142.29,3136.0699999999997,3151.54,-9.25,15.470000000000255,2169400.2448500004,2025-05-11,34
2025-05-11 08:30:00,2025-11-05 08:30:00,995.17,3.2732,657.84,3.076,398.57,3.53,102.4,1.76959,28.83,2.0554099999999997,0.0,6.2,248.37,2.8225,2431.18,2409.59,1907336.5488250004,551.7900000000001,113.39999999999999,4.93,670.12,1.238,207402.14,3101.2999999999997,3079.71,3096.26,5.039999999999509,16.550000000000182,2114738.6888250005,2025-05-11,35
2025-05-11 08:45:00,2025-11-05 08:45:00,970.1,3.2732,657.84,3.076,398.57,3.53,100.56,1.73163,29.21,1.90622,0.0,6.2,281.89,2.8225,2438.17,2441.0,1907811.7959999999,457.11,126.92999999999999,4.68,588.7199999999999,1.238,182208.83999999997,3026.89,3029.72,3047.07,-20.18000000000029,17.350000000000364,2090020.636,2025-05-11,36
2025-05-11 09:00:00,2025-11-05 09:00:00,952.15,3.2732,657.84,3.076,398.57,3.53,95.94,1.69947,28.76,1.99913,6.77,6.2,310.76,2.8225,2450.79,2417.65,1921670.3876500006,413.1499999999999,138.25,5.459999999999999,556.8599999999999,1.238,172348.16999999995,3007.6499999999996,2974.51,2989.57,18.079999999999472,15.059999999999945,2094018.5576500006,2025-05-11,37
2025-05-11 09:15:00,2025-11-05 09:15:00,758.85,3.2732,650.66,3.076,398.57,3.53,95.78,1.60052,73.34,2.1557399999999998,7.24,6.2,337.35,2.8225,2321.79,2343.58,1800177.0580499999,486.57,148.44000000000003,7.27,642.28,1.238,198785.65999999997,2964.0699999999997,2985.8599999999997,2995.63,-31.5600000000004,9.770000000000437,1998962.7180499998,2025-05-11,38
2025-05-11 09:30:00,2025-11-05 09:30:00,723.78,3.2732,650.11,3.076,398.57,3.53,83.52,1.60022,49.57,1.79445,20.96,6.2,355.29,2.8225,2281.7999999999997,2309.39,1782781.610475,545.0600000000001,149.60000000000002,7.23,701.8900000000001,1.238,217234.95500000005,2983.6899999999996,3011.2799999999997,3027.29,-43.600000000000364,16.01000000000022,2000016.565475,2025-05-11,39
2025-05-11 09:45:00,2025-11-05 09:45:00,719.55,3.2732,650.11,3.076,398.57,3.53,86.16,1.51087,47.65,1.71431,21.83,6.2,378.25,2.8225,2302.12,2344.11,1794185.3939250002,542.01,135.65,7.540000000000001,685.1999999999999,1.238,212069.39999999997,2987.3199999999997,3029.31,3042.63,-55.3100000000004,13.320000000000164,2006254.7939250001,2025-05-11,40
2025-05-11 10:00:00,2025-11-05 10:00:00,719.33,3.2732,650.11,3.076,398.57,3.53,47.24,1.50004,57.03,1.61263,62.54,6.2,400.15,2.8225,2334.97,2416.49,1860300.7423749997,433.99999999999994,158.33,7.18,599.5099999999999,1.238,185548.34499999994,2934.4799999999996,3015.9999999999995,3031.0,-96.52000000000044,15.000000000000455,2045849.0873749997,2025-05-11,41
2025-05-11 10:15:00,2025-11-05 10:15:00,719.33,3.2732,650.11,3.076,398.57,3.53,44.24,1.491,30.92,1.6873,65.26,6.2,419.08,2.8225,2327.51,2442.64,1866699.9679999999,384.89000000000004,175.28,7.289999999999999,567.46,1.238,175628.87,2894.9700000000003,3010.1,3023.5,-128.52999999999975,13.400000000000091,2042328.838,2025-05-11,42
2025-05-11 10:30:00,2025-11-05 10:30:00,719.33,3.2732,596.31,3.076,398.57,3.53,43.89,1.5396500000000002,28.73,1.73117,65.71,6.2,428.94,2.8225,2281.48,2374.9,1832777.37965,433.88,168.53000000000003,7.6000000000000005,610.0100000000001,1.238,188798.09500000003,2891.4900000000002,2984.9100000000003,3001.09,-109.59999999999991,16.179999999999836,2021575.47465,2025-05-11,43
2025-05-11 10:45:00,2025-11-05 10:45:00,719.33,3.2732,583.61,3.076,398.57,3.53,43.86,1.51711,28.73,1.71433,65.38,6.2,435.55,2.8225,2275.03,2326.88,1826784.1091249997,451.47999999999996,190.45999999999998,7.08,649.02,1.238,200871.69,2924.05,2975.9,2998.16,-74.10999999999967,22.259999999999764,2027655.7991249997,2025-05-11,44
2025-05-11 11:00:00,2025-11-05 11:00:00,719.33,3.2732,582.95,3.076,398.57,3.53,43.67,1.71463,47.24,0.9994500000000001,65.53,6.2,441.77,2.8225,2299.0600000000004,2377.31,1832472.7477749998,374.53,192.18,9.26,575.97,1.238,178262.71500000003,2875.0300000000007,2953.2799999999997,2977.82,-102.78999999999951,24.54000000000042,2010735.462775,2025-05-11,45
2025-05-11 11:15:00,2025-11-05 11:15:00,719.33,3.2732,582.95,3.076,398.57,3.53,43.66,1.71475,48.52,1.58958,65.63,6.2,444.23,2.8225,2302.8900000000003,2341.94,1841838.7094,402.44000000000005,180.73000000000005,10.71,593.8800000000001,1.238,183805.86000000002,2896.7700000000004,2935.82,2957.26,-60.48999999999978,21.440000000000055,2025644.5694000002,2025-05-11,46
2025-05-11 11:30:00,2025-11-05 11:30:00,719.33,3.2732,582.95,3.076,398.57,3.53,43.75,1.71466,75.6,0.89983,65.55,6.2,457.08,2.8225,2342.83,2355.64,1848544.76975,358.44,207.09,8.700000000000001,574.23,1.238,177724.185,2917.06,2929.87,2951.57,-34.51000000000022,21.700000000000273,2026268.95475,2025-05-11,47
2025-05-11 11:45:00,2025-11-05 11:45:00,719.33,3.2732,582.95,3.076,398.57,3.53,43.76,1.7148299999999999,72.07,0.9993,65.81,6.2,465.08,2.8225,2347.57,2346.58,1855597.0169499998,380.91,210.78,8.9,600.59,1.238,185882.605,2948.1600000000003,2947.17,2962.28,-14.11999999999989,15.110000000000127,2041479.6219499998,2025-05-11,48
2025-05-11 12:00:00,2025-11-05 12:00:00,719.33,3.2732,582.95,3.076,398.57,3.53,43.76,1.76946,59.05,1.62666,65.38,6.2,464.29,2.8225,2333.33,2337.38,1860979.4059,395.45,212.74999999999997,9.11,617.31,1.238,191057.44499999998,2950.64,2954.69,2983.04,-32.40000000000009,28.34999999999991,2052036.8509,2025-05-11,49
2025-05-11 12:15:00,2025-11-05 12:15:00,719.33,3.2732,582.95,3.076,398.57,3.53,41.06,1.7761300000000002,58.17,1.76695,65.26,6.2,460.51,2.8225,2325.8500000000004,2315.85,1858682.5275749997,436.58,209.31,9.56,655.4499999999999,1.238,202861.77499999997,2981.3,2971.2999999999997,2994.06,-12.759999999999764,22.76000000000022,2061544.3025749996,2025-05-11,50
2025-05-11 12:30:00,2025-11-05 12:30:00,719.33,3.2732,582.95,3.076,398.57,3.53,43.55,1.7761,49.16,1.76684,65.17,6.2,461.96,2.8225,2320.69,2330.94,1856690.09135,437.65999999999997,210.79,10.02,658.4699999999999,1.238,203796.465,2979.16,2989.41,3008.14,-28.980000000000018,18.730000000000018,2060486.55635,2025-05-11,51
2025-05-11 12:45:00,2025-11-05 12:45:00,719.33,3.2732,582.95,3.076,398.57,3.53,43.76,1.77627,48.52,1.70069,64.45,6.2,457.73,2.8225,2315.3100000000004,2294.6,1851599.30875,465.92999999999995,215.35000000000002,12.61,693.89,1.238,214758.955,3009.2000000000003,2988.49,3005.86,3.3400000000001455,17.370000000000346,2066358.2637500002,2025-05-11,52
2025-05-11 13:00:00,2025-11-05 13:00:00,719.33,3.2732,582.95,3.076,398.57,3.53,42.05,1.7690899999999998,48.52,1.73153,64.3,6.2,457.25,2.8225,2312.9700000000003,2313.87,1850567.3627749998,434.55999999999995,201.56999999999996,11.98,648.1099999999999,1.238,200590.04499999998,2961.08,2961.9799999999996,2985.8,-24.720000000000255,23.82000000000062,2051157.4077749997,2025-05-11,53
2025-05-11 13:15:00,2025-11-05 13:15:00,719.33,3.2732,582.95,3.076,398.57,3.53,41.92,1.7691,48.52,1.73173,63.75,6.2,455.17,2.8225,2310.21,2297.31,1848192.1981499998,480.42,196.21999999999997,12.120000000000001,688.76,1.238,213171.22,2998.9700000000003,2986.0699999999997,3003.62,-4.649999999999636,17.550000000000182,2061363.4181499998,2025-05-11,54
2025-05-11 13:30:00,2025-11-05 13:30:00,719.33,3.2732,582.95,3.076,398.57,3.53,42.55,1.77617,75.57,2.03467,63.17,6.2,448.97,2.8225,2331.11,2308.72,1860706.2815999999,521.86,191.12000000000003,12.28,725.26,1.238,224467.97,3056.37,3033.9799999999996,3053.92,2.449999999999818,19.94000000000051,2085174.2515999998,2025-05-11,55
2025-05-11 13:45:00,2025-11-05 13:45:00,719.33,3.2732,582.95,3.076,398.57,3.53,42.6,1.77656,90.56,2.51071,64.2,6.2,450.83,2.8225,2349.04,2363.7,1882044.0711499997,530.32,198.28000000000003,11.48,740.0800000000002,1.238,229054.76000000004,3089.12,3103.7799999999997,3123.1,-33.98000000000002,19.320000000000164,2111098.83115,2025-05-11,56
2025-05-11 14:00:00,2025-11-05 14:00:00,719.33,3.2732,636.82,3.076,398.57,3.53,73.03,1.79474,75.86,2.79962,29.61,6.2,434.47,2.8225,2367.6899999999996,2433.51,1868410.9966000002,591.06,179.92,10.84,781.8199999999999,1.238,241973.28999999998,3149.5099999999993,3215.33,3231.38,-81.8700000000008,16.050000000000182,2110384.2866,2025-05-11,57
2025-05-11 14:15:00,2025-11-05 14:15:00,719.33,3.2732,649.46,3.076,398.57,3.53,76.22,1.99014,30.16,3.00047,27.13,6.2,423.99,2.8225,2324.86,2479.39,1841575.6092500002,621.09,190.46,11.419999999999998,822.97,1.238,254709.215,3147.83,3302.3599999999997,3321.26,-173.4300000000003,18.900000000000546,2096284.8242500003,2025-05-11,58
2025-05-11 14:30:00,2025-11-05 14:30:00,850.99,3.2732,657.3,3.076,398.57,3.53,75.66,1.99919,71.66,3.01599,27.21,6.2,412.96,2.8225,2494.35,2650.32,1978983.3817000003,554.51,168.26,12.29,735.06,1.238,227501.06999999998,3229.41,3385.38,3401.02,-171.61000000000013,15.639999999999873,2206484.4517,2025-05-11,59
2025-05-11 14:45:00,2025-11-05 14:45:00,942.12,3.2732,657.84,3.076,398.57,3.53,82.17,1.9995999999999998,74.77,3.01554,20.7,6.2,402.87,2.8225,2579.0399999999995,2671.92,2042358.6892000004,588.15,167.21000000000004,12.040000000000001,767.4,1.238,237510.3,3346.4399999999996,3439.32,3450.63,-104.19000000000051,11.309999999999945,2279868.9892,2025-05-11,60
2025-05-11 15:00:00,2025-11-05 15:00:00,1069.25,3.2732,657.84,3.076,398.57,3.53,49.71,2.78098,65.74,2.89083,19.0,6.2,404.54,2.8225,2664.65,2718.36,2129559.2175000003,591.39,165.08,11.47,767.94,1.238,237677.43000000002,3432.59,3486.3,3501.23,-68.63999999999987,14.929999999999836,2367236.6475000004,2025-05-11,61
2025-05-11 15:15:00,2025-11-05 15:15:00,1102.42,3.2732,657.84,3.076,398.57,3.53,55.76,2.90094,100.81,3.01554,12.86,6.2,392.2,2.8225,2720.4600000000005,2743.25,2172844.6464500003,646.3699999999999,151.21,12.68,810.2599999999999,1.238,250775.46999999994,3530.7200000000003,3553.5099999999998,3569.39,-38.66999999999962,15.88000000000011,2423620.11645,2025-05-11,62
2025-05-11 15:30:00,2025-11-05 15:30:00,1238.75,3.2732,657.84,3.076,398.57,3.53,60.26,2.9027,52.26,2.9001300000000003,7.3,6.2,341.99,2.8225,2756.970000000001,2757.22,2205537.1777,692.1999999999999,141.2,14.96,848.3599999999999,1.238,262567.42,3605.330000000001,3605.58,3620.02,-14.689999999999145,14.440000000000055,2468104.5977,2025-05-11,63
2025-05-11 15:45:00,2025-11-05 15:45:00,1324.09,3.2732,657.84,3.076,398.57,3.53,62.17,2.90297,30.86,2.788,6.95,6.2,310.68,2.8225,2791.16,2805.5,2237744.7382250004,699.62,130.5,15.89,846.01,1.238,261840.09500000003,3637.17,3651.51,3662.93,-25.759999999999764,11.419999999999618,2499584.8332250006,2025-05-11,64
2025-05-11 16:00:00,2025-11-05 16:00:00,1330.34,3.2732,657.84,3.076,694.11,3.53,65.96,2.97142,75.13,2.51063,4.78,6.2,291.51,2.8225,3119.67,3152.08,2516308.624525,393.52,113.95,15.219999999999999,522.6899999999999,1.238,161772.555,3642.36,3674.77,3693.93,-51.56999999999971,19.159999999999854,2678081.179525,2025-05-11,65
2025-05-11 16:15:00,2025-11-05 16:15:00,1330.35,3.2732,657.84,3.076,717.12,3.53,38.72,3.00912,106.63,2.11881,4.63,6.2,274.59,2.8225,3129.88,3211.69,2513907.2929249997,355.47999999999996,101.66000000000001,14.58,471.71999999999997,1.238,145997.33999999997,3601.6,3683.41,3691.8,-90.20000000000027,8.390000000000327,2659904.6329249996,2025-05-11,66
2025-05-11 16:30:00,2025-11-05 16:30:00,1330.35,3.2732,657.84,3.076,717.12,3.53,-172.36,3.0807800000000003,34.53,3.0357,8.88,6.2,235.52,2.8225,2811.88,2915.48,2300770.43505,686.0600000000002,85.86,15.83,787.7500000000002,1.238,243808.62500000006,3599.63,3703.2300000000005,3708.12,-108.48999999999978,4.889999999999418,2544579.06005,2025-05-11,67
2025-05-11 16:45:00,2025-11-05 16:45:00,1330.35,3.2732,657.84,3.076,717.12,3.53,-188.09,3.39925,26.73,3.22018,11.85,6.2,219.72,2.8225,2775.5199999999995,2797.46,2262447.8097249996,804.54,69.26999999999998,17.23,891.04,1.238,275776.88,3666.5599999999995,3688.5,3697.63,-31.07000000000062,9.13000000000011,2538224.6897249995,2025-05-11,68
2025-05-11 17:00:00,2025-11-05 17:00:00,1326.94,3.2732,647.3,3.076,717.12,3.53,-197.6,3.4165,23.8,3.00057,12.79,6.2,185.73,2.8225,2716.0800000000004,2716.04,2216425.6247500004,884.02,58.27,18.509999999999998,960.8,1.238,297367.6,3676.88,3676.84,3687.74,-10.859999999999673,10.899999999999636,2513793.2247500005,2025-05-11,69
2025-05-11 17:15:00,2025-11-05 17:15:00,1326.7,3.2732,646.49,3.076,717.12,3.53,-198.51,3.45142,23.61,2.8509,12.84,6.2,160.6,2.8225,2688.8500000000004,2720.28,2194415.2862,915.15,45.370000000000005,16.580000000000002,977.1,1.238,302412.44999999995,3665.9500000000003,3697.38,3710.2,-44.249999999999545,12.819999999999709,2496827.7362,2025-05-11,70
2025-05-11 17:30:00,2025-11-05 17:30:00,1435.08,3.2732,646.49,3.076,717.12,3.53,-205.54,3.5002199999999997,225.91,2.30003,10.31,6.2,136.52,2.8225,2965.8899999999994,2943.31,2366688.738625,710.35,31.480000000000004,15.360000000000001,757.19,1.238,234350.30500000002,3723.0799999999995,3700.5,3716.79,6.289999999999509,16.289999999999964,2601039.0436250004,2025-05-11,71
2025-05-11 17:45:00,2025-11-05 17:45:00,1442.55,3.2732,646.49,3.076,717.12,3.53,-232.71,3.6393400000000002,68.86,2.51252,7.46,6.2,114.95,2.8225,2764.72,2758.73,2234647.7976999995,917.28,18.689999999999998,14.31,950.28,1.238,294111.66,3715.0,3709.01,3713.32,1.6799999999998363,4.309999999999945,2528759.4576999997,2025-05-11,72
2025-05-11 18:00:00,2025-11-05 18:00:00,1442.55,3.2732,646.49,3.076,717.12,3.53,-203.12,3.55293,200.56,1.0007300000000001,57.72,6.2,97.05,2.8225,2958.37,3034.62,2338153.5980499997,651.9699999999999,10.500000000000002,12.54,675.0099999999999,1.238,208915.59499999997,3633.3799999999997,3709.6299999999997,3731.1,-97.72000000000025,21.470000000000255,2547069.19305,2025-05-11,73
2025-05-11 18:15:00,2025-11-05 18:15:00,1442.55,3.2732,646.49,3.076,717.12,3.53,31.48,3.6498600000000003,121.35,2.3497399999999997,61.02,6.2,82.99,2.8225,3102.9999999999995,3095.9,2563598.3292,624.24,4.640000000000001,11.77,640.65,1.238,198281.175,3743.6499999999996,3736.55,3770.33,-26.68000000000029,33.779999999999745,2761879.5042,2025-05-11,74
2025-05-11 18:30:00,2025-11-05 18:30:00,1442.55,3.2732,646.49,3.076,717.12,3.53,49.17,3.94535,25.56,3.64021,60.74,6.2,71.97,2.8225,3013.5999999999995,3009.17,2527137.863025,873.5699999999999,0.8299999999999998,13.73,888.13,1.238,274876.235,3901.7299999999996,3897.3,3925.4,-23.670000000000528,28.09999999999991,2802014.0980249997,2025-05-11,75
2025-05-11 18:45:00,2025-11-05 18:45:00,1442.55,3.2732,646.49,3.076,717.12,3.53,49.16,4.289770000000001,242.56,3.99969,61.16,6.2,53.35,2.8225,3212.3899999999994,3183.23,2738153.4436500003,917.1100000000001,0.33,14.760000000000002,932.2000000000002,1.238,288515.9,4144.589999999999,4115.43,4158.8,-14.210000000000946,43.36999999999989,3026669.34365,2025-05-11,76
2025-05-11 19:00:00,2025-11-05 19:00:00,1442.55,3.2732,646.49,3.076,717.12,3.53,81.49,4.67986,-1.02,4.78964,28.87,6.2,54.58,2.8225,2970.0799999999995,2928.26,2487828.47715,1350.0500000000004,0.24,13.030000000000001,1363.3200000000004,1.238,421947.5400000001,4333.4,4291.580000000001,4339.2,-5.800000000000182,47.61999999999898,2909776.01715,2025-05-11,77
2025-05-11 19:15:00,2025-11-05 19:15:00,1442.55,3.2732,646.49,3.076,717.12,3.53,-18.08,5.00958,1.53,5.075189999999999,18.26,6.2,48.97,2.8225,2856.84,2828.09,2352603.2898249994,1519.1699999999998,0.25,13.44,1532.86,1.238,474420.17,4389.7,4360.95,4408.36,-18.659999999999854,47.409999999999854,2827023.4598249993,2025-05-11,78
2025-05-11 19:30:00,2025-11-05 19:30:00,1445.77,3.2732,646.49,3.076,717.12,3.53,37.55,5.00921,16.7,4.49965,25.61,6.2,46.35,2.8225,2935.59,2843.56,2451294.017375,1486.4800000000002,0.24,14.31,1501.0300000000002,1.238,464568.78500000003,4436.620000000001,4344.59,4401.59,35.030000000000655,57.0,2915862.802375,2025-05-11,79
2025-05-11 19:45:00,2025-11-05 19:45:00,1446.99,3.2732,646.49,3.076,717.12,3.53,-104.82,5.1004700000000005,17.63,4.50013,26.34,6.2,43.15,2.8225,2792.9,2754.4,2271532.352375,1602.3400000000004,0.24,15.469999999999999,1618.0500000000004,1.238,500786.4750000001,4410.950000000001,4372.450000000001,4420.08,-9.1299999999992,47.6299999999992,2772318.827375,2025-05-11,80
2025-05-11 20:00:00,2025-11-05 20:00:00,1447.07,3.2732,646.49,3.076,717.12,3.53,-142.38,5.0794,91.95,3.8806,18.95,6.2,40.65,2.8225,2819.8499999999995,2769.76,2280606.7967499997,1600.51,0.24,14.97,1615.72,1.238,500065.33999999997,4435.57,4385.4800000000005,4439.41,-3.8400000000001455,53.92999999999938,2780672.1367499996,2025-05-11,81
2025-05-11 20:15:00,2025-11-05 20:15:00,1447.07,3.2732,646.49,3.076,717.12,3.53,-143.92,5.1400500000000005,97.07,3.88087,14.16,6.2,37.45,2.8225,2815.4399999999996,2816.57,2271760.260975,1574.83,0.23000000000000004,15.03,1590.09,1.238,492132.8549999999,4405.53,4406.66,4455.01,-49.48000000000047,48.350000000000364,2763893.115975,2025-05-11,82
2025-05-11 20:30:00,2025-11-05 20:30:00,1447.07,3.2732,646.49,3.076,717.12,3.53,-153.92,6.18663,114.99,3.77135,15.68,6.2,34.7,2.8225,2822.129999999999,2779.5,2233291.140225,1613.0200000000002,0.22000000000000003,15.879999999999999,1629.1200000000003,1.238,504212.6400000001,4451.25,4408.620000000001,4464.0,-12.75,55.3799999999992,2737503.7802250003,2025-05-11,83
2025-05-11 20:45:00,2025-11-05 20:45:00,1447.07,3.2732,646.49,3.076,717.12,3.53,-184.29,7.02902,219.89,3.89925,7.98,6.2,32.56,2.8225,2886.8199999999997,2793.71,2239997.737675001,1615.9099999999996,0.22000000000000003,15.780000000000001,1631.9099999999996,1.238,505076.1449999999,4518.73,4425.62,4477.84,40.88999999999942,52.220000000000255,2745073.882675001,2025-05-11,84
2025-05-11 21:00:00,2025-11-05 21:00:00,1447.07,3.2732,646.49,3.076,717.12,3.53,-154.33,8.00028,329.41,4.75061,0.47,6.2,29.59,2.8225,3015.8199999999997,2924.98,2418308.3416750007,1544.8600000000001,0.22000000000000003,15.290000000000001,1560.3700000000001,1.238,482934.515,4576.19,4485.35,4538.52,37.66999999999916,53.17000000000007,2901242.856675001,2025-05-11,85
2025-05-11 21:15:00,2025-11-05 21:15:00,1447.07,3.2732,646.49,3.076,717.12,3.53,-151.9,7.5994399999999995,427.58,4.66514,0.0,6.2,28.56,2.8225,3114.9199999999996,3100.85,2544390.6473000003,1459.16,0.22000000000000003,15.2,1474.5800000000002,1.238,456382.51,4589.5,4575.43,4624.1,-34.600000000000364,48.67000000000007,3000773.1573,2025-05-11,86
2025-05-11 21:30:00,2025-11-05 21:30:00,1447.07,3.2732,646.49,3.076,717.12,3.53,-151.9,8.40028,519.34,4.789770000000001,0.0,6.2,29.05,2.8225,3207.17,3184.82,2637524.1522,1459.1599999999999,0.22000000000000003,12.39,1471.77,1.238,455512.815,4678.9400000000005,4656.59,4707.21,-28.269999999999527,50.61999999999989,3093036.9672,2025-05-11,87
2025-05-11 21:45:00,2025-11-05 21:45:00,1447.07,3.2732,646.49,3.076,717.12,3.53,-151.9,8.40083,617.65,5.45051,0.0,6.2,28.54,2.8225,3304.97,3288.79,2856890.484625,1424.1100000000001,0.22000000000000003,11.389999999999999,1435.7200000000003,1.238,444355.3400000001,4740.6900000000005,4724.51,4798.81,-58.11999999999989,74.30000000000018,3301245.8246250004,2025-05-11,88
2025-05-11 22:00:00,2025-11-05 22:00:00,1448.91,3.2732,646.49,3.076,717.12,3.53,-383.01,10.0,846.4,4.45066,0.0,6.2,29.33,2.8225,3305.2400000000002,3271.97,2320582.9002499995,1550.99,0.22000000000000003,10.29,1561.5,1.238,483284.25,4866.74,4833.469999999999,4901.55,-34.8100000000004,68.08000000000084,2803867.1502499995,2025-05-11,89
2025-05-11 22:15:00,2025-11-05 22:15:00,1449.23,3.2732,646.49,3.076,717.12,3.53,-401.9,10.0,937.11,4.79168,0.0,6.2,29.68,2.8225,3377.73,3289.52,2454689.8802,1593.4700000000003,0.22000000000000003,9.7,1603.3900000000003,1.238,496249.2050000001,4981.120000000001,4892.91,4969.26,11.860000000000582,76.35000000000036,2950939.0852,2025-05-11,90
2025-05-11 22:30:00,2025-11-05 22:30:00,1449.24,3.2732,646.49,3.076,717.12,3.53,-401.9,10.0,951.12,7.96417,0.0,6.2,30.26,2.8225,3392.33,3295.46,3226244.8571,1599.1100000000001,0.22000000000000003,11.07,1610.4,1.238,498418.80000000005,5002.73,4905.860000000001,4980.34,22.389999999999418,74.47999999999956,3724663.6571000004,2025-05-11,91
2025-05-11 22:45:00,2025-11-05 22:45:00,1447.62,3.2732,646.49,3.076,717.12,3.53,-401.9,10.0,942.71,6.000310000000001,0.0,6.2,30.02,2.8225,3382.0599999999995,3285.25,2745167.578525,1597.99,0.22000000000000003,10.870000000000001,1609.08,1.238,498010.25999999995,4991.139999999999,4894.33,4961.67,29.469999999999345,67.34000000000015,3243177.8385249996,2025-05-11,92
2025-05-11 23:00:00,2025-11-05 23:00:00,1447.51,3.2732,646.49,3.076,717.12,3.53,-401.9,10.0,709.16,10.0,0.0,6.2,30.0,2.8225,3148.3799999999997,3231.22,3103825.393,1622.3199999999997,0.22000000000000003,10.68,1633.2199999999998,1.238,505481.5899999999,4781.599999999999,4864.44,4908.28,-126.68000000000029,43.840000000000146,3609306.983,2025-05-11,93
2025-05-11 23:15:00,2025-11-05 23:15:00,1447.51,3.2732,646.49,3.076,717.12,3.53,-401.9,10.0,738.02,10.0,0.0,6.2,28.6,2.8225,3175.8399999999997,3141.04,3174987.5179999997,1628.08,0.22000000000000003,10.48,1638.78,1.238,507202.41,4814.62,4779.82,4824.78,-10.159999999999854,44.960000000000036,3682189.928,2025-05-11,94
2025-05-11 23:30:00,2025-11-05 23:30:00,1447.51,3.2732,646.49,3.076,717.12,3.53,-401.9,10.0,646.05,10.0,0.0,6.2,27.38,2.8225,3082.6499999999996,3110.6,2944201.6555,1593.6400000000003,0.22000000000000003,10.62,1604.4800000000002,1.238,496586.56000000006,4687.13,4715.08,4760.49,-73.35999999999967,45.409999999999854,3440788.2155,2025-05-11,95
2025-05-11 23:45:00,2025-11-05 23:45:00,1447.51,3.2732,646.49,3.076,717.12,3.53,-401.9,10.0,554.68,10.0,0.0,6.2,27.02,2.8225,2990.9199999999996,3047.75,2715522.6305,1591.5800000000002,0.22000000000000003,10.74,1602.5400000000002,1.238,495986.13000000006,4593.46,4650.29,4694.2,-100.73999999999978,43.909999999999854,3211508.7605,2025-05-11,96
2025-05-12 00:00:00,2025-12-05 00:00:00,1446.14,3.2732,655.59,3.076,442.38,3.53,-262.4,10.0,563.41,10.0,0.0,6.2,42.14,2.8225,2887.2599999999998,2932.19,2860185.4595,1598.34,,11.489999999999998,1609.83,1.238,498242.38499999995,4497.09,4542.02,4586.64,-89.55000000000018,44.61999999999989,3358427.8444999997,2025-05-12,1
2025-05-12 00:15:00,2025-12-05 00:15:00,1446.29,3.2732,656.27,3.076,421.7,3.53,-251.9,10.0,485.51,10.0,0.0,6.2,42.08,2.8225,2799.95,2845.68,2674038.6870000004,1585.97,,11.68,1597.65,1.238,494472.67500000005,4397.6,4443.33,4490.18,-92.57999999999993,46.850000000000364,3168511.3620000007,2025-05-12,2
2025-05-12 00:30:00,2025-12-05 00:30:00,1446.31,3.2732,656.27,3.076,421.7,3.53,-251.9,10.0,657.74,4.8003100000000005,0.0,6.2,2.75,2.8225,2932.87,2843.27,2221866.7966000005,1507.34,,11.14,1518.48,1.238,469969.56,4451.35,4361.75,4412.55,38.80000000000018,50.80000000000018,2691836.3566000005,2025-05-12,3
2025-05-12 00:45:00,2025-12-05 00:45:00,1446.31,3.2732,656.27,3.076,421.7,3.53,-251.9,10.0,535.06,4.499479999999999,0.0,6.2,0.0,2.8225,2807.4399999999996,2845.23,2032460.2951999996,1418.85,,11.139999999999999,1429.99,1.238,442581.905,4237.429999999999,4275.22,4324.36,-86.93000000000029,49.13999999999942,2475042.2002,2025-05-12,4
2025-05-12 01:00:00,2025-12-05 01:00:00,1446.31,3.2732,656.27,3.076,421.7,3.53,-251.9,10.0,480.7,4.499149999999999,0.0,6.2,0.0,2.8225,2753.0799999999995,2755.09,1971272.7042499997,1441.3700000000001,,11.83,1453.2,1.238,449765.4,4206.28,4208.29,4252.46,-46.18000000000029,44.17000000000007,2421038.10425,2025-05-12,5
2025-05-12 01:15:00,2025-12-05 01:15:00,1446.31,3.2732,656.27,3.076,421.7,3.53,-251.9,10.0,387.51,3.99988,0.0,6.2,0.0,2.8225,2659.8899999999994,2685.26,1818085.7277,1448.4600000000003,,11.999999999999998,1460.4600000000003,1.238,452012.3700000001,4120.349999999999,4145.72,4193.54,-73.19000000000051,47.81999999999971,2270098.0977,2025-05-12,6
2025-05-12 01:30:00,2025-12-05 01:30:00,1446.31,3.2732,656.27,3.076,421.7,3.53,-251.9,10.0,336.31,3.5122199999999997,0.0,6.2,0.0,2.8225,2608.6899999999996,2606.02,1725886.0300499997,1458.3400000000001,,13.34,1471.68,1.238,455484.96,4080.37,4077.7,4128.76,-48.39000000000033,51.0600000000004,2181370.9900499997,2025-05-12,7
2025-05-12 01:45:00,2025-12-05 01:45:00,1446.31,3.2732,656.27,3.076,421.7,3.53,-251.9,10.0,288.1,3.0005,0.0,6.2,0.0,2.8225,2560.4799999999996,2598.57,1646698.3654999998,1416.31,,12.709999999999999,1429.02,1.238,442281.68999999994,3989.4999999999995,4027.59,4074.16,-84.66000000000031,46.56999999999971,2088980.0554999998,2025-05-12,8
2025-05-12 02:00:00,2025-12-05 02:00:00,1446.31,3.2732,649.93,3.076,399.31,3.53,-205.4,9.751,419.98,3.56548,0.0,6.2,0.0,2.8225,2710.1299999999997,2604.6,1909346.4405999999,1341.0200000000002,,13.15,1354.1700000000003,1.238,419115.6150000001,4064.3,3958.7700000000004,4009.09,55.210000000000036,50.31999999999971,2328462.0556,2025-05-12,9
2025-05-12 02:15:00,2025-12-05 02:15:00,1446.31,3.2732,649.45,3.076,397.62,3.53,-201.9,6.758,384.4,3.56581,0.0,6.2,0.0,2.8225,2675.88,2601.89,2035406.464,1287.0,,11.079999999999998,1298.08,1.238,401755.75999999995,3973.96,3899.97,3945.46,28.5,45.49000000000024,2437162.224,2025-05-12,10
2025-05-12 02:30:00,2025-12-05 02:30:00,1446.31,3.2732,644.3,3.076,397.62,3.53,-108.9,5.71537,237.32,3.56273,0.0,6.2,0.0,2.8225,2616.6499999999996,2564.59,2085657.6456499996,1285.5000000000002,,9.58,1295.0800000000002,1.238,400827.26,3911.7299999999996,3859.67,3906.32,5.4099999999994,46.65000000000009,2486484.9056499996,2025-05-12,11
2025-05-12 02:45:00,2025-12-05 02:45:00,1446.31,3.2732,643.91,3.076,397.62,3.53,-101.9,5.45075,191.23,3.3425,0.0,6.2,0.0,2.8225,2577.1699999999996,2554.87,2050520.6254999998,1242.2500000000002,,8.93,1251.1800000000003,1.238,387240.2100000001,3828.35,3806.05,3855.57,-27.220000000000255,49.51999999999998,2437760.8355,2025-05-12,12
2025-05-12 03:00:00,2025-12-05 03:00:00,1446.31,3.2732,1013.7,3.076,27.83,3.53,-101.9,5.100479999999999,143.71,3.5004299999999997,0.0,6.2,0.0,2.8225,2529.65,2514.32,1983437.7188249999,1231.6000000000001,,10.49,1242.0900000000001,1.238,384426.85500000004,3771.7400000000002,3756.4100000000003,3802.51,-30.769999999999982,46.09999999999991,2367864.573825,2025-05-12,13
2025-05-12 03:15:00,2025-12-05 03:15:00,1446.31,3.2732,1041.53,3.076,0.0,3.53,-101.9,5.075819999999999,95.5,3.10202,0.0,6.2,0.0,2.8225,2481.44,2469.1,1929206.2559999998,1230.71,,10.51,1241.22,1.238,384157.59,3722.66,3710.3199999999997,3758.8,-36.14000000000033,48.48000000000047,2313363.846,2025-05-12,14
2025-05-12 03:30:00,2025-12-05 03:30:00,1446.31,3.2732,1041.53,3.076,0.0,3.53,-101.9,5.00033,92.4,3.49927,0.0,6.2,0.0,2.8225,2478.34,2436.36,1937901.7732499999,1223.58,,11.229999999999999,1234.81,1.238,382173.69499999995,3713.15,3671.17,3721.62,-8.4699999999998,50.44999999999982,2320075.46825,2025-05-12,15
2025-05-12 03:45:00,2025-12-05 03:45:00,1446.31,3.2732,1041.53,3.076,0.0,3.53,-101.9,4.67954,92.4,3.26921,0.0,6.2,0.0,2.8225,2478.34,2410.06,1940759.5124999997,1216.34,,11.520000000000001,1227.86,1.238,380022.6699999999,3706.2,3637.92,3688.03,18.169999999999618,50.11000000000013,2320782.1824999996,2025-05-12,16
2025-05-12 04:00:00,2025-12-05 04:00:00,1446.31,3.2732,1041.53,3.076,0.0,3.53,-101.9,4.67935,92.4,3.0009699999999997,0.0,6.2,0.0,2.8225,2478.34,2370.56,1934568.00875,1208.18,,10.11,1218.29,1.238,377060.75499999995,3696.63,3588.85,3639.93,56.70000000000027,51.07999999999993,2311628.76375,2025-05-12,17
2025-05-12 04:15:00,2025-12-05 04:15:00,1446.31,3.2732,1041.53,3.076,0.0,3.53,-101.9,4.67952,92.4,3.49913,0.0,6.2,0.0,2.8225,2478.34,2373.44,1946071.1739999999,1205.75,,8.6,1214.35,1.238,375841.325,3692.69,3587.79,3635.31,57.38000000000011,47.51999999999998,2321912.499,2025-05-12,18
2025-05-12 04:30:00,2025-12-05 04:30:00,1446.31,3.2732,1041.53,3.076,0.0,3.53,-101.9,4.9095200000000006,92.4,3.4999000000000002,0.0,6.2,0.0,2.8225,2478.34,2382.57,1940229.7109999997,1206.7299999999998,,9.32,1216.0499999999997,1.238,376367.4749999999,3694.39,3598.62,3621.88,72.50999999999976,23.26000000000022,2316597.1859999998,2025-05-12,19
2025-05-12 04:45:00,2025-12-05 04:45:00,1446.31,3.2732,1041.53,3.076,0.0,3.53,-101.9,4.99942,92.4,3.56555,0.0,6.2,0.0,2.8225,2478.34,2370.5,1939456.0235,1206.78,,11.069999999999999,1217.85,1.238,376924.57499999995,3696.19,3588.35,3608.65,87.53999999999996,20.300000000000182,2316380.5985,2025-05-12,20
2025-05-12 05:00:00,2025-12-05 05:00:00,1446.31,3.2732,1041.53,3.076,0.0,3.53,-101.9,4.59121,92.4,2.85013,0.0,6.2,33.64,2.8225,2511.98,2364.73,1957066.1962499998,1214.96,,12.25,1227.21,1.238,379821.49500000005,3739.19,3591.94,3601.89,137.30000000000018,9.949999999999818,2336887.6912499997,2025-05-12,21
2025-05-12 05:15:00,2025-12-05 05:15:00,1446.31,3.2732,1041.53,3.076,0.0,3.53,-101.9,4.5911,92.4,3.49969,0.0,6.2,33.19,2.8225,2511.53,2394.1,1971756.3032499996,1219.48,,12.43,1231.91,1.238,381276.145,3743.4400000000005,3626.01,3632.17,111.27000000000044,6.1599999999998545,2353032.4482499994,2025-05-12,22
2025-05-12 05:30:00,2025-12-05 05:30:00,1446.31,3.2732,1041.53,3.076,0.0,3.53,-101.9,4.591189999999999,47.41,3.59054,0.0,6.2,30.2,2.8225,2463.5499999999997,2398.95,1931358.2280999997,1220.6000000000001,,10.19,1230.7900000000002,1.238,380929.50500000006,3694.34,3629.74,3636.02,58.320000000000164,6.2800000000002,2312287.7331,2025-05-12,23
2025-05-12 05:45:00,2025-12-05 05:45:00,1448.32,3.2732,1041.53,3.076,0.0,3.53,-101.9,4.4994700000000005,44.25,3.63857,0.0,6.2,37.41,2.8225,2469.6099999999997,2419.13,1938121.9396249999,1218.7500000000002,,10.89,1229.6400000000003,1.238,380573.58000000013,3699.25,3648.7700000000004,3641.21,58.039999999999964,-7.5600000000004,2318695.519625,2025-05-12,24
2025-05-12 06:00:00,2025-12-05 06:00:00,1448.68,3.2732,671.74,3.076,369.79,3.53,-101.9,4.59101,0.87,3.698,0.0,6.2,39.68,2.8225,2428.8599999999997,2446.04,1940210.11425,1190.39,,10.59,1200.98,1.238,371703.31,3629.8399999999997,3647.02,3618.77,11.069999999999709,-28.25,2311913.42425,2025-05-12,25
2025-05-12 06:15:00,2025-12-05 06:15:00,1448.7,3.2732,643.91,3.076,397.62,3.53,-101.9,4.5006,13.51,3.60312,0.0,6.2,45.76,2.8225,2447.6000000000004,2396.6,1961343.8028,1213.66,,9.83,1223.49,1.238,378670.155,3671.09,3620.09,3596.77,74.32000000000016,-23.320000000000164,2340013.9578,2025-05-12,26
2025-05-12 06:30:00,2025-12-05 06:30:00,1448.7,3.2732,643.91,3.076,397.62,3.53,-101.9,4.37918,57.3,3.30054,0.0,6.2,53.28,2.8225,2498.9100000000003,2380.99,2004853.9750000003,1241.9099999999999,,6.819999999999999,1248.7299999999998,1.238,386481.9349999999,3747.6400000000003,3629.7199999999993,3611.98,135.6600000000003,-17.739999999999327,2391335.91,2025-05-12,27
2025-05-12 06:45:00,2025-12-05 06:45:00,1448.7,3.2732,643.91,3.076,397.62,3.53,-101.9,3.93093,64.2,3.21177,0.0,6.2,63.98,2.8225,2516.5099999999998,2465.76,2028092.0042500002,1122.83,,4.84,1127.6699999999998,1.238,349013.86499999993,3644.1799999999994,3593.4300000000003,3598.39,45.78999999999951,4.959999999999582,2377105.86925,2025-05-12,28
2025-05-12 07:00:00,2025-12-05 07:00:00,1410.14,3.2732,643.91,3.076,397.62,3.53,-79.15,3.6921,184.52,2.45039,0.0,6.2,78.58,2.8225,2635.62,2501.77,2095411.07645,1035.15,,4.38,1039.5300000000002,1.238,321734.53500000003,3675.15,3541.3,3571.97,103.18000000000029,30.669999999999618,2417145.61145,2025-05-12,29
2025-05-12 07:15:00,2025-12-05 07:15:00,1372.78,3.2732,643.91,3.076,397.62,3.53,-36.83,3.47124,161.13,1.6998199999999999,0.0,6.2,98.85,2.8225,2637.46,2568.64,2075674.9021,915.5,,4.390000000000001,919.89,1.238,284705.955,3557.35,3488.5299999999997,3546.68,10.670000000000073,58.15000000000009,2360380.8571,2025-05-12,30
2025-05-12 07:30:00,2025-12-05 07:30:00,1308.77,3.2732,643.91,3.076,397.62,3.53,-31.57,3.32871,159.03,2.50077,0.0,6.2,124.87,2.8225,2602.6299999999997,2535.92,2078296.8443500004,878.1,,5.7299999999999995,883.83,1.238,273545.385,3486.4599999999996,3419.75,3499.26,-12.800000000000637,79.51000000000022,2351842.2293500006,2025-05-12,31
2025-05-12 07:45:00,2025-12-05 07:45:00,1304.45,3.2732,643.91,3.076,397.62,3.53,62.4,2.89937,156.88,2.8496300000000003,0.0,6.2,150.84,2.8225,2716.1000000000004,2667.2,2176927.0105999997,634.45,,6.12,640.57,1.238,198256.415,3356.6700000000005,3307.77,3452.63,-95.95999999999958,144.86000000000013,2375183.4255999997,2025-05-12,32
2025-05-12 08:00:00,2025-12-05 08:00:00,1264.74,3.2732,649.06,3.076,397.62,3.53,98.11,2.40012,33.45,2.62955,7.65,6.2,180.45,2.8225,2631.08,2620.94,2105009.618425,668.1400000000001,,6.14,674.2800000000001,1.238,208689.66000000003,3305.36,3295.2200000000003,3413.64,-108.27999999999975,118.41999999999962,2313699.278425,2025-05-12,33
2025-05-12 08:15:00,2025-12-05 08:15:00,1256.95,3.2732,649.45,3.076,397.62,3.53,101.8,2.00006,21.65,2.73098,8.19,6.2,214.7,2.8225,2650.36,2608.18,2108764.02875,709.8699999999999,,6.27,716.1399999999999,1.238,221645.33,3366.5,3324.3199999999997,3405.62,-39.11999999999989,81.30000000000018,2330409.35875,2025-05-12,34
2025-05-12 08:30:00,2025-12-05 08:30:00,1256.61,3.2732,649.45,3.076,397.62,3.53,82.56,2.15554,77.44,2.4001,32.66,6.2,236.66,2.8225,2732.9999999999995,2771.55,2187183.1571,538.21,,5.66,543.87,1.238,168327.765,3276.8699999999994,3315.42,3434.79,-157.92000000000053,119.36999999999989,2355510.9221,2025-05-12,35
2025-05-12 08:45:00,2025-12-05 08:45:00,1256.61,3.2732,649.45,3.076,397.62,3.53,67.12,2.0006500000000003,116.19,1.5895299999999999,52.65,6.2,281.92,2.8225,2821.56,2832.14,2238890.7426750003,473.40000000000003,,5.56,478.96000000000004,1.238,148238.12,3300.52,3311.1,3442.73,-142.21000000000004,131.6300000000001,2387128.8626750004,2025-05-12,36
2025-05-12 09:00:00,2025-12-05 09:00:00,1164.17,3.2732,649.45,3.076,397.62,3.53,60.99,2.15573,144.26,2.40004,59.84,6.2,301.48,2.8225,2777.81,2758.79,2227877.7717750003,588.6600000000001,,6.609999999999999,595.2700000000001,1.238,184236.06500000003,3373.08,3354.06,3490.48,-117.40000000000009,136.42000000000007,2412113.836775,2025-05-12,37
2025-05-12 09:15:00,2025-12-05 09:15:00,1084.71,3.2732,649.45,3.076,397.62,3.53,56.84,2.16523,163.85,2.40076,64.89,6.2,339.38,2.8225,2756.7400000000002,2766.88,2207108.4553,647.4300000000001,,8.04,655.47,1.238,202867.965,3412.21,3422.3500000000004,3568.89,-156.67999999999984,146.5399999999995,2409976.4203,2025-05-12,38
2025-05-12 09:30:00,2025-12-05 09:30:00,1083.27,3.2732,649.45,3.076,397.62,3.53,56.84,2.0009,119.23,2.15584,65.36,6.2,367.49,2.8225,2739.26,2775.16,2190077.66205,730.4300000000001,,6.619999999999999,737.0500000000001,1.238,228116.97500000003,3476.3100000000004,3512.21,3650.01,-173.69999999999982,137.80000000000018,2418194.63705,2025-05-12,39
2025-05-12 09:45:00,2025-12-05 09:45:00,1084.72,3.2732,649.45,3.076,397.62,3.53,55.95,2.00058,115.7,2.05597,65.3,6.2,390.96,2.8225,2759.7,2753.94,2202491.2709999997,849.84,,6.9,856.74,1.238,265161.02999999997,3616.4399999999996,3610.6800000000003,3750.59,-134.15000000000055,139.90999999999985,2467652.3009999995,2025-05-12,40
2025-05-12 10:00:00,2025-12-05 10:00:00,1084.89,3.2732,649.45,3.076,397.62,3.53,54.18,1.99994,114.98,1.78844,65.56,6.2,398.81,2.8225,2765.49,2753.11,2199618.38835,832.47,,7.500000000000001,839.97,1.238,259970.715,3605.46,3593.08,3753.93,-148.4699999999998,160.8499999999999,2459589.10335,2025-05-12,41
2025-05-12 10:15:00,2025-12-05 10:15:00,1086.45,3.2732,649.45,3.076,397.62,3.53,52.33,2.0003699999999998,114.93,1.77696,65.52,6.2,414.97,2.8225,2781.2699999999995,2799.61,2210964.284975,801.59,,7.42,809.01,1.238,250388.59499999997,3590.2799999999997,3608.62,3770.26,-179.98000000000047,161.64000000000033,2461352.8799750004,2025-05-12,42
2025-05-12 10:30:00,2025-12-05 10:30:00,1088.19,3.2732,649.45,3.076,397.62,3.53,54.74,2.40041,87.9,2.1184499999999997,65.57,6.2,443.06,2.8225,2786.53,2765.21,2234462.8391,813.6500000000001,,8.2,821.8500000000001,1.238,254362.57500000004,3608.38,3587.0600000000004,3781.16,-172.77999999999975,194.09999999999945,2488825.4141,2025-05-12,43
2025-05-12 10:45:00,2025-12-05 10:45:00,1088.24,3.2732,649.45,3.076,397.62,3.53,55.91,2.4005900000000002,86.04,2.1000199999999998,65.23,6.2,452.23,2.8225,2794.72,2796.78,2239770.462675,781.77,,7.61,789.38,1.238,244313.11,3584.1,3586.1600000000003,3781.27,-197.17000000000007,195.10999999999967,2484083.572675,2025-05-12,44
2025-05-12 11:00:00,2025-12-05 11:00:00,1189.41,3.2732,649.45,3.076,397.62,3.53,25.52,2.40098,55.41,2.5108200000000003,65.73,6.2,436.68,2.8225,2819.8199999999997,2822.15,2283734.11445,759.4400000000002,,8.09,767.5300000000002,1.238,237550.53500000006,3587.35,3589.6800000000003,3776.48,-189.1300000000001,186.79999999999973,2521284.6494500004,2025-05-12,45
2025-05-12 11:15:00,2025-12-05 11:15:00,1196.38,3.2732,649.45,3.076,397.62,3.53,23.23,2.50062,21.34,2.56088,65.86,6.2,448.39,2.8225,2802.2700000000004,2789.46,2275987.2932,746.05,,9.06,755.1099999999999,1.238,233706.54499999998,3557.38,3544.5699999999997,3749.05,-191.67000000000007,204.48000000000047,2509693.8382,2025-05-12,46
2025-05-12 11:30:00,2025-12-05 11:30:00,1196.38,3.2732,649.45,3.076,397.62,3.53,23.23,2.70032,16.57,2.79982,65.78,6.2,456.19,2.8225,2805.2200000000007,2826.35,2280462.8855,701.38,,11.04,712.42,1.238,220493.99,3517.640000000001,3538.77,3752.75,-235.10999999999922,213.98000000000002,2500956.8755,2025-05-12,47
2025-05-12 11:45:00,2025-12-05 11:45:00,1196.38,3.2732,649.45,3.076,397.62,3.53,23.23,2.7805,16.42,2.79918,66.04,6.2,462.25,2.8225,2811.3900000000003,2840.59,2285499.9979000003,689.0999999999999,,10.93,700.0299999999999,1.238,216659.28499999995,3511.42,3540.62,3750.81,-239.38999999999987,210.19000000000005,2502159.2829000005,2025-05-12,48
2025-05-12 12:00:00,2025-12-05 12:00:00,1237.6,3.2732,649.45,3.076,397.62,3.53,24.58,2.78044,16.42,2.95931,65.07,6.2,464.97,2.8225,2855.71,2985.48,2321241.5076,539.9,,11.0,550.9,1.238,170503.55,3406.61,3536.38,3761.54,-354.92999999999984,225.15999999999985,2491745.0576,2025-05-12,49
2025-05-12 12:15:00,2025-12-05 12:15:00,1244.22,3.2732,649.45,3.076,397.62,3.53,24.68,2.78091,16.42,3.01939,64.92,6.2,467.15,2.8225,2864.46,2897.66,2328283.4554000003,642.6999999999998,,10.45,653.1499999999999,1.238,202149.92499999996,3517.6099999999997,3550.8099999999995,3772.65,-255.04000000000042,221.8400000000006,2530433.3804,2025-05-12,50
2025-05-12 12:30:00,2025-12-05 12:30:00,1313.24,3.2732,649.45,3.076,397.62,3.53,24.68,2.8504099999999997,19.11,2.9803800000000003,64.82,6.2,468.78,2.8225,2937.7,2954.91,2388030.67465,525.67,,10.64,536.31,1.238,165987.94499999998,3474.0099999999998,3491.22,3720.01,-246.00000000000045,228.79000000000042,2554018.61965,2025-05-12,51
2025-05-12 12:45:00,2025-12-05 12:45:00,1315.42,3.2732,649.45,3.076,397.62,3.53,24.68,2.89995,19.31,2.79934,64.09,6.2,468.99,2.8225,2939.5600000000004,2991.57,2388411.9601000003,513.9499999999999,,10.25,524.1999999999999,1.238,162239.89999999997,3463.76,3515.77,3746.64,-282.87999999999965,230.8699999999999,2550651.8601,2025-05-12,52
2025-05-12 13:00:00,2025-12-05 13:00:00,1315.22,3.2732,649.45,3.076,397.62,3.53,20.38,2.83948,142.95,2.05597,64.94,6.2,471.42,2.8225,3061.98,3098.86,2447816.3419749998,412.75,,9.2,421.95,1.238,130593.525,3483.93,3520.81,3751.46,-267.5300000000002,230.6500000000001,2578409.8669749997,2025-05-12,53
2025-05-12 13:15:00,2025-12-05 13:15:00,1315.22,3.2732,649.45,3.076,397.62,3.53,20.95,2.77329,151.62,2.06767,64.46,6.2,469.59,2.8225,3068.91,3126.1,2450738.8074749997,396.95000000000005,,10.26,407.21000000000004,1.238,126031.49500000001,3476.12,3533.31,3756.1,-279.98,222.78999999999996,2576770.302475,2025-05-12,54
2025-05-12 13:30:00,2025-12-05 13:30:00,1315.22,3.2732,649.45,3.076,397.62,3.53,21.02,2.8996399999999998,60.52,2.6005100000000003,63.52,6.2,459.4,2.8225,2966.75,3030.11,2403774.6755,536.0099999999999,,10.309999999999999,546.3199999999998,1.238,169086.03999999995,3513.0699999999997,3576.43,3795.74,-282.6700000000001,219.30999999999995,2572860.7155,2025-05-12,55
2025-05-12 13:45:00,2025-12-05 13:45:00,1315.22,3.2732,649.45,3.076,397.62,3.53,22.81,2.9710300000000003,53.08,2.84992,64.55,6.2,462.05,2.8225,2964.78,3042.6,2407418.4942250005,595.6299999999999,,10.75,606.3799999999999,1.238,187674.61,3571.16,3648.9799999999996,3864.62,-293.46000000000004,215.64000000000033,2595093.1042250004,2025-05-12,56
2025-05-12 14:00:00,2025-12-05 14:00:00,1315.22,3.2732,655.79,3.076,397.62,3.53,24.02,2.97153,21.48,2.98067,57.32,6.2,454.94,2.8225,2926.3900000000003,2962.44,2375159.95905,765.93,,10.39,776.3199999999999,1.238,240271.03999999998,3702.71,3738.76,3956.12,-253.40999999999985,217.35999999999967,2615430.99905,2025-05-12,57
2025-05-12 14:15:00,2025-12-05 14:15:00,1315.22,3.2732,656.27,3.076,397.62,3.53,24.99,2.97187,19.31,3.2016999999999998,56.73,6.2,442.51,2.8225,2912.6499999999996,2939.44,2366016.389325,908.67,,12.87,921.54,1.238,285216.63,3834.1899999999996,3860.98,4071.41,-237.22000000000025,210.42999999999984,2651233.019325,2025-05-12,58
2025-05-12 14:30:00,2025-12-05 14:30:00,1362.1,3.2732,656.27,3.076,397.62,3.53,25.06,2.97198,5.81,3.47083,56.18,6.2,422.72,2.8225,2925.7599999999993,2957.1,2379199.345275,1016.75,,13.61,1030.36,1.238,318896.42,3956.119999999999,3987.46,4184.95,-228.83000000000084,197.48999999999978,2698095.765275,2025-05-12,59
2025-05-12 14:45:00,2025-12-05 14:45:00,1405.38,3.2732,656.27,3.076,397.62,3.53,-67.72,3.1197600000000003,-1.53,3.6206799999999997,56.14,6.2,403.57,2.8225,2849.73,2974.7,2323177.3683500006,1115.52,,14.09,1129.61,1.238,349614.295,3979.34,4104.3099999999995,4290.32,-310.97999999999956,186.01000000000022,2672791.6633500005,2025-05-12,60
2025-05-12 15:00:00,2025-12-05 15:00:00,1408.13,3.2732,656.27,3.076,397.62,3.53,-58.74,3.20548,-1.97,3.64902,41.48,6.2,405.36,2.8225,2848.1500000000005,2976.53,2309300.5928500006,1169.52,,13.7,1183.22,1.238,366206.59,4031.370000000001,4159.75,4325.61,-294.2399999999989,165.85999999999967,2675507.1828500004,2025-05-12,61
2025-05-12 15:15:00,2025-12-05 15:15:00,1408.13,3.2732,656.27,3.076,397.62,3.53,-51.86,3.20502,-1.97,3.8209299999999997,34.58,6.2,394.65,2.8225,2837.42,2962.58,2296483.072925,1189.25,,12.84,1202.09,1.238,372046.855,4039.51,4164.67,4321.21,-281.6999999999998,156.53999999999996,2668529.927925,2025-05-12,62
2025-05-12 15:30:00,2025-12-05 15:30:00,1405.63,3.2732,656.27,3.076,397.62,3.53,-30.3,3.2058899999999997,267.99,3.8521199999999998,9.98,6.2,363.47,2.8225,3070.66,3064.58,2511538.6207000003,1108.85,,13.33,1122.1799999999998,1.238,347314.70999999996,4192.84,4186.76,4358.54,-165.69999999999982,171.77999999999975,2858853.3307000003,2025-05-12,63
2025-05-12 15:45:00,2025-12-05 15:45:00,1405.46,3.2732,656.27,3.076,397.62,3.53,-32.47,3.20561,286.93,3.7716999999999996,5.13,6.2,335.89,2.8225,3054.83,3155.41,2495155.0103250006,1065.9,,13.22,1079.1200000000001,1.238,333987.6400000001,4133.95,4234.53,4408.32,-274.3699999999999,173.78999999999996,2829142.6503250008,2025-05-12,64
2025-05-12 16:00:00,2025-12-05 16:00:00,1405.46,3.2732,656.27,3.076,693.16,3.53,-33.65,3.42328,191.34,4.04005,2.84,6.2,330.82,2.8225,3246.2400000000002,3260.1,2668767.55925,982.0799999999999,,13.759999999999998,995.8399999999999,1.238,308212.48,4242.08,4255.94,4421.36,-179.27999999999975,165.42000000000007,2976980.03925,2025-05-12,65
2025-05-12 16:15:00,2025-12-05 16:15:00,1405.46,3.2732,656.27,3.076,715.41,3.53,-33.63,3.45137,164.89,4.26153,2.7,6.2,308.48,2.8225,3219.5799999999995,3243.01,2654618.60015,1024.04,,13.819999999999999,1037.86,1.238,321217.6699999999,4257.44,4280.87,4441.32,-183.8800000000001,160.44999999999982,2975836.2701499998,2025-05-12,66
2025-05-12 16:30:00,2025-12-05 16:30:00,1405.46,3.2732,652.92,3.076,715.41,3.53,-32.73,3.45191,232.04,4.3915500000000005,2.7,6.2,289.78,2.8225,3265.58,3237.03,2718702.2974250005,1046.9700000000003,,13.690000000000001,1060.6600000000003,1.238,328274.27000000014,4326.24,4297.6900000000005,4446.69,-120.44999999999982,148.9999999999991,3046976.5674250005,2025-05-12,67
2025-05-12 16:45:00,2025-12-05 16:45:00,1405.46,3.2732,652.66,3.076,715.41,3.53,-31.77,3.4712199999999998,236.85,4.5007600000000005,2.7,6.2,263.83,2.8225,3245.1399999999994,3221.14,2712613.9133999995,1079.6000000000001,,14.530000000000001,1094.13,1.238,338633.235,4339.2699999999995,4315.27,4450.35,-111.08000000000084,135.07999999999993,3051247.1483999994,2025-05-12,68
2025-05-12 17:00:00,2025-12-05 17:00:00,1405.46,3.2732,652.66,3.076,715.41,3.53,-40.66,3.45199,283.65,3.78357,0.18,6.2,232.09,2.8225,3248.79,3269.35,2680593.218525,1025.31,,13.62,1038.9299999999998,1.238,321548.83499999996,4287.719999999999,4308.28,4432.74,-145.02000000000044,124.46000000000004,3002142.053525,2025-05-12,69
2025-05-12 17:15:00,2025-12-05 17:15:00,1405.46,3.2732,652.66,3.076,715.41,3.53,-64.79,3.5499699999999996,331.39,3.8200700000000003,0.0,6.2,198.98,2.8225,3239.1099999999997,3265.19,2682720.65575,1042.52,,10.719999999999999,1053.24,1.238,325977.77999999997,4292.349999999999,4318.43,4430.77,-138.42000000000098,112.34000000000015,3008698.4357499997,2025-05-12,70
2025-05-12 17:30:00,2025-12-05 17:30:00,1405.46,3.2732,652.66,3.076,715.41,3.53,-76.15,3.63973,335.08,3.78309,0.0,6.2,177.77,2.8225,3210.2299999999996,3175.7,2656389.828675,1126.2900000000002,,10.01,1136.3000000000002,1.238,351684.85000000003,4346.53,4312.0,4421.12,-74.59000000000015,109.11999999999989,3008074.678675,2025-05-12,71
2025-05-12 17:45:00,2025-12-05 17:45:00,1405.46,3.2732,652.66,3.076,715.41,3.53,-95.81,3.87763,335.08,3.77166,0.0,6.2,139.45,2.8225,3152.2499999999995,3136.32,2604805.2148749996,1159.8400000000001,,11.56,1171.4,1.238,362548.30000000005,4323.65,4307.72,4420.23,-96.57999999999993,112.50999999999931,2967353.5148749994,2025-05-12,72
2025-05-12 18:00:00,2025-12-05 18:00:00,1400.37,3.2732,652.66,3.076,715.41,3.53,-2.67,4.00052,263.18,3.4910900000000002,11.17,6.2,113.38,2.8225,3153.4999999999995,3200.79,2603510.81795,1037.3000000000002,,11.28,1048.5800000000002,1.238,324535.51000000007,4202.08,4249.37,4317.42,-115.34000000000015,68.05000000000018,2928046.3279500003,2025-05-12,73
2025-05-12 18:15:00,2025-12-05 18:15:00,1400.02,3.2732,652.66,3.076,715.41,3.53,7.46,4.28907,306.88,4.49071,5.09,6.2,92.2,2.8225,3179.72,3246.73,2704355.7427500007,1017.1699999999998,,10.82,1027.9899999999998,1.238,318162.9049999999,4207.709999999999,4274.719999999999,4308.91,-101.20000000000073,34.19000000000051,3022518.6477500005,2025-05-12,74
2025-05-12 18:30:00,2025-12-05 18:30:00,1400.02,3.2732,652.66,3.076,715.41,3.53,7.15,4.750520000000001,224.37,4.75284,0.3,6.2,75.69,2.8225,3075.6,3073.44,2607845.2194499997,1345.66,,11.12,1356.78,1.238,419923.41,4432.38,4430.22,4473.05,-40.67000000000007,42.82999999999993,3027768.62945,2025-05-12,75
2025-05-12 18:45:00,2025-12-05 18:45:00,1400.02,3.2732,652.66,3.076,715.41,3.53,-58.52,7.70984,340.02,6.000859999999999,0.0,6.2,53.46,2.8225,3103.0499999999997,3084.21,2713912.0885999994,1565.6000000000004,,11.28,1576.8800000000003,1.238,488044.3600000001,4679.93,4661.09,4714.54,-34.60999999999967,53.44999999999982,3201956.4486,2025-05-12,76
2025-05-12 19:00:00,2025-12-05 19:00:00,1400.02,3.2732,466.66,3.076,715.41,3.53,-145.71,10.0,521.91,10.0,0.0,6.2,42.99,2.8225,3001.2799999999997,3175.73,3106682.04975,1630.5500000000002,,11.389999999999999,1641.9400000000003,1.238,508180.43000000005,4643.22,4817.67,4865.07,-221.84999999999945,47.399999999999636,3614862.47975,2025-05-12,77
2025-05-12 19:15:00,2025-12-05 19:15:00,1400.02,3.2732,452.66,3.076,715.41,3.53,-151.9,10.0,471.95,10.0,0.0,6.2,36.91,2.8225,2925.0499999999997,3186.84,2951250.84975,1631.02,,10.72,1641.74,1.238,508118.53,4566.79,4828.58,4879.24,-312.4499999999998,50.659999999999854,3459369.3797500003,2025-05-12,78
2025-05-12 19:30:00,2025-12-05 19:30:00,1400.02,3.2732,452.66,3.076,668.97,3.53,-151.9,10.0,567.9,10.0,0.0,6.2,34.63,2.8225,2972.28,3170.78,3148533.72475,1637.31,,9.299999999999999,1646.61,1.238,509625.795,4618.89,4817.39,4866.86,-247.96999999999935,49.469999999999345,3658159.51975,2025-05-12,79
2025-05-12 19:45:00,2025-12-05 19:45:00,1400.02,3.2732,452.66,3.076,665.41,3.53,-151.9,10.0,533.66,10.0,0.0,6.2,32.56,2.8225,2932.41,3164.55,3058331.381,1639.3700000000001,,9.17,1648.5400000000002,1.238,510223.13000000006,4580.95,4813.09,4862.73,-281.77999999999975,49.63999999999942,3568554.511,2025-05-12,80
2025-05-12 20:00:00,2025-12-05 20:00:00,1403.68,3.2732,452.66,3.076,665.41,3.53,-151.9,10.0,636.48,10.0,0.0,6.2,31.28,2.8225,3037.61,3181.82,3317473.1589999995,1629.41,,9.93,1639.3400000000001,1.238,507375.73000000004,4676.950000000001,4821.16,4866.64,-189.6899999999996,45.48000000000047,3824848.8889999995,2025-05-12,81
2025-05-12 20:15:00,2025-12-05 20:15:00,1406.58,3.2732,452.66,3.076,665.41,3.53,-151.9,10.0,647.57,10.0,0.0,6.2,30.08,2.8225,3050.4,3172.86,3346724.479,1629.2900000000002,,10.17,1639.4600000000003,1.238,507412.87000000005,4689.860000000001,4812.320000000001,4860.87,-171.0099999999993,48.54999999999927,3854137.349,2025-05-12,82
2025-05-12 20:30:00,2025-12-05 20:30:00,1407.86,3.2732,452.66,3.076,665.41,3.53,-151.9,10.0,724.63,10.0,0.0,6.2,28.88,2.8225,3127.54,3147.88,3539575.153,1633.3100000000002,,10.48,1643.7900000000002,1.238,508753.005,4771.33,4791.67,4837.94,-66.60999999999967,46.26999999999953,4048328.158,2025-05-12,83
2025-05-12 20:45:00,2025-12-05 20:45:00,1408.01,3.2732,452.66,3.076,665.41,3.53,-151.9,10.0,717.66,10.0,0.0,6.2,27.96,2.8225,3119.7999999999997,3162.52,3521623.723,1621.3700000000001,,10.73,1632.1000000000001,1.238,505134.95000000007,4751.9,4794.62,4846.65,-94.75,52.029999999999745,4026758.6730000004,2025-05-12,84
2025-05-12 21:00:00,2025-12-05 21:00:00,1408.02,3.2732,452.66,3.076,665.41,3.53,-151.9,10.0,936.79,10.0,0.0,6.2,27.34,2.8225,3338.32,3324.92,4069019.4185,1488.16,,9.78,1497.94,1.238,463612.43,4836.26,4822.860000000001,4882.58,-46.31999999999971,59.719999999999345,4532631.8485,2025-05-12,85
2025-05-12 21:15:00,2025-12-05 21:15:00,1408.02,3.2732,452.66,3.076,665.41,3.53,-151.9,10.0,1026.38,10.0,0.0,6.2,26.75,2.8225,3427.32,3441.2,4292578.099750001,1442.39,,9.28,1451.67,1.238,449291.86500000005,4878.99,4892.87,4941.21,-62.220000000000255,48.340000000000146,4741869.964750001,2025-05-12,86
2025-05-12 21:30:00,2025-12-05 21:30:00,1408.02,3.2732,452.66,3.076,665.41,3.53,-151.9,10.0,1082.46,10.0,0.0,6.2,26.14,2.8225,3482.79,3469.67,4432347.668500001,1466.3700000000003,,8.379999999999999,1474.7500000000005,1.238,456435.1250000001,4957.540000000001,4944.42,4995.43,-37.88999999999942,51.01000000000022,4888782.793500001,2025-05-12,87
2025-05-12 21:45:00,2025-12-05 21:45:00,1408.02,3.2732,452.66,3.076,665.41,3.53,-151.9,10.0,1027.12,10.0,0.0,6.2,25.82,2.8225,3427.13,3435.02,4293771.868500001,1582.2100000000003,,8.790000000000001,1591.0000000000002,1.238,492414.5000000001,5018.13,5026.02,5074.57,-56.4399999999996,48.54999999999927,4786186.368500001,2025-05-12,88
2025-05-12 22:00:00,2025-12-05 22:00:00,1410.01,3.2732,452.66,3.076,665.41,3.53,-151.9,10.0,714.0,10.0,0.0,6.2,25.52,2.8225,3115.7,3418.88,3512388.598,1636.0100000000004,,7.95,1643.9600000000005,1.238,508805.62000000017,4759.66,5062.84,5115.34,-355.6800000000003,52.5,4021194.2180000003,2025-05-12,89
2025-05-12 22:15:00,2025-12-05 22:15:00,1410.39,3.2732,452.66,3.076,665.41,3.53,-151.9,10.0,678.87,10.0,0.0,6.2,25.5,2.8225,3080.93,3467.72,3424860.4395,1636.2000000000003,,7.28,1643.4800000000002,1.238,508657.06000000006,4724.41,5111.2,5165.05,-440.6400000000003,53.850000000000364,3933517.4995,2025-05-12,90
2025-05-12 22:30:00,2025-12-05 22:30:00,1410.41,3.2732,452.66,3.076,665.41,3.53,-151.9,10.0,805.35,10.0,0.0,6.2,25.22,2.8225,3207.1499999999996,3487.29,3740879.2305,1627.7500000000005,,8.530000000000001,1636.2800000000004,1.238,506428.66000000015,4843.43,5123.570000000001,5172.17,-328.7399999999998,48.599999999999454,4247307.8905,2025-05-12,91
2025-05-12 22:45:00,2025-12-05 22:45:00,1408.61,3.2732,452.66,3.076,665.41,3.53,-151.9,10.0,771.45,10.0,0.0,6.2,25.2,2.8225,3171.4299999999994,3458.67,3654642.178,1622.8300000000002,,10.549999999999999,1633.38,1.238,505531.11,4804.8099999999995,5092.05,5139.36,-334.5500000000002,47.30999999999949,4160173.2879999997,2025-05-12,92
2025-05-12 23:00:00,2025-12-05 23:00:00,1408.46,3.2732,452.66,3.076,665.41,3.53,-151.9,10.0,931.31,10.0,0.0,6.2,27.44,2.8225,3333.38,3418.06,4055750.033,1626.6800000000003,,10.0,1636.6800000000003,1.238,506552.46000000014,4970.06,5054.74,5103.22,-133.15999999999985,48.48000000000047,4562302.493,2025-05-12,93
2025-05-12 23:15:00,2025-12-05 23:15:00,1408.46,3.2732,452.66,3.076,665.41,3.53,-151.9,10.0,896.66,10.0,0.0,6.2,29.56,2.8225,3300.85,3375.35,3970620.9580000006,1628.19,,10.110000000000001,1638.3,1.238,507053.85,4939.15,5013.65,5060.88,-121.73000000000047,47.23000000000047,4477674.808,2025-05-12,94
2025-05-12 23:30:00,2025-12-05 23:30:00,1408.38,3.2732,452.66,3.076,711.85,3.53,-151.9,10.0,694.83,10.0,0.0,6.2,31.94,2.8225,3147.76,3293.93,3508643.1814999995,1630.0300000000002,,10.71,1640.7400000000002,1.238,507809.0300000001,4788.5,4934.67,4983.05,-194.55000000000018,48.38000000000011,4016452.2114999997,2025-05-12,95
2025-05-12 23:45:00,2025-12-05 23:45:00,1408.37,3.2732,452.66,3.076,715.41,3.53,-151.9,10.0,737.88,10.0,0.0,6.2,34.6,2.8225,3197.02,3230.72,3621278.661,1624.1100000000001,,9.12,1633.23,1.238,505484.685,4830.25,4863.95,4916.52,-86.27000000000044,52.57000000000062,4126763.346,2025-05-12,96
