ts_ist,Time,SYSTEM.ID_GEN_MW.MEAS.MW (Idukki),STTN.TOTAL_GEN_MW.MEAS.MW (Kakkad) - Level 2 of Sabrigiri,SYSTEM.PO_GEN_MW.MEAS.MW (Poringal) - Level 2 of Sholayar,STTN.TOTAL_GEN_MW.MEAS.MW (Sengulam) - Level 2 of Pallivasal,Total Hydro (With Pump),STTN.TOTAL_GEN_MW.MEAS.MW (Sholayar) - Level 1  (not a pumped storage),STTN.TOTAL_GEN_MW.MEAS.MW (Sbarigiri) - Level 1 ,SYSTEM.IM_GEN_MW.MEAS.MW (Idamalayar),STTN.TOTAL_GEN_MW.MEAS.MW (Kakkayam),STTN.TOTAL_GEN_MW.MEAS.MW (Lower Periyar),SYSTEM.NR_GEN_MW.MEAS.MW (Neriamangalam),SYSTEM.PL_GEN_MW.MEAS.MW (Pallivasal) - Level 1,SYSTEM.PN_GEN_MW.MEAS.MW (Panniyar),STTN.TOTAL_GEN_MW.MEAS.MW (Kallada),STTN.TOTAL_GEN_MW.MEAS.MW (Barapole),STTN.TOTAL_GEN_MW.MEAS.MW (Vilangadu),STTN.TOTAL_GEN_MW.MEAS.MW (Poozhithode),STTN.TOTAL_GEN_MW.MEAS.MW (Urumi),STTN.TOTAL_GEN_MW.MEAS.MW (Malankara),STTN.TOTAL_GEN_MW.MEAS.MW (Chembukadavu),Total Hydro (Without Pump),Hydel total
2025-05-05 00:00:00,2025-05-05 00:00:00,-715.11,35.86,66.89,33.34,851.2,54.25,268.4,-55.29,191.59,115.59,-56.25,0,-30.89,10.42,0,0,0,0,4.72,0,787.4,1638.6
2025-05-05 00:15:00,2025-05-05 00:15:00,-684.21,35.87,63.45,25.67,809.2,54.25,266.24,-55.27,190.28,115.49,-55.89,0,-30.88,10.42,0,0,0,0,4.72,0,783.4399999999999,1592.6399999999999
2025-05-05 00:30:00,2025-05-05 00:30:00,-685.33,35.86,31.92,25.65,778.76,54.26,267.03,-55.28,190.4,115.39,-55.95,0,-30.88,10.41,0,0,0,0,4.72,0,784.3199999999999,1563.08
2025-05-05 00:45:00,2025-05-05 00:45:00,-687.02,35.84,12.0,25.65,760.51,54.26,267.76,-55.29,190.68,115.28,-56.04,0,-30.88,10.41,0,0,0,0,4.72,0,785.3199999999999,1545.83
2025-05-05 01:00:00,2025-05-05 01:00:00,-703.57,35.87,12.0,17.95,769.3900000000001,54.27,271.2,-55.3,193.7,91.42,-57.02,0,-30.9,10.42,0,0,0,0,4.72,0,768.9499999999999,1538.3400000000001
2025-05-05 01:15:00,2025-05-05 01:15:00,-723.14,35.89,12.0,12.79,783.8199999999999,54.24,272.66,-55.33,194.51,47.22,-58.29,0,-30.89,10.41,0,0,0,0,4.72,0,728.27,1512.09
2025-05-05 01:30:00,2025-05-05 01:30:00,-716.72,35.88,12.0,11.43,776.03,54.26,272.59,-55.29,153.76,47.92,-57.69,0,-30.87,10.4,0,0,0,0,4.72,0,687.5,1463.53
2025-05-05 01:45:00,2025-05-05 01:45:00,-710.01,35.88,12.0,6.42,764.31,54.25,272.28,-55.27,111.91,48.04,-57.27,0,-30.86,10.4,0,0,0,0,4.72,0,644.9999999999999,1409.31
2025-05-05 02:00:00,2025-05-05 02:00:00,-727.74,35.91,12.0,6.41,782.06,54.25,272.56,-55.25,95.26,47.99,-57.34,0,-30.88,10.4,0,0,0,0,4.72,0,628.65,1410.71
2025-05-05 02:15:00,2025-05-05 02:15:00,-724.0,35.91,12.0,6.4,778.31,54.26,270.97,-55.22,94.51,47.95,-57.02,0,-30.88,10.4,0,0,0,0,4.72,0,625.9300000000001,1404.24
2025-05-05 02:30:00,2025-05-05 02:30:00,-552.41,35.92,12.0,6.36,606.6899999999999,54.26,272.76,-55.22,43.34,48.04,-57.74,0,-30.85,10.41,0,0,0,0,4.72,0,577.34,1184.03
2025-05-05 02:45:00,2025-05-05 02:45:00,-547.37,35.93,12.0,6.35,601.65,54.24,272.55,-55.22,0.0,48.03,-57.64,0,-30.86,10.4,0,0,0,0,4.72,0,533.66,1135.31
2025-05-05 03:00:00,2025-05-05 03:00:00,-530.1,35.9,12.0,2.86,580.86,54.25,270.8,-55.17,0.0,47.93,-56.76,0,-30.86,10.4,0,0,0,0,4.72,0,530.89,1111.75
2025-05-05 03:15:00,2025-05-05 03:15:00,-507.85,35.91,12.0,0.0,555.76,35.0,269.96,-55.19,0.0,47.88,-56.57,0,-30.84,10.4,0,0,0,0,4.72,0,510.55999999999995,1066.32
2025-05-05 03:30:00,2025-05-05 03:30:00,-483.25,35.92,12.0,0.0,531.17,30.13,269.44,-55.18,0.0,47.84,-56.51,0,-30.86,10.4,0,0,0,0,4.72,0,505.08000000000004,1036.25
2025-05-05 03:45:00,2025-05-05 03:45:00,-467.9,35.92,12.0,0.0,515.8199999999999,30.11,270.18,-55.19,0.0,47.95,-56.6,0,-30.85,10.4,0,0,0,0,4.72,0,506.00000000000006,1021.8199999999999
2025-05-05 04:00:00,2025-05-05 04:00:00,-372.34,35.93,12.0,0.0,420.27,30.13,270.35,-48.97,0.0,47.94,-56.71,0,-30.84,10.4,0,0,0,0,4.72,0,500.06,920.3299999999999
2025-05-05 04:15:00,2025-05-05 04:15:00,-317.81,35.95,12.0,0.0,365.76,30.14,270.8,-47.25,0.0,48.01,-56.86,0,-30.83,10.4,0,0,0,0,4.72,0,499.01,864.77
2025-05-05 04:30:00,2025-05-05 04:30:00,-311.91,35.96,12.0,0.0,359.87,30.14,272.04,-47.23,0.0,48.05,-57.46,0,-30.84,10.4,0,0,0,0,4.72,0,500.88,860.75
2025-05-05 04:45:00,2025-05-05 04:45:00,-244.99,36.0,12.0,0.0,292.99,30.13,272.46,-54.47,0.0,48.1,-57.63,0,-30.82,10.4,0,0,0,0,4.72,0,508.72999999999996,801.72
2025-05-05 05:00:00,2025-05-05 05:00:00,-232.32,36.01,12.0,0.0,280.33,30.13,272.51,-55.28,0.0,48.12,-57.9,0,-30.82,10.4,0,0,0,0,4.72,0,509.87999999999994,790.2099999999999
2025-05-05 05:15:00,2025-05-05 05:15:00,-231.23,36.06,12.0,0.0,279.28999999999996,30.13,272.62,-55.31,0.0,48.17,-58.29,0,-30.81,10.4,0,0,0,0,4.72,0,510.45000000000005,789.74
2025-05-05 05:30:00,2025-05-05 05:30:00,-219.54,36.07,12.0,0.0,267.61,30.14,272.11,-55.31,0.0,48.14,-57.46,0,-30.8,10.4,0,0,0,0,4.72,0,509.08,776.69
2025-05-05 05:45:00,2025-05-05 05:45:00,-276.49,36.06,12.0,0.0,324.55,39.34,271.23,-55.29,0.0,48.14,-56.84,0,-30.81,10.4,0,0,0,0,4.72,0,516.7700000000001,841.3200000000002
2025-05-05 06:00:00,2025-05-05 06:00:00,-293.59,36.07,12.0,0.0,341.65999999999997,54.24,269.87,-55.27,0.0,47.91,-56.54,0,-30.81,10.4,0,0,0,0,4.72,0,529.76,871.42
2025-05-05 06:15:00,2025-05-05 06:15:00,-293.75,36.08,12.0,0.0,341.83,54.25,270.47,-55.25,0.0,48.16,-56.54,0,-30.79,10.39,0,0,0,0,4.72,0,530.57,872.4000000000001
2025-05-05 06:30:00,2025-05-05 06:30:00,-307.65,36.07,12.0,0.0,355.71999999999997,54.23,271.56,-55.28,0.0,48.15,-56.88,0,-30.8,10.39,0,0,0,0,4.72,0,532.01,887.73
2025-05-05 06:45:00,2025-05-05 06:45:00,-250.29,36.08,12.0,0.0,298.37,52.77,270.16,-55.27,0.0,48.14,-56.58,0,-30.78,10.4,0,0,0,0,4.72,0,528.8199999999999,827.1899999999999
2025-05-05 07:00:00,2025-05-05 07:00:00,-257.09,36.09,12.0,0.0,305.17999999999995,30.08,272.01,-55.3,0.0,48.18,-57.17,0,-30.82,10.4,0,0,0,0,4.72,0,508.68,813.8599999999999
2025-05-05 07:15:00,2025-05-05 07:15:00,-251.28,36.1,12.0,0.0,299.38,36.15,271.69,-55.3,0.0,48.19,-56.88,0,-30.79,10.39,0,0,0,0,4.72,0,514.11,813.49
2025-05-05 07:30:00,2025-05-05 07:30:00,-221.26,36.11,12.0,0.0,269.37,21.21,218.43,-41.2,0.0,11.81,-33.7,0,-30.79,10.39,0,0,0,0,4.72,0,372.25000000000006,641.6200000000001
2025-05-05 07:45:00,2025-05-05 07:45:00,-252.75,36.09,12.0,0.0,300.84000000000003,20.1,212.54,-40.78,0.0,0.0,-23.91,0,-30.8,10.39,0,0,0,0,4.72,0,343.24,644.08
2025-05-05 08:00:00,2025-05-05 08:00:00,-268.53,36.05,12.0,0.0,316.58,20.1,215.27,-40.79,0.0,0.0,-3.85,0,-30.75,10.39,0,0,0,0,4.72,0,325.87000000000006,642.45
2025-05-05 08:15:00,2025-05-05 08:15:00,-264.17,36.01,12.0,0.0,312.18,20.11,214.57,-40.81,0.0,0.0,0.0,0,-30.75,10.38,0,0,0,0,4.72,0,321.34000000000003,633.52
2025-05-05 08:30:00,2025-05-05 08:30:00,-257.77,35.98,12.0,0.0,305.75,20.11,215.23,-40.8,0.0,0.0,0.0,0,-30.76,6.7,0,0,0,0,4.72,0,318.32,624.0699999999999
2025-05-05 08:45:00,2025-05-05 08:45:00,-225.2,35.93,12.0,0.0,273.13,20.11,212.21,-40.8,0.0,0.0,0.0,0,-30.75,5.65,0,0,0,0,4.72,0,314.24,587.37
2025-05-05 09:00:00,2025-05-05 09:00:00,-196.85,35.9,12.0,0.0,244.75,20.11,267.79,-40.78,0.0,0.0,0.0,0,-30.75,5.64,0,0,0,0,4.72,0,369.7900000000001,614.5400000000001
2025-05-05 09:15:00,2025-05-05 09:15:00,-174.18,35.84,12.0,0.0,222.02,20.1,263.78,-40.72,0.0,0.0,0.0,0,-30.74,5.63,0,0,0,0,4.72,0,365.69000000000005,587.71
2025-05-05 09:30:00,2025-05-05 09:30:00,-216.98,35.9,12.0,0.0,264.88,20.11,270.24,-40.77,0.0,0.0,0.0,0,-30.77,5.63,0,0,0,0,4.72,0,372.24,637.12
2025-05-05 09:45:00,2025-05-05 09:45:00,-368.02,35.92,12.0,0.0,415.94,20.09,270.18,-40.76,0.0,0.0,0.0,0,-30.75,5.63,0,0,0,0,4.72,0,372.13,788.0699999999999
2025-05-05 10:00:00,2025-05-05 10:00:00,-250.38,35.94,12.0,0.0,298.32,20.12,227.55,-40.76,0.0,0.0,0.0,0,-30.78,5.64,0,0,0,0,4.72,0,329.57000000000005,627.8900000000001
2025-05-05 10:15:00,2025-05-05 10:15:00,-349.4,35.9,12.0,0.0,397.29999999999995,20.11,212.38,-40.76,0.0,0.0,0.0,0,-30.77,5.63,0,0,0,0,4.72,0,314.37,711.67
2025-05-05 10:30:00,2025-05-05 10:30:00,-321.04,35.88,12.0,0.0,368.92,20.1,247.42,-40.79,0.0,0.0,0.0,0,-30.78,5.63,0,0,0,0,4.72,0,349.44000000000005,718.3600000000001
2025-05-05 10:45:00,2025-05-05 10:45:00,-306.93,35.89,12.0,9.34,364.15999999999997,19.89,274.9,-22.03,0.0,0.0,0.0,0,-30.8,5.63,0,0,0,0,4.72,0,357.96999999999997,722.1299999999999
2025-05-05 11:00:00,2025-05-05 11:00:00,-298.09,35.91,12.0,12.69,358.69,20.1,274.85,-20.5,0.0,0.0,0.0,0,-30.82,5.63,0,0,0,0,4.72,0,356.62000000000006,715.3100000000001
2025-05-05 11:15:00,2025-05-05 11:15:00,-137.92,35.92,12.0,12.68,198.51999999999998,20.1,222.08,-20.51,0.0,0.0,0.0,0,-30.8,5.63,0,0,0,0,4.72,0,303.84000000000003,502.36
2025-05-05 11:30:00,2025-05-05 11:30:00,-129.96,35.88,12.0,12.67,190.51,20.11,221.35,-20.49,0.0,0.0,0.0,0,-30.79,5.63,0,0,0,0,3.56,0,301.93,492.44
2025-05-05 11:45:00,2025-05-05 11:45:00,-131.57,35.85,12.0,12.67,192.08999999999997,20.11,246.54,-20.5,0.0,0.0,0.0,0,-30.78,5.62,0,0,0,0,0.0,0,323.54999999999995,515.6399999999999
2025-05-05 12:00:00,2025-05-05 12:00:00,-124.0,35.84,12.0,12.66,184.5,20.11,269.04,-20.48,0.0,0.0,0.0,0,-30.79,5.63,0,0,0,0,0.0,0,346.05000000000007,530.5500000000001
2025-05-05 12:15:00,2025-05-05 12:15:00,-158.59,35.84,12.0,12.64,219.07,20.1,273.77,-20.48,0.0,0.0,0.0,0,-30.79,5.63,0,0,0,0,0.0,0,350.77000000000004,569.84
2025-05-05 12:30:00,2025-05-05 12:30:00,-146.18,35.84,12.0,12.64,206.66000000000003,20.1,272.36,-20.48,0.0,0.0,0.0,0,-30.76,5.62,0,0,0,0,0.0,0,349.32000000000005,555.98
2025-05-05 12:45:00,2025-05-05 12:45:00,-120.07,35.84,12.0,12.64,180.55,20.1,268.77,-20.49,0.0,0.0,0.0,0,-30.75,5.62,0,0,0,0,0.0,0,345.73,526.28
2025-05-05 13:00:00,2025-05-05 13:00:00,-122.35,35.76,12.0,12.63,182.73999999999998,20.1,200.14,-20.67,0.0,0.0,0.0,0,-30.78,5.62,0,0,0,0,0.0,0,277.30999999999995,460.04999999999995
2025-05-05 13:15:00,2025-05-05 13:15:00,-133.87,35.77,12.0,14.73,196.37,20.11,180.96,-20.72,0.0,0.0,0.0,0,-30.83,5.63,0,0,0,0,0.0,0,258.25,454.62
2025-05-05 13:30:00,2025-05-05 13:30:00,-553.82,35.73,12.0,19.06,620.61,20.1,184.14,-20.7,0.0,0.0,0.0,0,-30.83,5.63,0,0,0,0,0.0,0,261.4,882.01
2025-05-05 13:45:00,2025-05-05 13:45:00,-586.5,35.65,12.0,19.09,653.24,30.85,192.16,-20.69,0.0,0.0,0.0,0,-30.84,5.62,0,0,0,0,0.0,0,280.15999999999997,933.4
2025-05-05 14:00:00,2025-05-05 14:00:00,-560.8,35.66,12.0,19.11,627.5699999999999,36.17,243.3,-24.31,0.0,0.0,-12.53,0,-30.87,5.62,0,0,0,0,0.0,0,352.8,980.3699999999999
2025-05-05 14:15:00,2025-05-05 14:15:00,-616.05,35.67,12.0,24.77,688.4899999999999,36.17,245.53,-29.31,0.0,0.0,-24.6,0,-30.89,5.63,0,0,0,0,0.0,0,372.13,1060.62
2025-05-05 14:30:00,2025-05-05 14:30:00,-622.57,35.67,12.0,25.31,695.55,36.16,245.91,-39.91,0.0,0.0,-24.62,0,-30.88,5.64,0,0,0,0,0.0,0,383.12,1078.67
2025-05-05 14:45:00,2025-05-05 14:45:00,-620.26,35.64,12.0,25.32,693.22,36.16,245.6,-49.42,0.0,0.0,-24.59,0,-30.89,5.62,0,0,0,0,0.0,0,392.28,1085.5
2025-05-05 15:00:00,2025-05-05 15:00:00,-620.62,35.65,12.0,25.31,693.5799999999999,36.17,245.99,-49.46,0.25,0.0,-24.54,0,-30.88,5.63,0,0,0,0,0.0,0,392.92,1086.5
2025-05-05 15:15:00,2025-05-05 15:15:00,-625.78,35.65,12.0,25.33,698.76,36.17,250.85,-50.41,39.13,0.0,-24.66,0,-30.89,5.62,0,0,0,0,0.0,0,437.72999999999996,1136.49
2025-05-05 15:30:00,2025-05-05 15:30:00,-614.77,35.62,12.0,25.34,687.73,36.16,274.13,-55.25,64.97,0.0,-24.69,0,-30.88,5.62,0,0,0,0,0.0,0,491.7,1179.43
2025-05-05 15:45:00,2025-05-05 15:45:00,-613.06,35.63,12.0,25.29,685.9799999999999,36.16,274.13,-55.24,96.31,0.0,-24.55,0,-30.88,5.63,0,0,0,0,0.0,0,522.9,1208.8799999999999
2025-05-05 16:00:00,2025-05-05 16:00:00,-450.7,35.63,12.01,16.43,514.77,36.16,237.06,-55.24,96.48,0.0,-24.31,0,-30.85,5.63,0,0,0,0,0.0,0,485.7300000000001,1000.5
2025-05-05 16:15:00,2025-05-05 16:15:00,-364.84,35.61,24.0,12.75,437.2,36.15,263.34,-55.22,96.12,0.0,-24.26,0,-30.82,5.63,0,0,0,0,0.0,0,511.5399999999999,948.7399999999999
2025-05-05 16:30:00,2025-05-05 16:30:00,-221.32,35.62,15.23,12.72,284.89000000000004,36.18,273.53,-55.23,95.62,0.0,-24.1,0,-30.83,5.62,0,0,0,0,0.0,0,521.11,806.0
2025-05-05 16:45:00,2025-05-05 16:45:00,-224.81,35.63,12.0,12.71,285.15,36.09,274.02,-55.22,97.81,0.0,-24.46,0,-30.82,5.62,0,0,0,0,0.0,0,524.0400000000001,809.19
2025-05-05 17:00:00,2025-05-05 17:00:00,-212.66,35.61,12.0,12.64,272.90999999999997,46.14,273.59,-55.23,96.27,0.0,-24.3,0,-30.83,5.62,0,0,0,0,0.0,0,531.98,804.89
2025-05-05 17:15:00,2025-05-05 17:15:00,-325.45,35.6,12.0,12.65,385.7,46.11,273.34,-55.22,100.56,0.0,-24.19,0,-30.82,5.61,0,0,0,0,0.0,0,535.85,921.55
2025-05-05 17:30:00,2025-05-05 17:30:00,-338.43,35.63,12.0,12.63,398.69,54.21,271.25,-55.23,119.16,0.0,-23.7,0,-30.84,5.61,0,0,0,0,0.0,0,560.0000000000001,958.69
2025-05-05 17:45:00,2025-05-05 17:45:00,-282.25,35.61,12.0,12.62,342.48,54.2,265.7,-55.2,114.42,0.0,-24.41,0,-30.81,5.07,0,0,0,0,0.0,0,549.81,892.29
2025-05-05 18:00:00,2025-05-05 18:00:00,-172.36,35.58,12.0,15.68,235.62,54.23,253.8,-55.16,109.95,0.0,-33.45,0,-30.86,0.0,0,0,0,0,0.0,0,537.45,773.07
2025-05-05 18:15:00,2025-05-05 18:15:00,-240.22,35.59,12.0,19.02,306.83,54.22,265.03,-55.2,124.52,14.33,-54.44,0,-30.84,0.0,0,0,0,0,0.0,0,598.58,905.4100000000001
2025-05-05 18:30:00,2025-05-05 18:30:00,-370.56,35.6,37.83,21.44,465.43,54.22,259.7,-55.18,133.87,73.63,-54.75,0,-30.87,0.0,0,0,0,0,0.0,0,662.2199999999999,1127.6499999999999
2025-05-05 18:45:00,2025-05-05 18:45:00,-559.94,35.64,63.8,39.25,698.63,54.22,267.66,-55.2,172.31,107.31,-56.48,0,-30.89,0.0,0,0,0,0,0.0,0,744.07,1442.7
2025-05-05 19:00:00,2025-05-05 19:00:00,-537.38,35.65,67.0,50.48,690.51,54.23,261.88,-55.17,183.9,96.5,-55.22,0,-30.92,4.21,0,0,0,0,0.0,0,742.0300000000001,1432.54
2025-05-05 19:15:00,2025-05-05 19:15:00,-572.08,35.8,67.0,50.63,725.51,54.22,268.22,-55.2,188.64,90.39,-56.59,0,-30.93,5.12,0,0,0,0,0.0,0,749.31,1474.82
2025-05-05 19:30:00,2025-05-05 19:30:00,-575.7,35.86,67.0,50.62,729.1800000000001,54.23,272.66,-55.21,192.39,90.37,-57.77,0,-30.94,5.12,0,0,0,0,0.0,0,758.69,1487.8700000000001
2025-05-05 19:45:00,2025-05-05 19:45:00,-587.74,35.88,67.0,50.65,741.27,54.21,270.17,-55.18,190.26,90.3,-56.98,0,-30.93,5.12,0,0,0,0,0.0,0,753.1499999999999,1494.4199999999998
2025-05-05 20:00:00,2025-05-05 20:00:00,-545.58,35.88,67.0,50.65,699.11,54.23,268.59,-55.17,188.8,90.26,-56.67,0,-30.93,5.12,0,0,0,0,0.0,0,749.7699999999999,1448.8799999999999
2025-05-05 20:15:00,2025-05-05 20:15:00,-517.05,35.87,67.0,50.64,670.56,54.22,271.28,-55.17,191.29,90.26,-57.36,0,-30.93,5.12,0,0,0,0,0.0,0,755.63,1426.19
2025-05-05 20:30:00,2025-05-05 20:30:00,-585.39,35.89,67.0,50.66,738.9399999999999,54.22,272.54,-55.18,192.9,90.3,-58.23,0,-30.94,5.12,0,0,0,0,0.0,0,759.4300000000001,1498.37
2025-05-05 20:45:00,2025-05-05 20:45:00,-605.7,35.88,67.0,50.67,759.25,54.22,272.6,-55.2,193.3,90.27,-58.59,0,-30.94,5.12,0,0,0,0,0.0,0,760.2400000000001,1519.4900000000002
2025-05-05 21:00:00,2025-05-05 21:00:00,-610.13,35.88,67.0,50.71,763.72,54.22,272.55,-55.22,194.03,90.24,-58.45,0,-30.94,5.2,0,0,0,0,0.0,0,760.8500000000001,1524.5700000000002
2025-05-05 21:15:00,2025-05-05 21:15:00,-592.03,35.9,67.0,28.65,723.5799999999999,54.23,271.98,-55.18,190.99,90.13,-57.41,0,-30.88,10.29,0,0,0,0,0.0,0,761.09,1484.67
2025-05-05 21:30:00,2025-05-05 21:30:00,-601.62,35.92,67.0,25.77,730.31,54.24,272.68,-55.22,193.38,102.23,-58.0,0,-30.9,10.3,0,0,0,0,0.0,0,776.9499999999999,1507.2599999999998
2025-05-05 21:45:00,2025-05-05 21:45:00,-601.22,35.9,67.0,25.76,729.88,54.22,272.69,-55.16,193.13,117.27,-57.81,0,-30.87,10.31,0,0,0,0,0.0,0,791.4599999999999,1521.34
2025-05-05 22:00:00,2025-05-05 22:00:00,-618.37,35.94,67.0,35.66,756.9699999999999,54.23,272.7,-55.17,195.41,117.0,-58.57,0,-30.94,10.31,0,0,0,0,0.0,0,794.33,1551.3
2025-05-05 22:15:00,2025-05-05 22:15:00,-689.49,35.93,67.0,50.74,843.16,54.21,272.78,-55.13,190.27,116.86,-58.06,0,-30.89,10.32,0,0,0,0,0.0,0,788.52,1631.6799999999998
2025-05-05 22:30:00,2025-05-05 22:30:00,-528.21,35.95,67.0,50.69,681.8500000000001,54.23,272.75,-55.16,192.25,116.77,-58.07,0,-30.91,10.3,0,0,0,0,0.0,0,790.4399999999999,1472.29
2025-05-05 22:45:00,2025-05-05 22:45:00,-408.61,35.97,67.0,50.75,562.33,54.22,272.43,-55.18,194.22,116.69,-58.57,0,-30.93,10.31,0,0,0,0,0.0,0,792.55,1354.88
2025-05-05 23:00:00,2025-05-05 23:00:00,-518.42,35.98,67.0,50.75,672.15,54.23,272.55,-55.2,196.36,116.65,-58.59,0,-30.95,10.3,0,0,0,0,0.0,0,794.83,1466.98
2025-05-05 23:15:00,2025-05-05 23:15:00,-675.96,35.95,67.0,50.78,829.69,54.23,272.6,-55.19,194.72,116.57,-58.25,0,-30.93,10.31,0,0,0,0,0.0,0,792.7999999999998,1622.4899999999998
2025-05-05 23:30:00,2025-05-05 23:30:00,-669.82,35.95,67.0,34.31,807.0800000000002,54.22,272.57,-55.21,192.11,116.43,-57.5,0,-30.96,10.29,0,0,0,0,0.0,0,789.29,1596.3700000000001
2025-05-05 23:45:00,2025-05-05 23:45:00,-714.21,35.94,67.0,25.69,842.8400000000001,54.23,272.62,-55.21,190.89,116.31,-56.99,0,-31.01,10.29,0,0,0,0,0.0,0,787.55,1630.39
2025-05-06 00:00:00,2025-06-05 00:00:00,-733.97,35.98,65.06,35.05,870.06,54.23,272.78,-55.21,192.57,116.22,-57.37,0,-31.04,10.28,0,0,0,0,0.0,0,789.6999999999999,1659.7599999999998
2025-05-06 00:15:00,2025-06-05 00:15:00,-728.66,35.96,12.0,38.13,814.75,54.23,272.71,-55.18,188.62,116.07,-56.77,0,-31.04,10.28,0,0,0,0,0.0,0,784.8999999999999,1599.6499999999999
2025-05-06 00:30:00,2025-06-05 00:30:00,-733.65,36.0,12.0,38.16,819.81,54.23,272.85,-55.19,189.65,116.01,-56.82,0,-31.04,10.28,0,0,0,0,0.0,0,786.07,1605.88
2025-05-06 00:45:00,2025-06-05 00:45:00,-735.04,36.03,12.0,35.07,818.14,54.22,272.76,-55.16,190.66,115.92,-56.91,0,-31.03,10.3,0,0,0,0,0.0,0,786.9599999999998,1605.1
2025-05-06 01:00:00,2025-06-05 01:00:00,-731.89,36.04,12.0,21.41,801.3399999999999,54.22,272.62,-55.14,189.21,115.8,-56.74,0,-31.01,10.3,0,0,0,0,0.0,0,785.04,1586.3799999999999
2025-05-06 01:15:00,2025-06-05 01:15:00,-733.31,36.04,12.0,19.17,800.5199999999999,54.22,272.8,-55.11,138.06,103.23,-56.64,0,-31.02,10.3,0,0,0,0,0.0,0,721.38,1521.8999999999999
2025-05-06 01:30:00,2025-06-05 01:30:00,-734.53,36.04,12.0,19.22,801.79,54.22,272.78,-55.14,78.81,90.05,-56.76,0,-31.01,10.3,0,0,0,0,0.0,0,649.0699999999999,1450.86
2025-05-06 01:45:00,2025-06-05 01:45:00,-733.32,36.04,12.0,19.21,800.57,54.22,272.79,-55.15,65.63,90.97,-56.55,0,-31.01,10.3,0,0,0,0,0.0,0,636.6199999999999,1437.19
2025-05-06 02:00:00,2025-06-05 02:00:00,-736.61,36.07,12.0,19.28,803.96,54.23,272.9,-55.16,44.92,108.92,-57.49,0,-31.03,10.3,0,0,0,0,0.0,0,634.9499999999999,1438.9099999999999
2025-05-06 02:15:00,2025-06-05 02:15:00,-730.36,36.04,12.0,16.75,795.15,54.23,273.01,-55.13,48.88,47.28,-56.74,0,-30.99,10.3,0,0,0,0,0.0,0,576.56,1371.71
2025-05-06 02:30:00,2025-06-05 02:30:00,-683.07,36.03,12.0,12.87,743.97,54.23,273.17,-55.12,2.18,0.0,-56.66,0,-30.99,10.3,0,0,0,0,0.0,0,482.65000000000003,1226.6200000000001
2025-05-06 02:45:00,2025-06-05 02:45:00,-662.27,36.02,12.0,12.86,723.15,54.22,273.08,-55.13,0.0,0.0,-56.46,0,-30.99,10.29,0,0,0,0,0.0,0,480.16999999999996,1203.32
2025-05-06 03:00:00,2025-06-05 03:00:00,-662.56,36.06,12.0,12.85,723.4699999999999,54.23,273.18,-55.08,0.0,0.0,-56.56,0,-30.98,10.3,0,0,0,0,0.0,0,480.33000000000004,1203.8
2025-05-06 03:15:00,2025-06-05 03:15:00,-630.42,36.06,12.0,12.84,691.32,54.23,273.09,-55.07,0.0,0.0,-56.34,0,-30.97,10.29,0,0,0,0,0.0,0,479.99000000000007,1171.3100000000002
2025-05-06 03:30:00,2025-06-05 03:30:00,-585.15,36.07,12.0,12.83,646.0500000000001,54.23,273.19,-55.11,0.0,0.0,-56.57,0,-30.99,10.29,0,0,0,0,0.0,0,480.38000000000005,1126.43
2025-05-06 03:45:00,2025-06-05 03:45:00,-575.23,36.06,12.0,12.82,636.11,54.22,272.95,-55.1,0.0,0.0,-56.49,0,-30.98,10.29,0,0,0,0,0.0,0,480.03000000000003,1116.14
2025-05-06 04:00:00,2025-06-05 04:00:00,-583.51,36.09,12.0,12.81,644.41,54.24,272.73,-55.1,0.0,0.0,-56.81,0,-30.99,10.29,0,0,0,0,0.0,0,480.1600000000001,1124.5700000000002
2025-05-06 04:15:00,2025-06-05 04:15:00,-585.28,36.09,12.0,12.8,646.17,54.23,272.85,-55.1,0.0,0.0,-56.67,0,-30.97,10.29,0,0,0,0,0.0,0,480.11000000000007,1126.28
2025-05-06 04:30:00,2025-06-05 04:30:00,-562.07,36.1,12.0,12.79,622.96,54.23,272.82,-55.1,0.0,0.0,-56.96,0,-30.98,10.29,0,0,0,0,0.0,0,480.38000000000005,1103.3400000000001
2025-05-06 04:45:00,2025-06-05 04:45:00,-536.48,36.1,12.0,12.78,597.36,54.22,272.19,-55.07,0.0,0.0,-57.12,0,-30.96,10.28,0,0,0,0,0.0,0,479.8399999999999,1077.1999999999998
2025-05-06 05:00:00,2025-06-05 05:00:00,-520.97,36.1,12.0,12.77,581.84,54.23,270.84,-55.05,0.0,0.0,-56.77,0,-30.98,10.28,0,0,0,0,0.0,0,478.15,1059.99
2025-05-06 05:15:00,2025-06-05 05:15:00,-528.73,36.13,12.0,12.78,589.64,54.24,272.65,-55.08,0.0,0.0,-57.2,0,-30.97,10.28,0,0,0,0,0.0,0,480.41999999999996,1070.06
2025-05-06 05:30:00,2025-06-05 05:30:00,-540.35,36.18,12.0,12.78,601.31,54.23,272.84,-55.1,0.0,0.0,-57.69,0,-30.98,10.3,0,0,0,0,0.0,0,481.14000000000004,1082.45
2025-05-06 05:45:00,2025-06-05 05:45:00,-550.31,36.21,12.0,12.79,611.31,54.23,272.91,-55.12,0.0,0.0,-57.87,0,-30.95,10.3,0,0,0,0,0.0,0,481.38000000000005,1092.69
2025-05-06 06:00:00,2025-06-05 06:00:00,-451.22,36.21,12.0,12.78,512.21,54.23,272.61,-55.1,0.0,0.0,-57.65,0,-30.96,10.3,0,0,0,0,0.0,0,480.85,993.0600000000001
2025-05-06 06:15:00,2025-06-05 06:15:00,-448.29,36.22,12.0,12.78,509.28999999999996,54.23,273.02,-55.07,0.0,0.0,-57.51,0,-30.93,10.29,0,0,0,0,0.0,0,481.05,990.3399999999999
2025-05-06 06:30:00,2025-06-05 06:30:00,-442.6,36.2,12.0,12.78,503.58,54.24,272.68,-55.04,0.0,0.0,-57.39,0,-30.95,10.28,0,0,0,0,0.0,0,480.58,984.16
2025-05-06 06:45:00,2025-06-05 06:45:00,-427.28,36.2,12.0,12.78,488.25999999999993,54.22,272.48,-55.02,0.0,0.0,-57.3,0,-30.94,10.28,0,0,0,0,0.0,0,480.24,968.5
2025-05-06 07:00:00,2025-06-05 07:00:00,-332.15,36.24,12.0,12.8,393.19,54.22,273.22,-55.04,0.0,0.0,-57.44,0,-30.95,10.28,0,0,0,0,0.0,0,481.15000000000003,874.34
2025-05-06 07:15:00,2025-06-05 07:15:00,-282.19,36.24,12.0,12.79,343.22,54.23,271.39,-55.02,0.0,0.0,-56.8,0,-30.94,10.28,0,0,0,0,0.0,0,478.65999999999997,821.88
2025-05-06 07:30:00,2025-06-05 07:30:00,-204.5,36.22,12.0,6.27,258.99,54.21,272.59,-55.03,0.0,0.0,-56.98,0,-30.92,10.28,0,0,0,0,0.0,0,480.00999999999993,739.0
2025-05-06 07:45:00,2025-06-05 07:45:00,-135.61,36.24,12.0,0.0,183.85000000000002,54.22,270.1,-47.84,0.0,0.0,-40.96,0,-30.93,10.28,0,0,0,0,0.0,0,454.33000000000004,638.1800000000001
2025-05-06 08:00:00,2025-06-05 08:00:00,-126.59,36.28,12.0,0.0,174.87,54.23,272.74,-42.13,0.0,0.0,-24.15,0,-30.95,10.28,0,0,0,0,0.0,0,434.47999999999996,609.3499999999999
2025-05-06 08:15:00,2025-06-05 08:15:00,-158.22,36.31,12.0,0.0,206.53,54.23,273.95,-42.14,0.0,0.0,-24.46,0,-30.94,10.27,0,0,0,0,0.0,0,435.98999999999995,642.52
2025-05-06 08:30:00,2025-06-05 08:30:00,-219.65,36.32,12.0,0.0,267.97,54.21,274.25,-50.48,0.0,0.0,-24.53,0,-30.95,10.27,0,0,0,0,0.0,0,444.69,712.6600000000001
2025-05-06 08:45:00,2025-06-05 08:45:00,-239.49,36.27,12.0,0.0,287.76,54.23,274.01,-55.04,0.0,0.0,-24.38,0,-30.95,10.27,0,0,0,0,0.0,0,448.88,736.64
2025-05-06 09:00:00,2025-06-05 09:00:00,-155.49,36.31,12.0,0.0,203.8,54.22,273.47,-55.02,0.0,0.0,-7.93,0,-30.9,10.27,0,0,0,0,0.0,0,431.81,635.61
2025-05-06 09:15:00,2025-06-05 09:15:00,-139.44,36.28,12.0,0.0,187.72,54.21,205.6,-49.79,0.0,0.0,0.0,0,-30.82,10.26,0,0,0,0,0.0,0,350.68,538.4
2025-05-06 09:30:00,2025-06-05 09:30:00,-123.49,36.25,12.0,0.0,171.74,46.16,126.39,-42.02,0.0,0.0,0.0,0,-30.88,10.27,0,0,0,0,0.0,0,255.72000000000003,427.46000000000004
2025-05-06 09:45:00,2025-06-05 09:45:00,-226.35,36.16,12.0,0.0,274.51,30.13,252.11,-42.0,0.0,0.0,0.0,0,-30.88,10.27,0,0,0,0,0.0,0,365.39,639.9
2025-05-06 10:00:00,2025-06-05 10:00:00,-141.58,36.17,12.0,0.0,189.75,30.14,237.76,-42.05,0.0,0.0,0.0,0,-30.87,10.26,0,0,0,0,0.0,0,351.08,540.8299999999999
2025-05-06 10:15:00,2025-06-05 10:15:00,-120.22,36.17,12.0,0.0,168.39,30.15,248.91,-42.01,0.0,0.0,0.0,0,-30.85,10.26,0,0,0,0,0.0,0,362.18,530.5699999999999
2025-05-06 10:30:00,2025-06-05 10:30:00,-127.29,36.16,12.0,0.0,175.45,30.12,184.61,-42.02,0.0,0.0,0.0,0,-30.86,10.26,0,0,0,0,0.0,0,297.87,473.32
2025-05-06 10:45:00,2025-06-05 10:45:00,-121.05,36.1,12.0,0.0,169.15,30.12,182.22,-41.97,0.0,0.0,0.0,0,-30.85,10.27,0,0,0,0,0.0,0,295.43,464.58000000000004
2025-05-06 11:00:00,2025-06-05 11:00:00,-120.87,36.05,12.0,0.0,168.92000000000002,30.13,141.49,-41.98,0.0,0.0,0.0,0,-30.86,10.26,0,0,0,0,0.0,0,254.71999999999997,423.64
2025-05-06 11:15:00,2025-06-05 11:15:00,-127.48,35.96,12.0,0.0,175.44,30.13,126.63,-41.96,0.0,0.0,0.0,0,-30.86,10.26,0,0,0,0,0.0,0,239.83999999999997,415.28
2025-05-06 11:30:00,2025-06-05 11:30:00,-138.06,35.88,12.0,0.0,185.94,30.13,130.97,-41.97,0.0,0.0,0.0,0,-30.89,10.26,0,0,0,0,0.0,0,244.21999999999997,430.15999999999997
2025-05-06 11:45:00,2025-06-05 11:45:00,-137.48,35.81,12.0,0.0,185.29,30.12,233.31,-46.54,0.0,0.0,0.0,0,-30.83,10.26,0,0,0,0,0.0,0,351.06,536.35
2025-05-06 12:00:00,2025-06-05 12:00:00,-128.59,35.74,12.0,0.0,176.33,30.13,137.5,-42.02,0.0,0.0,0.0,0,-30.87,10.26,0,0,0,0,0.0,0,250.78,427.11
2025-05-06 12:15:00,2025-06-05 12:15:00,-141.32,35.72,12.0,0.0,189.04,30.12,240.99,-47.52,0.0,0.0,0.0,0,-30.83,6.51,0,0,0,0,0.0,0,355.96999999999997,545.01
2025-05-06 12:30:00,2025-06-05 12:30:00,-130.63,35.67,12.0,0.0,178.3,30.13,230.78,-55.02,25.91,0.0,0.0,0,-30.82,5.55,0,0,0,0,0.0,0,378.21000000000004,556.51
2025-05-06 12:45:00,2025-06-05 12:45:00,-120.57,35.59,12.0,0.0,168.16,30.13,119.78,-45.28,31.81,0.0,0.0,0,-30.78,5.55,0,0,0,0,0.0,0,263.33,431.49
2025-05-06 13:00:00,2025-06-05 13:00:00,-121.1,35.46,12.0,0.0,168.56,30.13,126.09,-41.93,22.42,0.0,0.0,0,-30.83,5.54,0,0,0,0,0.0,0,256.94,425.5
2025-05-06 13:15:00,2025-06-05 13:15:00,-258.17,35.41,12.0,0.0,305.58000000000004,41.43,221.39,-49.39,38.68,0.0,0.0,0,-30.88,5.55,0,0,0,0,0.0,0,387.32,692.9000000000001
2025-05-06 13:30:00,2025-06-05 13:30:00,-365.94,35.46,12.0,0.0,413.4,54.25,274.56,-55.08,49.79,0.0,0.0,0,-30.89,5.55,0,0,0,0,0.0,0,470.12,883.52
2025-05-06 13:45:00,2025-06-05 13:45:00,-324.13,35.49,12.0,0.0,371.62,54.24,274.41,-55.08,49.53,0.0,0.0,0,-30.84,5.56,0,0,0,0,0.0,0,469.65999999999997,841.28
2025-05-06 14:00:00,2025-06-05 14:00:00,-238.88,35.52,12.0,0.0,286.4,54.26,274.18,-55.09,49.3,0.0,0.0,0,-30.86,5.55,0,0,0,0,0.0,0,469.24,755.64
2025-05-06 14:15:00,2025-06-05 14:15:00,-307.19,35.51,12.0,0.0,354.7,54.25,273.09,-55.08,47.76,0.0,0.0,0,-30.82,5.55,0,0,0,0,0.0,0,466.54999999999995,821.25
2025-05-06 14:30:00,2025-06-05 14:30:00,-485.84,35.53,12.0,0.0,533.37,54.26,271.65,-55.06,59.92,0.0,0.0,0,-30.83,5.55,0,0,0,0,0.0,0,477.27,1010.64
2025-05-06 14:45:00,2025-06-05 14:45:00,-695.32,35.51,12.0,0.0,742.83,54.25,272.45,-55.07,94.47,0.0,0.0,0,-30.85,5.55,0,0,0,0,0.0,0,512.64,1255.47
2025-05-06 15:00:00,2025-06-05 15:00:00,-558.94,35.5,12.0,0.0,606.44,54.25,255.67,-54.98,87.32,0.0,0.0,0,-30.82,5.54,0,0,0,0,0.0,0,488.58,1095.02
2025-05-06 15:15:00,2025-06-05 15:15:00,-655.99,35.51,12.0,0.0,703.5,54.26,265.98,-54.99,92.87,0.0,0.0,0,-30.86,5.54,0,0,0,0,0.0,0,504.50000000000006,1208.0
2025-05-06 15:30:00,2025-06-05 15:30:00,-719.96,35.52,12.0,0.0,767.48,54.26,269.14,-55.01,94.37,0.0,0.0,0,-30.87,5.55,0,0,0,0,0.0,0,509.2,1276.68
2025-05-06 15:45:00,2025-06-05 15:45:00,-718.56,35.54,12.0,0.0,766.0999999999999,54.26,268.84,-55.02,99.19,0.0,0.0,0,-30.86,5.54,0,0,0,0,0.0,0,513.7099999999999,1279.81
2025-05-06 16:00:00,2025-06-05 16:00:00,-607.32,35.55,12.0,0.0,654.87,54.25,271.78,-55.01,122.15,0.0,0.0,0,-30.87,5.54,0,0,0,0,0.0,0,539.5999999999999,1194.4699999999998
2025-05-06 16:15:00,2025-06-05 16:15:00,-601.12,35.59,12.0,0.0,648.71,54.25,273.86,-54.98,124.57,0.0,0.0,0,-30.79,5.55,0,0,0,0,0.0,0,544.0,1192.71
2025-05-06 16:30:00,2025-06-05 16:30:00,-668.07,35.59,12.0,0.0,715.6600000000001,54.25,272.41,-54.97,122.06,0.0,0.0,0,-30.8,5.54,0,0,0,0,0.0,0,540.03,1255.69
2025-05-06 16:45:00,2025-06-05 16:45:00,-712.6,35.61,12.0,0.0,760.21,54.26,273.87,-54.98,125.74,0.0,-3.31,0,-30.83,5.55,0,0,0,0,0.0,0,548.54,1308.75
2025-05-06 17:00:00,2025-06-05 17:00:00,-668.79,35.61,12.0,0.0,716.4,54.24,273.55,-55.01,121.23,0.0,-24.64,0,-30.87,5.54,0,0,0,0,0.0,0,565.08,1281.48
2025-05-06 17:15:00,2025-06-05 17:15:00,-591.32,35.6,12.0,0.0,638.9200000000001,54.25,273.88,-55.06,122.82,0.0,-39.67,0,-30.9,5.54,0,0,0,0,0.0,0,582.1199999999999,1221.04
2025-05-06 17:30:00,2025-06-05 17:30:00,-637.21,35.6,12.0,0.0,684.8100000000001,54.26,273.35,-55.06,124.55,0.0,-51.82,0,-30.91,8.0,0,0,0,0,0.0,0,597.95,1282.7600000000002
2025-05-06 17:45:00,2025-06-05 17:45:00,-686.05,35.7,12.2,1.04,734.99,54.25,273.24,-55.06,131.21,0.0,-58.47,0,-30.89,10.22,0,0,0,0,0.0,0,613.34,1348.33
2025-05-06 18:00:00,2025-06-05 18:00:00,-368.49,35.64,29.37,7.24,440.74,54.26,272.3,-55.04,139.24,0.0,-57.48,0,-30.92,10.21,0,0,0,0,0.0,0,619.45,1060.19
2025-05-06 18:15:00,2025-06-05 18:15:00,-293.05,35.66,38.66,17.42,384.79,54.24,273.28,-55.04,147.26,0.29,-57.61,0,-30.91,10.21,0,0,0,0,0.0,0,628.8399999999999,1013.6299999999999
2025-05-06 18:30:00,2025-06-05 18:30:00,-463.55,35.71,43.96,42.5,585.72,54.24,272.86,-55.03,145.0,55.88,-57.37,0,-30.98,10.22,0,0,0,0,0.0,0,681.58,1267.3000000000002
2025-05-06 18:45:00,2025-06-05 18:45:00,-599.09,35.77,48.62,50.66,734.14,54.22,272.29,-55.03,157.29,96.49,-57.21,0,-30.97,10.24,0,0,0,0,0.0,0,733.74,1467.88
2025-05-06 19:00:00,2025-06-05 19:00:00,-624.52,35.83,48.62,50.69,759.6600000000001,54.22,272.15,-54.99,188.42,97.51,-56.97,0,-30.96,10.24,0,0,0,0,0.0,0,765.46,1525.1200000000001
2025-05-06 19:15:00,2025-06-05 19:15:00,-637.98,35.87,48.59,50.72,773.1600000000001,54.21,272.1,-55.0,188.71,97.43,-56.86,0,-30.97,10.24,0,0,0,0,0.0,0,765.5200000000001,1538.6800000000003
2025-05-06 19:30:00,2025-06-05 19:30:00,-711.84,35.88,48.6,50.72,847.0400000000001,54.22,271.9,-54.99,188.53,97.34,-56.84,0,-30.98,10.24,0,0,0,0,0.0,0,765.0400000000001,1612.0800000000002
2025-05-06 19:45:00,2025-06-05 19:45:00,-708.14,35.89,48.59,50.71,843.33,54.22,271.4,-54.99,188.59,97.29,-56.87,0,-30.97,10.23,0,0,0,0,0.0,0,764.5600000000001,1607.89
2025-05-06 20:00:00,2025-06-05 20:00:00,-691.16,35.91,48.59,50.7,826.36,54.22,269.72,-54.97,187.27,97.19,-56.82,0,-30.97,10.23,0,0,0,0,0.0,0,761.3900000000002,1587.7500000000002
2025-05-06 20:15:00,2025-06-05 20:15:00,-664.37,35.96,48.61,50.71,799.6500000000001,54.22,272.77,-54.98,190.08,97.21,-57.51,0,-30.98,10.23,0,0,0,0,0.0,0,767.9800000000001,1567.63
2025-05-06 20:30:00,2025-06-05 20:30:00,-719.77,35.99,63.21,50.74,869.71,54.23,272.65,-55.0,192.72,97.23,-58.23,0,-30.99,10.23,0,0,0,0,0.0,0,771.2800000000001,1640.9900000000002
2025-05-06 20:45:00,2025-06-05 20:45:00,-735.12,35.99,66.4,50.73,888.24,54.22,272.72,-55.0,190.35,109.93,-58.07,0,-30.98,10.23,0,0,0,0,0.0,0,781.5000000000001,1669.7400000000002
2025-05-06 21:00:00,2025-06-05 21:00:00,-735.72,36.02,66.37,50.74,888.85,54.22,272.57,-55.02,191.28,112.83,-58.18,0,-31.0,10.23,0,0,0,0,0.0,0,785.3299999999999,1674.1799999999998
2025-05-06 21:15:00,2025-06-05 21:15:00,-730.2,36.02,66.37,44.42,877.01,54.22,272.22,-54.99,186.23,112.74,-57.61,0,-30.94,10.22,0,0,0,0,0.0,0,779.1700000000002,1656.1800000000003
2025-05-06 21:30:00,2025-06-05 21:30:00,-735.98,36.04,66.34,40.17,878.53,54.22,271.79,-54.96,186.21,112.6,-57.42,0,-30.96,10.24,0,0,0,0,0.0,0,778.4,1656.9299999999998
2025-05-06 21:45:00,2025-06-05 21:45:00,-731.7,36.06,66.34,45.84,879.94,54.21,271.15,-54.94,186.4,112.57,-57.29,0,-30.96,10.23,0,0,0,0,0.0,0,777.75,1657.69
2025-05-06 22:00:00,2025-06-05 22:00:00,-733.52,36.07,66.35,50.57,886.5100000000001,54.21,271.18,-54.95,193.91,112.47,-57.38,0,-30.98,10.23,0,0,0,0,0.0,0,785.3100000000001,1671.8200000000002
2025-05-06 22:15:00,2025-06-05 22:15:00,-733.44,36.08,66.35,50.63,886.5000000000001,54.21,271.91,-54.91,194.29,112.42,-57.46,0,-30.96,10.22,0,0,0,0,0.0,0,786.38,1672.88
2025-05-06 22:30:00,2025-06-05 22:30:00,-735.1,36.1,66.36,43.8,881.36,54.22,272.61,-54.95,194.08,102.45,-57.64,0,-30.97,10.22,0,0,0,0,0.0,0,777.1400000000001,1658.5
2025-05-06 22:45:00,2025-06-05 22:45:00,-732.41,36.06,66.35,38.61,873.4300000000001,54.21,272.08,-54.97,193.53,91.54,-57.48,0,-30.97,10.22,0,0,0,0,0.0,0,765.0,1638.43
2025-05-06 23:00:00,2025-06-05 23:00:00,-690.56,36.08,66.35,28.77,821.76,54.21,272.05,-55.02,193.21,91.66,-57.44,0,-30.96,10.21,0,0,0,0,0.0,0,764.76,1586.52
2025-05-06 23:15:00,2025-06-05 23:15:00,-664.11,36.06,66.35,25.79,792.3100000000001,54.21,272.1,-55.0,193.02,91.63,-57.49,0,-30.94,10.21,0,0,0,0,0.0,0,764.6000000000001,1556.9100000000003
2025-05-06 23:30:00,2025-06-05 23:30:00,-715.75,36.11,66.35,25.79,844.0,54.21,271.85,-54.97,193.28,91.59,-57.42,0,-30.94,10.22,0,0,0,0,0.0,0,764.48,1608.48
2025-05-06 23:45:00,2025-06-05 23:45:00,-730.0,36.14,66.35,25.79,858.28,54.22,271.82,-54.92,193.47,91.52,-57.44,0,-30.96,10.22,0,0,0,0,0.0,0,764.5699999999999,1622.85
2025-05-07 00:00:00,2025-07-05 00:00:00,-733.11,36.13,55.21,25.83,850.2800000000001,54.21,272.39,-54.96,194.02,91.56,-58.1,0,-30.95,10.22,0,0,0,0,0.0,0,766.41,1616.69
2025-05-07 00:15:00,2025-07-05 00:15:00,-731.47,36.11,27.04,25.83,820.45,54.23,271.87,-54.95,189.87,62.14,-57.61,0,-30.97,10.21,0,0,0,0,0.0,0,731.8500000000001,1552.3000000000002
2025-05-07 00:30:00,2025-07-05 00:30:00,-734.9,36.16,24.0,25.87,820.93,54.22,272.62,-54.97,193.02,47.56,-58.16,0,-30.97,10.21,0,0,0,0,0.0,0,721.7300000000001,1542.66
2025-05-07 00:45:00,2025-07-05 00:45:00,-734.68,36.17,24.0,25.78,820.6299999999999,54.22,272.57,-54.97,193.4,47.75,-58.14,0,-30.95,10.21,0,0,0,0,0.0,0,722.21,1542.84
2025-05-07 01:00:00,2025-07-05 01:00:00,-728.05,36.17,13.47,25.77,803.4599999999999,54.22,272.62,-54.97,160.98,47.62,-57.93,0,-30.97,10.2,0,0,0,0,0.0,0,689.5100000000001,1492.97
2025-05-07 01:15:00,2025-07-05 01:15:00,-725.25,36.18,12.0,25.76,799.1899999999999,54.23,272.53,-54.95,147.88,23.18,-57.82,0,-30.97,10.2,0,0,0,0,0.0,0,651.76,1450.9499999999998
2025-05-07 01:30:00,2025-07-05 01:30:00,-727.16,36.18,12.0,25.77,801.1099999999999,54.23,272.72,-54.94,132.83,0.0,-57.78,0,-30.96,10.2,0,0,0,0,0.0,0,613.6600000000001,1414.77
2025-05-07 01:45:00,2025-07-05 01:45:00,-726.74,36.21,12.0,20.44,795.3900000000001,54.22,272.58,-54.94,103.5,0.0,-57.73,0,-30.97,10.2,0,0,0,0,0.0,0,584.14,1379.5300000000002
2025-05-07 02:00:00,2025-07-05 02:00:00,-730.89,36.21,12.0,19.15,798.25,54.23,272.66,-54.94,98.11,0.0,-57.76,0,-30.98,10.2,0,0,0,0,0.0,0,578.8800000000001,1377.13
2025-05-07 02:15:00,2025-07-05 02:15:00,-731.8,36.23,12.0,16.91,796.9399999999999,54.22,272.62,-54.91,48.6,0.0,-57.97,0,-30.96,10.19,0,0,0,0,0.0,0,529.4700000000001,1326.41
2025-05-07 02:30:00,2025-07-05 02:30:00,-730.07,36.25,12.0,12.83,791.1500000000001,54.23,272.67,-54.93,12.23,0.0,-58.19,0,-30.97,10.19,0,0,0,0,0.0,0,493.41,1284.5600000000002
2025-05-07 02:45:00,2025-07-05 02:45:00,-684.17,36.26,12.0,12.83,745.26,54.23,272.75,-54.9,0.0,0.0,-57.71,0,-30.96,10.19,0,0,0,0,0.0,0,480.73999999999995,1226.0
2025-05-07 03:00:00,2025-07-05 03:00:00,-689.7,36.28,12.0,12.82,750.8000000000001,54.23,273.0,-54.92,0.0,0.0,-58.05,0,-30.97,10.19,0,0,0,0,0.0,0,481.36000000000007,1232.16
2025-05-07 03:15:00,2025-07-05 03:15:00,-670.53,36.29,12.0,12.82,731.64,35.96,272.7,-54.87,0.0,0.0,-57.7,0,-30.96,10.19,0,0,0,0,0.0,0,462.37999999999994,1194.02
2025-05-07 03:30:00,2025-07-05 03:30:00,-645.88,36.28,12.0,12.84,707.0,30.12,272.73,-54.87,0.0,0.0,-57.69,0,-30.96,10.19,0,0,0,0,0.0,0,456.56,1163.56
2025-05-07 03:45:00,2025-07-05 03:45:00,-595.44,36.29,12.0,12.82,656.5500000000001,30.12,272.69,-54.83,0.0,0.0,-57.58,0,-30.96,10.19,0,0,0,0,0.0,0,456.36999999999995,1112.92
2025-05-07 04:00:00,2025-07-05 04:00:00,-591.92,36.31,12.0,12.79,653.02,30.13,272.65,-54.85,0.0,0.0,-57.86,0,-30.96,10.2,0,0,0,0,0.0,0,456.65,1109.67
2025-05-07 04:15:00,2025-07-05 04:15:00,-574.34,36.31,12.0,12.78,635.4300000000001,30.1,272.62,-54.85,0.0,0.0,-57.86,0,-30.94,10.19,0,0,0,0,0.0,0,456.56000000000006,1091.9900000000002
2025-05-07 04:30:00,2025-07-05 04:30:00,-568.46,36.35,12.0,12.78,629.59,30.11,272.21,-54.88,0.0,0.0,-57.89,0,-30.96,10.19,0,0,0,0,0.0,0,456.23999999999995,1085.83
2025-05-07 04:45:00,2025-07-05 04:45:00,-551.84,36.33,12.0,12.78,612.95,30.11,272.49,-54.88,0.0,0.0,-57.99,0,-30.93,10.2,0,0,0,0,0.0,0,456.6,1069.5500000000002
2025-05-07 05:00:00,2025-07-05 05:00:00,-540.6,36.35,12.0,12.77,601.72,30.12,272.62,-54.86,0.0,0.0,-57.67,0,-30.94,10.19,0,0,0,0,0.0,0,456.40000000000003,1058.1200000000001
2025-05-07 05:15:00,2025-07-05 05:15:00,-546.28,36.37,12.0,12.78,607.43,30.12,272.4,-54.89,0.0,0.0,-57.83,0,-30.93,10.18,0,0,0,0,0.0,0,456.34999999999997,1063.78
2025-05-07 05:30:00,2025-07-05 05:30:00,-567.56,36.42,12.0,12.77,628.7499999999999,30.13,272.56,-54.93,0.0,0.0,-58.3,0,-30.95,10.19,0,0,0,0,0.0,0,457.06,1085.81
2025-05-07 05:45:00,2025-07-05 05:45:00,-578.54,36.45,12.0,12.78,639.77,30.11,272.67,-54.91,0.0,0.0,-58.52,0,-30.9,10.19,0,0,0,0,0.0,0,457.3,1097.07
2025-05-07 06:00:00,2025-07-05 06:00:00,-537.87,36.43,12.0,12.8,599.0999999999999,30.11,271.53,-54.89,0.0,0.0,-57.77,0,-30.93,10.18,0,0,0,0,0.0,0,455.40999999999997,1054.5099999999998
2025-05-07 06:15:00,2025-07-05 06:15:00,-531.82,36.47,12.0,12.8,593.09,30.12,272.79,-54.86,0.0,0.0,-57.82,0,-30.9,10.18,0,0,0,0,0.0,0,456.67,1049.76
2025-05-07 06:30:00,2025-07-05 06:30:00,-574.25,36.44,12.0,12.82,635.5100000000001,30.11,272.73,-54.87,0.0,0.0,-57.7,0,-30.94,10.18,0,0,0,0,0.0,0,456.53000000000003,1092.0400000000002
2025-05-07 06:45:00,2025-07-05 06:45:00,-543.13,36.47,12.0,12.81,604.41,30.13,272.74,-54.89,0.0,0.0,-19.56,0,-30.9,10.18,0,0,0,0,0.0,0,418.4,1022.81
2025-05-07 07:00:00,2025-07-05 07:00:00,-374.2,36.49,12.0,12.82,435.51,30.11,273.05,-54.88,0.0,0.0,0.0,0,-30.86,10.16,0,0,0,0,0.0,0,399.06000000000006,834.57
2025-05-07 07:15:00,2025-07-05 07:15:00,-309.45,36.51,12.0,12.9,370.85999999999996,30.1,273.1,-54.97,0.0,0.0,0.0,0,-30.86,10.15,0,0,0,0,0.0,0,399.18000000000006,770.04
2025-05-07 07:30:00,2025-07-05 07:30:00,-251.7,36.52,12.0,12.89,313.10999999999996,30.11,273.2,-55.01,0.0,0.0,0.0,0,-30.88,10.15,0,0,0,0,0.0,0,399.34999999999997,712.4599999999999
2025-05-07 07:45:00,2025-07-05 07:45:00,-161.25,36.52,12.0,12.9,222.67000000000002,30.11,273.2,-55.0,0.0,0.0,0.0,0,-30.87,10.15,0,0,0,0,0.0,0,399.33,622.0
2025-05-07 08:00:00,2025-07-05 08:00:00,-138.74,36.53,12.0,12.92,200.19,30.12,273.01,-54.97,0.0,0.0,0.0,0,-30.87,10.15,0,0,0,0,0.0,0,399.12,599.31
2025-05-07 08:15:00,2025-07-05 08:15:00,-120.78,36.54,12.0,12.84,182.16,30.12,232.29,-35.57,0.0,0.0,0.0,0,-30.87,10.15,0,0,0,0,0.0,0,338.99999999999994,521.16
2025-05-07 08:30:00,2025-07-05 08:30:00,-109.58,36.49,12.0,12.83,170.9,30.11,214.68,-20.27,0.0,0.0,0.0,0,-19.75,6.94,0,0,0,0,0.0,0,291.75,462.65
2025-05-07 08:45:00,2025-07-05 08:45:00,-101.23,36.45,12.0,9.28,158.96,30.12,213.98,-20.22,0.0,0.0,0.0,0,-15.64,5.48,0,0,0,0,0.0,0,285.44,444.4
2025-05-07 09:00:00,2025-07-05 09:00:00,-270.89,36.44,12.0,6.32,325.65,26.3,262.14,-20.29,0.0,0.0,0.0,0,-15.66,5.48,0,0,0,0,0.0,0,329.87000000000006,655.52
2025-05-07 09:15:00,2025-07-05 09:15:00,-379.27,36.45,12.0,6.33,434.04999999999995,20.06,232.26,-20.26,0.0,0.0,0.0,0,-15.67,5.48,0,0,0,0,0.0,0,293.73,727.78
2025-05-07 09:30:00,2025-07-05 09:30:00,-355.34,36.42,12.0,6.34,410.09999999999997,20.07,215.88,-20.26,0.0,0.0,0.0,0,-15.66,5.48,0,0,0,0,0.0,0,277.35,687.45
2025-05-07 09:45:00,2025-07-05 09:45:00,-341.11,36.38,12.0,6.34,395.83,20.06,215.19,-20.25,0.0,0.0,0.0,0,-15.54,5.48,0,0,0,0,0.0,0,276.52000000000004,672.35
2025-05-07 10:00:00,2025-07-05 10:00:00,-335.67,36.39,12.0,6.33,390.39,20.07,214.78,-20.23,0.0,0.0,0.0,0,-5.44,5.48,0,0,0,0,0.0,0,266.0,656.39
2025-05-07 10:15:00,2025-07-05 10:15:00,-331.78,36.34,12.0,6.37,386.49,20.06,222.07,-20.24,0.0,0.0,0.0,0,0.14,5.47,0,0,0,0,0.0,0,267.98,654.47
2025-05-07 10:30:00,2025-07-05 10:30:00,-304.7,36.33,12.0,6.37,359.4,20.07,273.53,-20.25,0.0,0.0,0.0,0,0.12,5.48,0,0,0,0,0.0,0,319.45,678.8499999999999
2025-05-07 10:45:00,2025-07-05 10:45:00,-293.7,36.32,12.0,6.38,348.4,20.06,273.85,-20.23,0.0,0.0,0.0,0,0.12,5.47,0,0,0,0,0.0,0,319.7300000000001,668.1300000000001
2025-05-07 11:00:00,2025-07-05 11:00:00,-245.38,36.33,12.0,6.38,300.09,20.06,272.0,-20.23,0.0,0.0,0.0,0,0.12,5.48,0,0,0,0,0.0,0,317.89000000000004,617.98
2025-05-07 11:15:00,2025-07-05 11:15:00,-230.33,36.35,12.0,6.38,285.06,20.06,274.05,-20.23,0.0,0.0,0.0,0,0.13,5.47,0,0,0,0,0.0,0,319.94000000000005,605.0
2025-05-07 11:30:00,2025-07-05 11:30:00,-229.79,36.34,12.0,6.41,284.54,20.07,273.39,-20.24,0.0,0.0,0.0,0,0.14,5.47,0,0,0,0,0.0,0,319.31,603.85
2025-05-07 11:45:00,2025-07-05 11:45:00,-229.79,36.35,12.0,6.41,284.55,20.05,273.23,-20.25,0.0,0.0,0.0,0,0.14,5.47,0,0,0,0,0.0,0,319.14000000000004,603.69
2025-05-07 12:00:00,2025-07-05 12:00:00,-163.62,36.35,12.0,6.4,218.37,20.06,269.48,-20.21,0.0,0.0,0.0,0,0.15,5.47,0,0,0,0,0.0,0,315.37,533.74
2025-05-07 12:15:00,2025-07-05 12:15:00,-117.72,36.37,12.0,6.4,172.49,20.06,272.8,-20.23,0.0,0.0,0.0,0,0.15,5.47,0,0,0,0,0.0,0,318.71000000000004,491.20000000000005
2025-05-07 12:30:00,2025-07-05 12:30:00,-163.54,36.43,12.52,6.42,218.91,20.06,273.17,-20.26,0.0,0.0,0.0,0,0.15,5.47,0,0,0,0,0.0,0,319.11,538.02
2025-05-07 12:45:00,2025-07-05 12:45:00,-165.52,36.42,15.24,6.32,223.5,20.06,273.62,-20.24,0.0,0.0,0.0,0,0.14,5.47,0,0,0,0,0.0,0,319.53000000000003,543.03
2025-05-07 13:00:00,2025-07-05 13:00:00,-179.46,36.35,12.0,6.32,234.13,20.06,266.05,-20.16,0.0,0.0,0.0,0,0.14,5.47,0,0,0,0,0.0,0,311.88000000000005,546.01
2025-05-07 13:15:00,2025-07-05 13:15:00,-259.87,36.36,12.0,6.31,314.54,20.06,271.83,-20.18,0.0,0.0,0.0,0,0.11,5.47,0,0,0,0,0.0,0,317.65000000000003,632.19
2025-05-07 13:30:00,2025-07-05 13:30:00,-268.56,36.4,12.0,6.3,323.26,20.07,273.59,-20.2,0.0,0.0,0.0,0,0.11,5.47,0,0,0,0,0.0,0,319.44,642.7
2025-05-07 13:45:00,2025-07-05 13:45:00,-291.76,36.37,12.01,6.3,346.44,20.06,274.01,-20.2,0.0,0.0,0.0,0,0.11,5.47,0,0,0,0,0.0,0,319.85,666.29
2025-05-07 14:00:00,2025-07-05 14:00:00,-417.55,36.39,12.0,6.31,472.25,20.06,273.79,-20.22,0.0,0.0,0.0,0,0.11,5.47,0,0,0,0,0.0,0,319.6500000000001,791.9000000000001
2025-05-07 14:15:00,2025-07-05 14:15:00,-495.39,36.42,12.0,6.39,550.1999999999999,25.35,273.33,-24.83,0.0,0.0,0.0,0,0.09,5.47,0,0,0,0,0.0,0,329.07,879.27
2025-05-07 14:30:00,2025-07-05 14:30:00,-599.08,36.43,12.68,11.0,659.1899999999999,36.12,272.42,-30.28,13.25,0.0,0.0,0,0.07,5.46,0,0,0,0,0.0,0,357.6,1016.79
2025-05-07 14:45:00,2025-07-05 14:45:00,-622.94,36.44,24.0,19.03,702.4100000000001,36.13,273.38,-30.29,48.38,0.0,0.0,0,0.05,5.47,0,0,0,0,0.0,0,393.70000000000005,1096.1100000000001
2025-05-07 15:00:00,2025-07-05 15:00:00,-619.34,36.78,24.0,29.42,709.54,36.13,273.71,-37.12,48.66,0.0,0.0,0,0.03,5.47,0,0,0,0,0.0,0,401.12,1110.6599999999999
2025-05-07 15:15:00,2025-07-05 15:15:00,-616.24,36.75,24.0,37.98,714.97,36.12,272.96,-54.9,48.17,5.18,0.0,0,0.08,5.47,0,0,0,0,0.0,0,422.88,1137.85
2025-05-07 15:30:00,2025-07-05 15:30:00,-688.33,36.74,24.0,37.97,787.0400000000001,36.12,269.24,-54.96,64.42,55.33,-22.5,0,0.0,5.46,0,0,0,0,0.0,0,508.03,1295.0700000000002
2025-05-07 15:45:00,2025-07-05 15:45:00,-688.29,36.66,24.0,37.95,786.9,36.12,259.51,-54.92,90.54,55.35,-22.7,0,-13.63,5.46,0,0,0,0,0.0,0,538.2300000000001,1325.13
2025-05-07 16:00:00,2025-07-05 16:00:00,-367.08,36.67,24.0,33.51,461.26,36.15,264.25,-44.25,80.25,47.8,-24.47,0,-15.53,5.46,0,0,0,0,0.0,0,518.16,979.42
2025-05-07 16:15:00,2025-07-05 16:15:00,-574.55,36.7,24.0,25.25,660.5,36.14,272.36,-40.32,80.55,46.26,-24.71,0,-15.65,5.47,0,0,0,0,0.0,0,521.46,1181.96
2025-05-07 16:30:00,2025-07-05 16:30:00,-456.35,36.74,24.0,25.34,542.4300000000001,36.13,272.82,-40.32,81.68,46.23,-24.72,0,-15.63,5.47,0,0,0,0,0.0,0,523.0,1065.43
2025-05-07 16:45:00,2025-07-05 16:45:00,-404.6,36.72,24.0,31.48,496.80000000000007,36.13,272.6,-40.29,94.41,46.21,-24.7,0,-15.64,5.46,0,0,0,0,0.0,0,535.44,1032.2400000000002
2025-05-07 17:00:00,2025-07-05 17:00:00,-392.4,36.73,21.61,31.69,482.43,36.14,231.05,-40.3,99.1,46.16,-24.54,0,-15.65,5.46,0,0,0,0,0.0,0,498.4,980.8299999999999
2025-05-07 17:15:00,2025-07-05 17:15:00,-441.18,36.92,12.0,33.26,523.36,36.13,182.28,-40.3,101.56,46.17,-24.38,0,-15.64,5.46,0,0,0,0,0.0,0,451.91999999999996,975.28
2025-05-07 17:30:00,2025-07-05 17:30:00,-590.3,36.96,12.0,29.82,669.08,36.14,180.02,-40.28,99.54,46.16,-24.65,0,-15.68,7.95,0,0,0,0,0.0,0,450.4200000000001,1119.5
2025-05-07 17:45:00,2025-07-05 17:45:00,-595.72,36.91,12.0,38.51,683.14,35.83,181.71,-40.3,100.75,46.14,-35.24,0,-15.61,10.09,0,0,0,0,0.0,0,465.67,1148.81
2025-05-07 18:00:00,2025-07-05 18:00:00,-346.18,36.5,12.01,48.49,443.18,36.67,178.97,-40.36,100.95,46.16,-55.37,0,-20.1,10.09,0,0,0,0,0.0,0,488.67,931.85
2025-05-07 18:15:00,2025-07-05 18:15:00,-315.39,36.45,29.19,50.47,431.5,52.64,180.76,-40.79,113.08,52.47,-58.09,0,-30.92,10.08,0,0,0,0,0.0,0,538.83,970.33
2025-05-07 18:30:00,2025-07-05 18:30:00,-450.09,36.36,48.61,50.46,585.52,54.25,192.41,-44.91,110.27,96.44,-57.82,0,-30.92,10.09,0,0,0,0,0.0,0,597.11,1182.63
2025-05-07 18:45:00,2025-07-05 18:45:00,-642.83,36.35,48.62,50.47,778.2700000000001,54.25,271.07,-54.97,138.84,97.34,-58.05,0,-30.94,10.1,0,0,0,0,0.0,0,715.5600000000001,1493.8300000000002
2025-05-07 19:00:00,2025-07-05 19:00:00,-657.49,36.39,48.64,50.55,793.0699999999999,54.25,272.61,-55.0,141.35,97.35,-58.51,0,-30.93,10.1,0,0,0,0,0.0,0,720.1,1513.17
2025-05-07 19:15:00,2025-07-05 19:15:00,-722.21,36.39,48.62,50.66,857.88,54.23,272.59,-55.0,142.07,109.23,-54.8,0,-30.89,10.1,0,0,0,0,0.0,0,728.91,1586.79
2025-05-07 19:30:00,2025-07-05 19:30:00,-715.34,36.4,48.6,50.64,850.98,54.25,271.99,-54.98,139.27,112.98,-57.55,0,-30.93,10.08,0,0,0,0,0.0,0,732.03,1583.01
2025-05-07 19:45:00,2025-07-05 19:45:00,-722.05,36.39,48.58,50.64,857.66,54.23,270.02,-54.97,138.44,112.94,-57.91,0,-30.91,10.09,0,0,0,0,0.0,0,729.5100000000001,1587.17
2025-05-07 20:00:00,2025-07-05 20:00:00,-564.84,36.39,48.59,50.6,700.4200000000001,54.24,270.37,-54.99,139.38,112.91,-57.95,0,-30.93,10.09,0,0,0,0,0.0,0,730.86,1431.2800000000002
2025-05-07 20:15:00,2025-07-05 20:15:00,-596.77,36.4,48.59,50.63,732.39,54.24,272.15,-54.97,142.08,112.84,-58.36,0,-30.89,10.09,0,0,0,0,0.0,0,735.6200000000001,1468.0100000000002
2025-05-07 20:30:00,2025-07-05 20:30:00,-708.83,36.43,48.6,50.67,844.53,54.24,272.52,-54.98,143.57,112.77,-58.58,0,-30.95,10.09,0,0,0,0,0.0,0,737.7,1582.23
2025-05-07 20:45:00,2025-07-05 20:45:00,-719.95,36.43,48.59,50.67,855.64,54.23,272.47,-54.98,142.5,112.7,-58.56,0,-30.91,10.09,0,0,0,0,0.0,0,736.44,1592.08
2025-05-07 21:00:00,2025-07-05 21:00:00,-709.11,36.4,48.62,50.69,844.8199999999999,54.23,271.82,-54.99,141.28,112.65,-58.33,0,-30.93,10.1,0,0,0,0,0.0,0,734.33,1579.15
2025-05-07 21:15:00,2025-07-05 21:15:00,-702.44,36.37,48.6,50.68,838.09,54.23,272.6,-54.97,140.25,112.53,-58.16,0,-30.9,10.07,0,0,0,0,0.0,0,733.71,1571.8000000000002
2025-05-07 21:30:00,2025-07-05 21:30:00,-666.45,36.38,48.6,50.67,802.1,54.24,272.84,-54.95,140.84,112.5,-57.88,0,-30.92,10.07,0,0,0,0,0.0,0,734.24,1536.3400000000001
2025-05-07 21:45:00,2025-07-05 21:45:00,-693.6,36.38,48.58,50.7,829.2600000000001,54.22,272.43,-54.94,140.02,112.41,-57.57,0,-30.9,10.07,0,0,0,0,0.0,0,732.5600000000001,1561.8200000000002
2025-05-07 22:00:00,2025-07-05 22:00:00,-682.63,36.42,48.62,50.67,818.3399999999999,54.22,272.3,-54.97,142.31,112.35,-58.08,0,-30.82,10.08,0,0,0,0,0.0,0,735.1300000000001,1553.47
2025-05-07 22:15:00,2025-07-05 22:15:00,-573.96,36.42,48.58,50.67,709.63,54.19,263.61,-54.94,99.51,112.27,-57.65,0,-30.79,10.08,0,0,0,0,0.0,0,683.04,1392.67
2025-05-07 22:30:00,2025-07-05 22:30:00,-231.31,36.36,48.56,50.62,366.85,53.96,131.33,-54.94,0.0,112.15,-57.54,0,-30.81,10.06,0,0,0,0,0.0,0,450.79,817.6400000000001
2025-05-07 22:45:00,2025-07-05 22:45:00,-231.4,36.27,48.58,50.28,366.53,31.05,131.2,-53.07,0.0,112.11,-57.49,0,-30.8,10.07,0,0,0,0,0.0,0,425.79,792.3199999999999
2025-05-07 23:00:00,2025-07-05 23:00:00,-202.76,36.2,48.59,25.68,313.22999999999996,30.11,131.41,-41.25,0.0,95.94,-57.64,0,-30.77,10.06,0,0,0,0,0.0,0,397.17999999999995,710.4099999999999
2025-05-07 23:15:00,2025-07-05 23:15:00,-200.03,36.14,48.58,25.8,310.55,30.12,131.73,-41.36,18.01,89.89,-57.71,0,-30.78,10.06,0,0,0,0,0.0,0,409.6599999999999,720.2099999999999
2025-05-07 23:30:00,2025-07-05 23:30:00,-350.19,36.1,48.59,25.88,460.76,30.12,212.85,-41.38,50.47,89.91,-58.32,0,-30.79,10.05,0,0,0,0,0.0,0,523.89,984.65
2025-05-07 23:45:00,2025-07-05 23:45:00,-655.71,36.09,48.97,37.31,778.0800000000002,40.89,272.3,-46.73,69.44,109.15,-57.93,0,-30.81,10.05,0,0,0,0,0.0,0,637.2999999999998,1415.38
2025-05-08 00:00:00,2025-08-05 00:00:00,-731.87,36.09,64.23,50.68,882.87,54.21,272.4,-54.93,69.47,116.24,-57.97,0,-30.87,10.07,0,0,0,0,0.0,0,666.1600000000001,1549.0300000000002
2025-05-08 00:15:00,2025-08-05 00:15:00,-730.09,36.06,66.35,50.62,883.1200000000001,54.22,272.12,-54.91,82.91,116.13,-57.55,0,-30.87,10.06,0,0,0,0,0.0,0,678.7699999999999,1561.8899999999999
2025-05-08 00:30:00,2025-08-05 00:30:00,-644.56,36.08,66.35,50.62,797.61,54.22,272.3,-54.93,116.23,116.04,-57.56,0,-30.87,10.06,0,0,0,0,0.0,0,712.2099999999999,1509.82
2025-05-08 00:45:00,2025-08-05 00:45:00,-636.63,36.08,31.77,50.68,755.16,54.2,272.01,-54.93,115.74,115.95,-57.49,0,-30.86,10.06,0,0,0,0,0.0,0,711.24,1466.4
2025-05-08 01:00:00,2025-08-05 01:00:00,-711.09,36.11,12.0,50.67,809.87,54.22,272.04,-54.93,116.09,67.94,-57.59,0,-30.88,10.06,0,0,0,0,0.0,0,663.75,1473.62
2025-05-08 01:15:00,2025-08-05 01:15:00,-736.47,36.14,12.0,50.65,835.26,54.22,272.88,-54.95,117.86,44.22,-57.93,0,-30.87,10.06,0,0,0,0,0.0,0,642.9899999999999,1478.25
2025-05-08 01:30:00,2025-08-05 01:30:00,-637.98,36.13,12.0,50.65,736.76,54.22,272.91,-54.92,117.22,16.14,-57.82,0,-30.87,10.05,0,0,0,0,0.0,0,614.15,1350.9099999999999
2025-05-08 01:45:00,2025-08-05 01:45:00,-646.92,36.15,12.0,50.65,745.7199999999999,54.22,272.58,-54.91,124.09,0.0,-57.83,0,-30.86,10.05,0,0,0,0,0.0,0,604.54,1350.2599999999998
2025-05-08 02:00:00,2025-08-05 02:00:00,-641.51,36.15,12.0,50.6,740.26,54.23,272.08,-54.91,133.21,0.0,-57.58,0,-30.86,10.08,0,0,0,0,0.0,0,612.9500000000002,1353.21
2025-05-08 02:15:00,2025-08-05 02:15:00,-687.9,36.17,12.0,50.58,786.65,54.24,271.76,-54.89,96.48,0.0,-57.56,0,-30.87,10.08,0,0,0,0,0.0,0,575.8800000000001,1362.5300000000002
2025-05-08 02:30:00,2025-08-05 02:30:00,-724.33,36.2,12.0,50.59,823.1200000000001,54.24,272.58,-54.9,69.15,0.0,-57.93,0,-30.88,10.08,0,0,0,0,0.0,0,549.7600000000001,1372.88
2025-05-08 02:45:00,2025-08-05 02:45:00,-735.34,36.21,12.0,50.62,834.1700000000001,54.22,273.0,-54.9,72.22,0.0,-58.08,0,-30.87,10.07,0,0,0,0,0.0,0,553.3600000000001,1387.5300000000002
2025-05-08 03:00:00,2025-08-05 03:00:00,-736.19,36.23,12.0,50.61,835.0300000000001,54.23,272.96,-54.9,71.7,0.0,-58.05,0,-30.87,10.07,0,0,0,0,0.0,0,552.78,1387.81
2025-05-08 03:15:00,2025-08-05 03:15:00,-737.57,36.23,12.0,50.61,836.4100000000001,54.23,272.92,-54.87,71.95,0.0,-58.06,0,-30.87,10.07,0,0,0,0,0.0,0,552.97,1389.38
2025-05-08 03:30:00,2025-08-05 03:30:00,-678.09,36.25,12.0,33.16,759.5,54.23,272.85,-54.88,7.34,0.0,-58.2,0,-30.84,10.07,0,0,0,0,0.0,0,488.40999999999997,1247.9099999999999
2025-05-08 03:45:00,2025-08-05 03:45:00,-684.06,36.26,12.0,12.74,745.06,54.23,272.77,-54.88,0.0,0.0,-58.11,0,-30.8,10.06,0,0,0,0,0.0,0,480.85,1225.9099999999999
2025-05-08 04:00:00,2025-08-05 04:00:00,-715.11,36.29,12.0,12.77,776.17,54.24,272.82,-54.88,0.0,0.0,-58.02,0,-30.81,10.06,0,0,0,0,0.0,0,480.83,1257.0
2025-05-08 04:15:00,2025-08-05 04:15:00,-734.49,36.3,12.0,12.83,795.62,54.23,272.91,-54.87,0.0,0.0,-58.13,0,-30.79,10.07,0,0,0,0,0.0,0,481.00000000000006,1276.6200000000001
2025-05-08 04:30:00,2025-08-05 04:30:00,-736.92,36.31,12.0,12.84,798.07,54.24,272.43,-54.86,0.0,0.0,-58.31,0,-30.83,10.06,0,0,0,0,0.0,0,480.73,1278.8000000000002
2025-05-08 04:45:00,2025-08-05 04:45:00,-734.7,36.32,12.0,12.8,795.82,54.23,272.63,-54.85,0.0,0.0,-58.34,0,-30.77,10.06,0,0,0,0,0.0,0,480.88000000000005,1276.7
2025-05-08 05:00:00,2025-08-05 05:00:00,-728.48,36.35,12.0,12.83,789.6600000000001,54.24,272.94,-54.84,0.0,0.0,-57.98,0,-30.81,10.07,0,0,0,0,0.0,0,480.88,1270.54
2025-05-08 05:15:00,2025-08-05 05:15:00,-715.19,36.37,12.0,12.85,776.4100000000001,54.24,272.93,-54.84,0.0,0.0,-57.85,0,-30.79,10.07,0,0,0,0,0.0,0,480.72,1257.13
2025-05-08 05:30:00,2025-08-05 05:30:00,-680.43,36.4,12.0,12.84,741.67,54.23,271.41,-54.85,0.0,0.0,-57.5,0,-30.78,10.06,0,0,0,0,0.0,0,478.8300000000001,1220.5
2025-05-08 05:45:00,2025-08-05 05:45:00,-689.14,36.41,12.0,12.86,750.41,54.23,271.55,-54.85,0.0,0.0,-43.12,0,-30.79,10.06,0,0,0,0,0.0,0,464.6000000000001,1215.01
2025-05-08 06:00:00,2025-08-05 06:00:00,-640.52,36.44,12.0,12.88,701.84,54.23,270.81,-54.86,0.0,0.0,-24.45,0,-30.79,10.06,0,0,0,0,0.0,0,445.20000000000005,1147.04
2025-05-08 06:15:00,2025-08-05 06:15:00,-669.29,36.44,12.0,12.88,730.61,54.22,272.4,-54.84,0.0,0.0,-24.47,0,-30.77,10.06,0,0,0,0,0.0,0,446.76000000000005,1177.3700000000001
2025-05-08 06:30:00,2025-08-05 06:30:00,-728.0,36.45,12.0,12.87,789.32,54.22,272.91,-54.85,0.0,0.0,-24.49,0,-30.79,10.07,0,0,0,0,0.0,0,447.33000000000004,1236.65
2025-05-08 06:45:00,2025-08-05 06:45:00,-691.59,36.46,12.0,12.88,752.9300000000001,51.21,272.89,-54.85,0.0,0.0,-24.48,0,-30.78,10.07,0,0,0,0,0.0,0,444.28000000000003,1197.21
2025-05-08 07:00:00,2025-08-05 07:00:00,-603.33,36.45,12.0,12.88,664.6600000000001,46.2,273.07,-54.83,0.0,0.0,-24.46,0,-30.77,10.06,0,0,0,0,0.0,0,439.38999999999993,1104.05
2025-05-08 07:15:00,2025-08-05 07:15:00,-306.12,36.47,12.0,12.89,367.48,46.19,272.48,-54.84,0.0,0.0,-24.46,0,-30.75,10.06,0,0,0,0,0.0,0,438.78,806.26
2025-05-08 07:30:00,2025-08-05 07:30:00,-336.07,36.49,12.0,12.88,397.44,46.2,272.83,-54.83,0.0,0.0,-24.48,0,-30.74,10.06,0,0,0,0,0.0,0,439.14,836.5799999999999
2025-05-08 07:45:00,2025-08-05 07:45:00,-243.1,36.48,12.0,12.88,304.46,46.18,222.65,-54.83,0.0,0.0,-7.99,0,-24.9,10.05,0,0,0,0,0.0,0,366.59999999999997,671.06
2025-05-08 08:00:00,2025-08-05 08:00:00,-315.68,36.47,12.0,12.86,377.01,46.2,210.89,-54.83,0.0,0.0,0.0,0,-15.27,10.06,0,0,0,0,0.0,0,337.24999999999994,714.26
2025-05-08 08:15:00,2025-08-05 08:15:00,-327.43,36.44,12.0,12.84,388.71,46.2,211.01,-54.81,0.0,0.0,0.0,0,-15.26,10.06,0,0,0,0,0.0,0,337.34,726.05
2025-05-08 08:30:00,2025-08-05 08:30:00,-281.75,36.44,12.0,11.68,341.87,39.78,214.34,-49.75,0.0,0.0,0.0,0,-8.09,7.62,0,0,0,0,0.0,0,319.58,661.45
2025-05-08 08:45:00,2025-08-05 08:45:00,-243.95,36.41,12.0,6.4,298.76,20.16,211.46,-42.49,0.0,0.0,0.0,0,0.19,5.42,0,0,0,0,0.0,0,279.72,578.48
2025-05-08 09:00:00,2025-08-05 09:00:00,-247.27,36.45,12.0,6.37,302.09000000000003,20.07,242.18,-41.76,0.0,0.0,0.0,0,0.11,5.43,0,0,0,0,0.0,0,309.55,611.6400000000001
2025-05-08 09:15:00,2025-08-05 09:15:00,-364.15,36.43,12.0,6.37,418.95,20.06,273.09,-41.6,0.0,0.0,0.0,0,0.08,5.43,0,0,0,0,0.0,0,340.26,759.21
2025-05-08 09:30:00,2025-08-05 09:30:00,-366.98,36.45,12.0,6.36,421.79,20.07,273.65,-26.39,0.0,0.0,0.0,0,0.09,5.43,0,0,0,0,0.0,0,325.62999999999994,747.42
2025-05-08 09:45:00,2025-08-05 09:45:00,-333.91,36.44,12.0,6.35,388.70000000000005,20.07,272.24,-20.62,0.0,0.0,0.0,0,0.1,5.43,0,0,0,0,0.0,0,318.46000000000004,707.1600000000001
2025-05-08 10:00:00,2025-08-05 10:00:00,-344.6,36.47,12.0,6.34,399.41,20.07,230.05,-20.67,0.0,0.0,0.0,0,0.09,5.43,0,0,0,0,0.0,0,276.31,675.72
2025-05-08 10:15:00,2025-08-05 10:15:00,-366.64,36.46,12.0,6.34,421.43999999999994,20.07,242.75,-20.69,0.0,0.0,0.0,0,0.09,5.43,0,0,0,0,0.0,0,289.03,710.4699999999999
2025-05-08 10:30:00,2025-08-05 10:30:00,-441.36,36.45,12.0,6.34,496.15,20.09,191.42,-20.69,0.0,0.0,0.0,0,0.08,5.43,0,0,0,0,0.0,0,237.71,733.86
2025-05-08 10:45:00,2025-08-05 10:45:00,-414.48,36.37,12.0,6.34,469.19,20.08,181.81,-20.65,0.0,0.0,0.0,0,0.09,5.43,0,0,0,0,0.0,0,228.06,697.25
2025-05-08 11:00:00,2025-08-05 11:00:00,-249.73,36.33,12.0,6.34,304.4,20.08,176.33,-20.64,0.0,0.0,0.0,0,0.11,5.43,0,0,0,0,0.0,0,222.59000000000003,526.99
2025-05-08 11:15:00,2025-08-05 11:15:00,-223.34,36.28,12.0,6.33,277.95,20.09,184.47,-20.63,0.0,0.0,0.0,0,0.11,5.42,0,0,0,0,0.0,0,230.72,508.66999999999996
2025-05-08 11:30:00,2025-08-05 11:30:00,-194.71,36.23,12.0,6.36,249.3,20.1,208.68,-20.63,0.0,0.0,0.0,0,0.11,5.42,0,0,0,0,0.0,0,254.94,504.24
2025-05-08 11:45:00,2025-08-05 11:45:00,-180.6,36.19,12.0,6.37,235.16,20.08,214.0,-20.61,0.0,0.0,0.0,0,0.12,5.43,0,0,0,0,0.0,0,260.24,495.4
2025-05-08 12:00:00,2025-08-05 12:00:00,-187.94,36.18,12.0,6.37,242.49,20.09,212.22,-20.59,0.0,0.0,0.0,0,0.12,5.42,0,0,0,0,0.0,0,258.44,500.93
2025-05-08 12:15:00,2025-08-05 12:15:00,-210.38,36.15,12.0,6.38,264.90999999999997,20.09,266.35,-20.63,0.0,0.0,0.0,0,0.1,5.42,0,0,0,0,0.0,0,312.59000000000003,577.5
2025-05-08 12:30:00,2025-08-05 12:30:00,-231.33,36.17,12.0,6.38,285.88,20.09,274.13,-20.61,0.0,0.0,0.0,0,0.09,5.43,0,0,0,0,0.0,0,320.34999999999997,606.23
2025-05-08 12:45:00,2025-08-05 12:45:00,-307.35,36.2,12.0,6.39,361.94,20.08,262.44,-20.6,0.0,0.0,0.0,0,0.1,5.42,0,0,0,0,0.0,0,308.64000000000004,670.58
2025-05-08 13:00:00,2025-08-05 13:00:00,-288.63,36.19,12.0,6.4,343.21999999999997,20.08,214.14,-20.64,0.0,0.0,0.0,0,0.11,5.42,0,0,0,0,0.0,0,260.39,603.6099999999999
2025-05-08 13:15:00,2025-08-05 13:15:00,-247.45,36.17,12.0,6.39,302.01,20.07,215.95,-20.67,0.0,0.0,0.0,0,0.11,5.42,0,0,0,0,0.0,0,262.22,564.23
2025-05-08 13:30:00,2025-08-05 13:30:00,-284.87,36.13,12.0,6.38,339.38,20.09,216.35,-20.66,0.0,0.0,0.0,0,0.11,5.42,0,0,0,0,0.0,0,262.63000000000005,602.01
2025-05-08 13:45:00,2025-08-05 13:45:00,-445.16,36.11,12.0,6.39,499.66,20.09,215.83,-20.66,0.0,0.0,0.0,0,0.1,5.42,0,0,0,0,0.0,0,262.1000000000001,761.7600000000001
2025-05-08 14:00:00,2025-08-05 14:00:00,-447.52,36.08,12.0,6.4,501.99999999999994,20.09,212.92,-20.64,21.49,0.0,0.0,0,0.11,5.42,0,0,0,0,0.0,0,280.67,782.67
2025-05-08 14:15:00,2025-08-05 14:15:00,-469.71,36.08,12.0,6.39,524.18,20.09,213.54,-20.63,51.31,0.0,0.0,0,0.12,5.42,0,0,0,0,0.0,0,311.11,835.29
2025-05-08 14:30:00,2025-08-05 14:30:00,-438.22,35.98,12.0,6.38,492.58000000000004,20.09,200.68,-20.6,47.95,0.0,-6.13,0,0.11,5.41,0,0,0,0,0.0,0,300.97,793.5500000000001
2025-05-08 14:45:00,2025-08-05 14:45:00,-468.53,35.99,12.0,6.38,522.9,20.08,211.73,-20.62,52.52,0.0,-22.11,0,0.1,5.42,0,0,0,0,0.0,0,332.58000000000004,855.48
2025-05-08 15:00:00,2025-08-05 15:00:00,-562.35,35.95,12.0,6.37,616.6700000000001,20.08,209.27,-30.43,50.87,0.0,-23.76,0,0.09,5.42,0,0,0,0,0.0,0,339.92,956.5900000000001
2025-05-08 15:15:00,2025-08-05 15:15:00,-601.79,35.92,12.0,6.37,656.0799999999999,20.09,214.22,-40.41,53.14,0.0,-24.0,0,0.09,5.42,0,0,0,0,0.0,0,357.37,1013.4499999999999
2025-05-08 15:30:00,2025-08-05 15:30:00,-626.33,35.89,12.0,6.37,680.59,20.08,214.03,-40.43,57.04,0.0,-24.02,0,0.09,5.42,0,0,0,0,0.0,0,361.11,1041.7
2025-05-08 15:45:00,2025-08-05 15:45:00,-638.13,35.86,12.0,6.38,692.37,20.09,212.83,-40.42,75.08,0.0,-24.93,0,0.09,5.42,0,0,0,0,0.0,0,378.86,1071.23
2025-05-08 16:00:00,2025-08-05 16:00:00,-598.96,35.81,12.0,6.38,653.15,20.08,214.63,-40.42,82.95,0.0,-27.26,0,0.09,5.42,0,0,0,0,0.0,0,390.84999999999997,1044.0
2025-05-08 16:15:00,2025-08-05 16:15:00,-530.49,35.75,12.0,6.39,584.63,20.09,214.18,-40.43,113.85,0.0,-28.24,0,0.1,5.42,0,0,0,0,0.0,0,422.31,1006.94
2025-05-08 16:30:00,2025-08-05 16:30:00,-410.87,35.74,12.0,6.39,465.0,20.09,209.47,-40.37,124.9,0.0,-27.86,0,0.11,5.42,0,0,0,0,0.0,0,428.2200000000001,893.22
2025-05-08 16:45:00,2025-08-05 16:45:00,-539.33,35.7,12.0,6.38,593.4100000000001,20.08,214.0,-40.36,125.13,0.0,-27.07,0,0.09,5.42,0,0,0,0,0.0,0,432.15,1025.56
2025-05-08 17:00:00,2025-08-05 17:00:00,-549.47,35.67,12.0,6.38,603.52,20.1,208.48,-40.34,105.17,0.0,-27.74,0,0.09,5.42,0,0,0,0,0.0,0,407.34,1010.8599999999999
2025-05-08 17:15:00,2025-08-05 17:15:00,-692.09,35.69,12.0,6.4,746.18,20.09,222.74,-40.48,109.29,0.0,-29.35,0,0.07,5.43,0,0,0,0,0.0,0,427.45000000000005,1173.63
2025-05-08 17:30:00,2025-08-05 17:30:00,-736.77,35.68,12.0,6.4,790.8499999999999,20.08,252.81,-48.25,113.39,0.0,-29.55,0,0.07,5.88,0,0,0,0,0.0,0,470.03,1260.8799999999999
2025-05-08 17:45:00,2025-08-05 17:45:00,-723.48,35.62,12.0,6.39,777.49,20.08,272.96,-54.73,103.17,0.0,-28.15,0,0.07,10.01,0,0,0,0,0.0,0,489.16999999999996,1266.6599999999999
2025-05-08 18:00:00,2025-08-05 18:00:00,-661.29,35.64,12.0,6.39,715.3199999999999,20.09,268.18,-54.72,99.0,0.0,-28.35,0,0.08,10.02,0,0,0,0,0.0,0,480.44,1195.76
2025-05-08 18:15:00,2025-08-05 18:15:00,-682.53,35.66,26.67,7.25,752.1099999999999,20.1,272.36,-54.74,103.01,0.0,-28.89,0,0.08,10.02,0,0,0,0,0.0,0,489.2,1241.31
2025-05-08 18:30:00,2025-08-05 18:30:00,-731.8,35.73,63.93,28.06,859.5199999999999,41.18,272.02,-54.75,164.82,5.7,-29.29,0,0.04,10.03,0,0,0,0,0.0,0,577.8299999999999,1437.35
2025-05-08 18:45:00,2025-08-05 18:45:00,-725.07,35.73,66.4,40.41,867.61,54.23,272.06,-54.75,166.17,53.56,-29.2,0,0.02,10.02,0,0,0,0,0.0,0,640.01,1507.62
2025-05-08 19:00:00,2025-08-05 19:00:00,-736.58,35.78,66.4,50.41,889.17,54.22,272.86,-54.79,168.14,56.14,-29.56,0,0.01,10.02,0,0,0,0,0.0,0,645.7399999999999,1534.9099999999999
2025-05-08 19:15:00,2025-08-05 19:15:00,-738.8,35.78,66.38,50.45,891.41,54.22,273.01,-54.8,168.99,56.06,-29.82,0,0.02,10.02,0,0,0,0,0.0,0,646.9399999999999,1538.35
2025-05-08 19:30:00,2025-08-05 19:30:00,-732.66,35.76,66.36,50.4,885.18,54.21,272.51,-54.78,166.46,56.05,-29.6,0,0.01,10.01,0,0,0,0,0.0,0,643.63,1528.81
2025-05-08 19:45:00,2025-08-05 19:45:00,-723.82,35.75,66.34,50.37,876.2800000000001,54.21,271.73,-54.78,165.58,55.98,-29.09,0,0.01,10.0,0,0,0,0,0.0,0,641.3800000000001,1517.6600000000003
2025-05-08 20:00:00,2025-08-05 20:00:00,-499.96,35.77,66.34,50.39,652.46,54.23,270.4,-54.75,165.49,85.33,-28.93,0,0.02,10.02,0,0,0,0,0.0,0,669.17,1321.63
2025-05-08 20:15:00,2025-08-05 20:15:00,-452.44,35.77,66.33,50.38,604.92,54.23,271.2,-54.76,166.09,92.6,-29.01,0,0.03,10.01,0,0,0,0,0.0,0,677.93,1282.85
2025-05-08 20:30:00,2025-08-05 20:30:00,-461.94,35.81,66.32,50.35,614.42,54.22,272.19,-54.74,166.9,92.55,-29.12,0,0.02,10.02,0,0,0,0,0.0,0,679.7599999999999,1294.1799999999998
2025-05-08 20:45:00,2025-08-05 20:45:00,-455.8,35.8,66.31,50.36,608.2700000000001,54.23,271.4,-54.76,166.25,92.43,-29.03,0,0.02,10.01,0,0,0,0,0.0,0,678.1299999999999,1286.4
2025-05-08 21:00:00,2025-08-05 21:00:00,-445.8,35.81,66.31,50.36,598.2800000000001,54.23,269.42,-54.74,165.09,92.02,-28.88,0,0.03,10.01,0,0,0,0,0.0,0,674.42,1272.7
2025-05-08 21:15:00,2025-08-05 21:15:00,-444.32,35.85,66.29,50.35,596.8100000000001,54.23,269.57,-54.77,164.99,91.73,-28.87,0,0.03,10.01,0,0,0,0,0.0,0,674.1999999999999,1271.01
2025-05-08 21:30:00,2025-08-05 21:30:00,-557.49,35.86,66.31,50.35,710.0100000000001,54.24,271.33,-54.76,166.02,91.9,-28.98,0,0.02,10.01,0,0,0,0,0.0,0,677.26,1387.27
2025-05-08 21:45:00,2025-08-05 21:45:00,-615.28,35.88,66.29,50.36,767.81,54.23,272.46,-54.76,166.65,91.83,-29.12,0,0.01,10.0,0,0,0,0,0.0,0,679.0600000000001,1446.87
2025-05-08 22:00:00,2025-08-05 22:00:00,-621.09,35.89,66.3,50.39,773.67,54.24,271.73,-54.76,166.76,91.8,-29.2,0,0.01,10.0,0,0,0,0,0.0,0,678.5,1452.17
2025-05-08 22:15:00,2025-08-05 22:15:00,-722.78,35.93,66.3,50.62,875.6299999999999,54.22,272.65,-54.8,167.8,91.74,-29.46,0,0.0,10.0,0,0,0,0,0.0,0,680.6700000000001,1556.3
2025-05-08 22:30:00,2025-08-05 22:30:00,-738.3,35.96,66.3,50.62,891.18,54.23,272.64,-54.8,168.48,110.17,-29.84,0,-0.01,10.01,0,0,0,0,0.0,0,700.18,1591.36
2025-05-08 22:45:00,2025-08-05 22:45:00,-730.57,35.93,66.3,50.6,883.4,54.22,272.49,-54.81,166.36,115.1,-29.71,0,-0.01,9.99,0,0,0,0,0.0,0,702.6900000000002,1586.0900000000001
2025-05-08 23:00:00,2025-08-05 23:00:00,-735.16,35.88,66.3,50.59,887.93,54.22,272.55,-54.78,165.88,114.95,-29.38,0,-0.02,9.99,0,0,0,0,0.0,0,701.77,1589.6999999999998
2025-05-08 23:15:00,2025-08-05 23:15:00,-734.55,35.89,66.29,50.61,887.3399999999999,54.22,272.63,-54.76,165.79,114.82,-29.28,0,-0.01,9.99,0,0,0,0,0.0,0,701.5,1588.84
2025-05-08 23:30:00,2025-08-05 23:30:00,-738.45,35.91,66.28,50.61,891.25,54.23,272.55,-54.76,165.91,114.68,-29.25,0,-0.02,10.0,0,0,0,0,0.0,0,701.4000000000001,1592.65
2025-05-08 23:45:00,2025-08-05 23:45:00,-738.87,35.93,66.28,50.63,891.7099999999999,54.22,272.66,-54.76,167.39,114.61,-29.43,0,-14.48,9.99,0,0,0,0,0.0,0,717.54,1609.25
2025-05-09 00:00:00,2025-09-05 00:00:00,-738.14,35.95,66.28,35.48,875.85,54.22,272.57,-54.78,168.12,114.51,-29.56,0,-15.56,10.0,0,0,0,0,0.0,0,719.3199999999998,1595.1699999999998
2025-05-09 00:15:00,2025-09-05 00:15:00,-738.56,35.97,66.27,6.36,847.16,54.22,272.64,-54.78,168.46,114.4,-29.6,0,-15.51,10.0,0,0,0,0,0.0,0,719.61,1566.77
2025-05-09 00:30:00,2025-09-05 00:30:00,-727.01,35.95,47.92,6.37,817.25,54.23,272.41,-54.73,163.42,114.24,-29.25,0,-15.51,9.99,0,0,0,0,0.0,0,713.7800000000001,1531.0300000000002
2025-05-09 00:45:00,2025-09-05 00:45:00,-736.11,35.98,12.0,6.41,790.5,54.23,272.76,-54.75,144.15,114.14,-29.55,0,-15.51,10.0,0,0,0,0,0.0,0,695.0899999999999,1485.59
2025-05-09 01:00:00,2025-09-05 01:00:00,-734.8,35.98,12.0,6.46,789.24,54.23,272.79,-54.73,145.44,109.27,-29.36,0,-15.52,9.99,0,0,0,0,0.0,0,691.33,1480.5700000000002
2025-05-09 01:15:00,2025-09-05 01:15:00,-733.91,35.98,12.0,6.45,788.34,54.21,272.48,-54.7,144.27,91.79,-29.3,0,-15.51,9.98,0,0,0,0,0.0,0,672.2399999999999,1460.58
2025-05-09 01:30:00,2025-09-05 01:30:00,-728.26,36.0,12.0,6.44,782.7,54.24,271.67,-54.68,113.49,82.64,-29.11,0,-15.51,9.98,0,0,0,0,0.0,0,631.32,1414.02
2025-05-09 01:45:00,2025-09-05 01:45:00,-729.17,36.02,12.0,6.43,783.6199999999999,54.23,270.71,-54.7,90.6,47.21,-29.01,0,-15.5,9.98,0,0,0,0,0.0,0,571.94,1355.56
2025-05-09 02:00:00,2025-09-05 02:00:00,-628.95,36.04,12.0,6.42,683.41,54.24,272.32,-54.7,38.55,12.21,-29.1,0,-4.89,10.0,0,0,0,0,0.0,0,476.01,1159.42
2025-05-09 02:15:00,2025-09-05 02:15:00,-565.5,36.06,12.0,6.39,619.9499999999999,54.22,273.0,-54.7,0.02,0.0,-29.3,0,0.07,10.01,0,0,0,0,0.0,0,421.32,1041.27
2025-05-09 02:30:00,2025-09-05 02:30:00,-577.79,36.07,12.0,6.38,632.24,54.21,272.93,-54.7,0.0,0.0,-29.45,0,0.06,10.01,0,0,0,0,0.0,0,421.35999999999996,1053.6
2025-05-09 02:45:00,2025-09-05 02:45:00,-519.88,36.04,12.0,6.38,574.3,54.23,272.5,-54.71,0.0,0.0,-29.1,0,0.06,10.0,0,0,0,0,0.0,0,420.6,994.9
2025-05-09 03:00:00,2025-09-05 03:00:00,-492.05,36.04,12.0,6.37,546.46,54.23,271.1,-54.7,0.0,0.0,-28.97,0,0.06,10.0,0,0,0,0,0.0,0,419.06,965.52
2025-05-09 03:15:00,2025-09-05 03:15:00,-477.22,36.07,12.0,6.36,531.6500000000001,54.23,271.64,-54.69,0.0,0.0,-29.0,0,0.06,10.0,0,0,0,0,0.0,0,419.62,951.2700000000001
2025-05-09 03:30:00,2025-09-05 03:30:00,-479.26,36.08,12.0,6.36,533.7,54.23,272.18,-54.7,0.0,0.0,-29.03,0,0.06,10.0,0,0,0,0,0.0,0,420.2,953.9000000000001
2025-05-09 03:45:00,2025-09-05 03:45:00,-479.98,36.07,12.0,6.35,534.4000000000001,54.21,271.68,-54.71,0.0,0.0,-29.02,0,0.06,10.0,0,0,0,0,0.0,0,419.67999999999995,954.08
2025-05-09 04:00:00,2025-09-05 04:00:00,-469.28,36.1,12.0,6.34,523.72,54.22,269.35,-54.69,0.0,0.0,-28.87,0,0.06,10.01,0,0,0,0,0.0,0,417.20000000000005,940.9200000000001
2025-05-09 04:15:00,2025-09-05 04:15:00,-483.06,36.11,12.0,6.35,537.52,54.21,272.4,-54.69,0.0,0.0,-29.08,0,0.06,10.0,0,0,0,0,0.0,0,420.43999999999994,957.9599999999999
2025-05-09 04:30:00,2025-09-05 04:30:00,-477.19,36.13,12.0,6.35,531.6700000000001,54.22,271.03,-54.69,0.0,0.0,-28.99,0,0.06,10.01,0,0,0,0,0.0,0,419.0,950.6700000000001
2025-05-09 04:45:00,2025-09-05 04:45:00,-475.69,36.16,12.0,6.36,530.21,54.21,270.34,-54.69,0.0,0.0,-28.95,0,0.06,10.01,0,0,0,0,0.0,0,418.25999999999993,948.47
2025-05-09 05:00:00,2025-09-05 05:00:00,-601.44,36.18,12.0,6.36,655.98,54.23,270.3,-54.67,0.0,0.0,-29.04,0,0.06,10.0,0,0,0,0,0.0,0,418.30000000000007,1074.2800000000002
2025-05-09 05:15:00,2025-09-05 05:15:00,-695.13,36.21,12.0,6.35,749.69,54.23,272.73,-54.67,0.0,0.0,-29.27,0,0.05,10.0,0,0,0,0,0.0,0,420.95000000000005,1170.64
2025-05-09 05:30:00,2025-09-05 05:30:00,-716.86,36.23,12.0,6.37,771.46,54.23,272.69,-54.68,0.0,0.0,-29.3,0,0.05,10.0,0,0,0,0,0.0,0,420.95000000000005,1192.41
2025-05-09 05:45:00,2025-09-05 05:45:00,-729.15,36.24,12.0,6.38,783.77,54.22,272.5,-54.67,0.0,0.0,-29.17,0,0.06,10.0,0,0,0,0,0.0,0,420.62000000000006,1204.39
2025-05-09 06:00:00,2025-09-05 06:00:00,-724.44,36.24,12.0,12.09,784.7700000000001,54.23,272.3,-54.66,0.0,0.0,-29.14,0,0.04,10.0,0,0,0,0,0.0,0,420.37000000000006,1205.14
2025-05-09 06:15:00,2025-09-05 06:15:00,-725.35,36.25,12.0,12.67,786.27,54.22,272.93,-54.66,0.0,0.0,-29.1,0,0.04,10.0,0,0,0,0,0.0,0,420.95,1207.22
2025-05-09 06:30:00,2025-09-05 06:30:00,-724.93,36.24,12.0,12.67,785.8399999999999,54.22,272.56,-54.66,0.0,0.0,-29.14,0,0.04,10.0,0,0,0,0,0.0,0,420.61999999999995,1206.4599999999998
2025-05-09 06:45:00,2025-09-05 06:45:00,-655.6,36.27,12.0,10.27,714.14,47.37,272.48,-54.64,0.0,0.0,-29.08,0,0.05,10.0,0,0,0,0,0.0,0,413.62,1127.76
2025-05-09 07:00:00,2025-09-05 07:00:00,-546.24,36.27,12.0,6.37,600.88,30.11,273.15,-54.63,0.0,0.0,-29.18,0,0.06,9.99,0,0,0,0,0.0,0,397.12,998.0
2025-05-09 07:15:00,2025-09-05 07:15:00,-380.03,36.31,12.0,6.37,434.71,30.12,273.27,-54.64,0.0,0.0,-29.26,0,0.08,9.99,0,0,0,0,0.0,0,397.35999999999996,832.0699999999999
2025-05-09 07:30:00,2025-09-05 07:30:00,-252.37,36.33,12.0,4.83,305.53,30.12,273.3,-54.67,0.0,0.0,-29.6,0,0.1,9.99,0,0,0,0,0.0,0,397.7800000000001,703.3100000000001
2025-05-09 07:45:00,2025-09-05 07:45:00,-166.03,36.35,12.0,0.0,214.38,30.14,273.64,-48.16,0.0,0.0,-29.58,0,0.12,9.99,0,0,0,0,0.0,0,391.62999999999994,606.01
2025-05-09 08:00:00,2025-09-05 08:00:00,-267.35,36.38,12.0,0.0,315.73,30.15,273.57,-47.84,0.0,0.0,-29.7,0,0.1,10.0,0,0,0,0,0.0,0,391.35999999999996,707.0899999999999
2025-05-09 08:15:00,2025-09-05 08:15:00,-294.69,36.35,12.0,0.0,343.04,30.15,273.94,-54.72,0.0,0.0,-29.77,0,0.07,10.0,0,0,0,0,0.0,0,398.6499999999999,741.6899999999999
2025-05-09 08:30:00,2025-09-05 08:30:00,-294.19,36.35,12.0,0.0,342.54,30.14,273.97,-54.7,0.0,0.0,-29.75,0,0.07,7.33,0,0,0,0,0.0,0,395.96,738.5
2025-05-09 08:45:00,2025-09-05 08:45:00,-167.16,36.34,12.0,0.0,215.5,30.14,272.97,-54.68,0.0,0.0,-29.06,0,0.09,5.38,0,0,0,0,0.0,0,392.32,607.8199999999999
2025-05-09 09:00:00,2025-09-05 09:00:00,-172.04,36.37,12.0,0.0,220.41,30.15,273.01,-54.69,0.0,0.0,-29.0,0,0.09,5.38,0,0,0,0,0.0,0,392.31999999999994,612.7299999999999
2025-05-09 09:15:00,2025-09-05 09:15:00,-329.48,36.39,12.0,0.0,377.87,30.15,274.07,-54.7,0.0,0.0,-29.26,0,0.08,5.38,0,0,0,0,0.0,0,393.63999999999993,771.51
2025-05-09 09:30:00,2025-09-05 09:30:00,-472.83,36.38,12.0,0.0,521.21,30.13,274.24,-54.69,0.0,0.0,-29.31,0,0.07,5.38,0,0,0,0,0.0,0,393.82,915.03
2025-05-09 09:45:00,2025-09-05 09:45:00,-438.13,36.4,12.0,0.0,486.53,30.14,273.18,-54.65,0.0,0.0,-29.04,0,0.06,5.38,0,0,0,0,0.0,0,392.45,878.98
2025-05-09 10:00:00,2025-09-05 10:00:00,-323.92,36.4,12.0,0.0,372.32,30.15,271.12,-54.67,55.75,0.0,-28.89,0,0.07,5.38,0,0,0,0,0.0,0,446.03,818.3499999999999
2025-05-09 10:15:00,2025-09-05 10:15:00,-235.58,36.37,12.0,0.0,283.95,30.14,273.31,-54.63,86.25,0.0,-28.96,0,0.08,5.38,0,0,0,0,0.0,0,478.74999999999994,762.6999999999999
2025-05-09 10:30:00,2025-09-05 10:30:00,-217.9,36.38,12.0,0.0,266.28,30.14,271.96,-54.63,65.62,0.0,-28.84,0,0.08,5.37,0,0,0,0,0.0,0,456.63999999999993,722.9199999999998
2025-05-09 10:45:00,2025-09-05 10:45:00,-133.05,36.4,12.0,0.0,181.45000000000002,30.14,271.25,-54.64,95.79,0.0,-23.32,0,0.09,5.38,0,0,0,0,0.0,0,480.60999999999996,662.06
2025-05-09 11:00:00,2025-09-05 11:00:00,-101.63,36.39,12.0,0.0,150.01999999999998,30.14,227.9,-45.0,73.58,0.0,-16.7,0,0.1,5.38,0,0,0,0,0.0,0,398.8,548.8199999999999
2025-05-09 11:15:00,2025-09-05 11:15:00,-240.73,36.41,12.0,0.0,289.14,30.15,274.03,-54.52,67.66,0.0,-17.22,0,0.08,5.38,0,0,0,0,0.0,0,449.0399999999999,738.1799999999998
2025-05-09 11:30:00,2025-09-05 11:30:00,-191.27,36.42,12.0,0.0,239.69,30.14,204.64,-54.65,67.24,0.0,-17.17,0,0.09,5.38,0,0,0,0,0.0,0,379.30999999999995,619.0
2025-05-09 11:45:00,2025-09-05 11:45:00,-318.17,36.38,12.0,0.0,366.55,30.14,160.13,-54.65,66.47,0.0,-17.12,0,0.07,5.38,0,0,0,0,0.0,0,333.96,700.51
2025-05-09 12:00:00,2025-09-05 12:00:00,-230.9,36.27,12.0,0.0,279.17,30.15,127.97,-54.63,63.21,0.0,-16.74,0,0.08,5.37,0,0,0,0,0.0,0,298.15,577.3199999999999
2025-05-09 12:15:00,2025-09-05 12:15:00,-274.35,36.23,12.0,0.0,322.58000000000004,30.14,233.86,-54.62,65.35,0.0,-16.97,0,0.08,5.38,0,0,0,0,0.0,0,406.40000000000003,728.98
2025-05-09 12:30:00,2025-09-05 12:30:00,-228.95,36.24,12.0,0.0,277.19,30.15,202.89,-54.65,66.92,0.0,-17.18,0,0.08,5.37,0,0,0,0,0.0,0,377.24,654.4300000000001
2025-05-09 12:45:00,2025-09-05 12:45:00,-228.71,36.18,12.0,0.0,276.89,30.14,171.7,-54.65,67.39,0.0,-17.05,0,0.07,5.37,0,0,0,0,0.0,0,346.36999999999995,623.26
2025-05-09 13:00:00,2025-09-05 13:00:00,-108.6,36.12,12.0,0.0,156.72,30.14,134.47,-42.04,66.51,0.0,-16.78,0,0.09,5.37,0,0,0,0,0.0,0,295.40000000000003,452.12
2025-05-09 13:15:00,2025-09-05 13:15:00,-162.53,36.03,12.0,0.0,210.56,30.12,135.23,-41.45,67.64,0.0,-16.95,0,0.08,5.37,0,0,0,0,0.0,0,296.84,507.4
2025-05-09 13:30:00,2025-09-05 13:30:00,-217.79,35.99,12.0,0.0,265.78,30.13,139.26,-41.46,69.25,0.0,-17.15,0,0.07,5.38,0,0,0,0,0.0,0,302.7,568.48
2025-05-09 13:45:00,2025-09-05 13:45:00,-208.23,35.91,12.0,0.0,256.14,30.13,136.64,-54.11,68.14,0.0,-17.04,0,0.08,5.37,0,0,0,0,0.0,0,311.51,567.65
2025-05-09 14:00:00,2025-09-05 14:00:00,-112.9,35.83,12.0,0.0,160.73000000000002,30.14,135.96,-54.6,93.59,0.0,-16.92,0,0.09,5.38,0,0,0,0,0.0,0,336.68,497.41
2025-05-09 14:15:00,2025-09-05 14:15:00,-194.88,35.74,12.0,0.0,242.62,30.13,144.66,-54.61,113.56,0.0,-16.86,0,0.09,2.03,0,0,0,0,0.0,0,361.93999999999994,604.56
2025-05-09 14:30:00,2025-09-05 14:30:00,-247.58,35.69,12.0,0.0,295.27,30.11,185.79,-54.61,145.83,0.0,-16.93,0,0.09,0.0,0,0,0,0,0.0,0,433.36,728.63
2025-05-09 14:45:00,2025-09-05 14:45:00,-214.33,35.65,12.0,0.0,261.98,30.13,187.23,-54.6,146.07,0.0,-16.94,0,0.09,0.0,0,0,0,0,0.0,0,435.05999999999995,697.04
2025-05-09 15:00:00,2025-09-05 15:00:00,-200.86,35.58,12.0,0.0,248.44,30.13,213.17,-54.57,144.24,0.0,-16.7,0,0.1,0.0,0,0,0,0,0.0,0,458.91,707.35
2025-05-09 15:15:00,2025-09-05 15:15:00,-314.12,35.58,12.0,1.28,362.97999999999996,30.12,214.96,-54.59,150.22,0.0,-16.87,0,0.09,0.0,0,0,0,0,0.0,0,466.84999999999997,829.8299999999999
2025-05-09 15:30:00,2025-09-05 15:30:00,-376.79,35.54,12.0,6.44,430.77000000000004,30.12,240.11,-54.57,155.72,0.0,-16.91,0,0.07,0.0,0,0,0,0,0.0,0,497.5,928.27
2025-05-09 15:45:00,2025-09-05 15:45:00,-369.27,35.53,12.0,6.41,423.21,30.11,273.04,-54.57,154.75,0.0,-16.73,0,0.07,0.0,0,0,0,0,0.0,0,529.2700000000001,952.48
2025-05-09 16:00:00,2025-09-05 16:00:00,-351.82,35.52,12.0,6.42,405.76,30.13,271.03,-54.55,152.95,0.0,-16.52,0,0.17,0.0,0,0,0,0,0.0,0,525.3499999999999,931.1099999999999
2025-05-09 16:15:00,2025-09-05 16:15:00,-458.5,35.52,12.0,11.15,517.17,30.13,272.19,-54.55,162.26,0.0,-16.57,0,-4.82,0.0,0,0,0,0,0.0,0,540.5200000000001,1057.69
2025-05-09 16:30:00,2025-09-05 16:30:00,-526.9,35.52,12.0,17.05,591.4699999999999,30.12,272.87,-54.56,147.38,0.0,-16.67,0,-15.37,0.0,0,0,0,0,0.0,0,536.97,1128.44
2025-05-09 16:45:00,2025-09-05 16:45:00,-497.38,35.56,12.0,19.04,563.98,30.13,273.42,-54.57,155.11,0.0,-16.9,0,-25.62,0.0,0,0,0,0,0.0,0,555.75,1119.73
2025-05-09 17:00:00,2025-09-05 17:00:00,-409.78,35.6,12.0,19.13,476.51,30.12,273.46,-54.59,165.98,0.0,-16.91,0,-30.76,0.0,0,0,0,0,0.0,0,571.8199999999999,1048.33
2025-05-09 17:15:00,2025-09-05 17:15:00,-414.78,35.62,12.0,20.67,483.07,30.15,273.44,-54.59,128.29,0.0,-17.09,0,-30.79,0.0,0,0,0,0,0.0,0,534.3499999999999,1017.4199999999998
2025-05-09 17:30:00,2025-09-05 17:30:00,-616.86,35.61,12.0,25.32,689.7900000000001,30.15,273.53,-54.56,139.77,0.0,-16.87,0,-30.8,0.0,0,0,0,0,0.0,0,545.68,1235.47
2025-05-09 17:45:00,2025-09-05 17:45:00,-681.86,35.62,14.8,25.3,757.5799999999999,30.14,273.29,-54.57,141.07,0.0,-16.83,0,-30.79,0.0,0,0,0,0,0.0,0,546.6899999999999,1304.27
2025-05-09 18:00:00,2025-09-05 18:00:00,-559.3,35.55,20.88,25.29,641.0199999999999,30.16,256.59,-54.56,107.84,0.0,-16.51,0,-30.8,0.0,0,0,0,0,0.0,0,496.46,1137.4799999999998
2025-05-09 18:15:00,2025-09-05 18:15:00,-572.68,35.57,20.88,25.95,655.08,30.15,265.27,-54.61,108.75,0.0,-16.87,0,-30.82,0.0,0,0,0,0,0.0,0,506.46999999999997,1161.55
2025-05-09 18:30:00,2025-09-05 18:30:00,-616.37,35.62,32.59,34.38,718.96,32.98,272.19,-54.56,124.01,44.02,-27.34,0,-30.81,0.0,0,0,0,0,0.0,0,585.91,1304.87
2025-05-09 18:45:00,2025-09-05 18:45:00,-644.82,35.63,54.49,38.02,772.96,54.22,270.95,-54.55,134.31,97.23,-33.28,0,-30.83,0.0,0,0,0,0,0.0,0,675.37,1448.33
2025-05-09 19:00:00,2025-09-05 19:00:00,-731.77,35.66,65.76,47.29,880.4799999999999,54.21,271.95,-54.58,164.3,109.68,-33.47,0,-30.84,0.0,0,0,0,0,0.0,0,719.0300000000001,1599.51
2025-05-09 19:15:00,2025-09-05 19:15:00,-735.46,35.65,66.42,50.65,888.18,54.19,272.57,-54.58,168.4,114.06,-33.53,0,-30.84,0.0,0,0,0,0,0.0,0,728.17,1616.35
2025-05-09 19:30:00,2025-09-05 19:30:00,-735.81,35.64,66.41,50.63,888.4899999999999,54.18,272.53,-54.55,168.44,113.96,-33.54,0,-30.84,0.0,0,0,0,0,0.0,0,728.0400000000001,1616.53
2025-05-09 19:45:00,2025-09-05 19:45:00,-732.95,35.65,66.4,50.6,885.6,54.2,271.68,-54.54,167.32,113.78,-33.33,0,-30.84,0.0,0,0,0,0,0.0,0,725.69,1611.29
2025-05-09 20:00:00,2025-09-05 20:00:00,-663.79,35.68,66.38,50.59,816.4399999999999,54.23,270.5,-54.54,149.43,113.67,-33.14,0,-30.84,0.0,0,0,0,0,0.0,0,706.35,1522.79
2025-05-09 20:15:00,2025-09-05 20:15:00,-595.69,35.71,66.36,50.61,748.3700000000001,54.23,269.33,-54.51,151.56,113.57,-33.02,0,-30.84,0.0,0,0,0,0,0.0,0,707.0600000000001,1455.4300000000003
2025-05-09 20:30:00,2025-09-05 20:30:00,-720.1,35.73,66.38,50.6,872.8100000000001,54.22,271.47,-54.51,166.7,113.46,-33.33,0,-30.86,0.0,0,0,0,0,0.0,0,724.5500000000002,1597.3600000000001
2025-05-09 20:45:00,2025-09-05 20:45:00,-735.7,35.75,66.38,50.61,888.44,54.22,272.66,-54.53,167.12,113.39,-33.66,0,-30.86,0.0,0,0,0,0,0.0,0,726.4399999999999,1614.88
2025-05-09 21:00:00,2025-09-05 21:00:00,-729.34,35.76,66.36,50.57,882.0300000000001,54.22,269.78,-54.53,165.63,113.24,-33.06,0,-30.86,0.0,0,0,0,0,0.0,0,721.32,1603.3500000000001
2025-05-09 21:15:00,2025-09-05 21:15:00,-733.39,35.76,66.37,50.59,886.11,54.22,271.15,-54.51,166.6,113.18,-33.27,0,-30.86,0.0,0,0,0,0,0.0,0,723.7900000000001,1609.9
2025-05-09 21:30:00,2025-09-05 21:30:00,-733.29,35.77,66.37,50.58,886.01,54.23,271.41,-54.51,166.56,113.07,-33.25,0,-30.84,0.0,0,0,0,0,0.0,0,723.87,1609.88
2025-05-09 21:45:00,2025-09-05 21:45:00,-734.72,35.78,66.35,50.59,887.44,54.22,272.17,-54.53,167.12,112.99,-33.38,0,-30.84,0.0,0,0,0,0,0.0,0,725.25,1612.69
2025-05-09 22:00:00,2025-09-05 22:00:00,-735.02,35.79,66.38,50.63,887.8199999999999,54.26,272.22,-54.54,168.54,112.91,-33.66,0,-30.87,0.0,0,0,0,0,0.0,0,727.0,1614.82
2025-05-09 22:15:00,2025-09-05 22:15:00,-735.22,35.81,66.36,50.63,888.02,54.23,272.8,-54.54,167.71,112.75,-33.7,0,-30.83,0.0,0,0,0,0,0.0,0,726.5600000000002,1614.5800000000002
2025-05-09 22:30:00,2025-09-05 22:30:00,-737.26,35.82,66.35,50.6,890.0300000000001,54.26,272.93,-54.52,168.79,112.65,-33.71,0,-30.87,0.0,0,0,0,0,0.0,0,727.73,1617.7600000000002
2025-05-09 22:45:00,2025-09-05 22:45:00,-736.83,35.86,66.36,50.69,889.74,54.25,272.87,-54.54,170.59,112.52,-34.08,0,-30.86,0.0,0,0,0,0,0.0,0,729.71,1619.45
2025-05-09 23:00:00,2025-09-05 23:00:00,-722.61,35.86,66.34,50.65,875.46,54.24,273.03,-54.51,166.85,112.34,-33.62,0,-30.84,0.0,0,0,0,0,0.0,0,725.4300000000001,1600.89
2025-05-09 23:15:00,2025-09-05 23:15:00,-721.93,35.87,66.35,50.64,874.79,54.23,272.83,-54.52,167.88,112.22,-33.72,0,-30.88,0.0,0,0,0,0,0.0,0,726.2800000000001,1601.0700000000002
2025-05-09 23:30:00,2025-09-05 23:30:00,-733.49,35.86,66.35,50.68,886.38,54.23,272.77,-54.52,170.19,112.16,-34.08,0,-30.89,0.0,0,0,0,0,0.0,0,728.84,1615.22
2025-05-09 23:45:00,2025-09-05 23:45:00,-729.79,35.84,66.34,50.65,882.62,54.23,272.81,-54.5,167.53,112.04,-33.83,0,-30.85,0.0,0,0,0,0,0.0,0,725.7900000000001,1608.41
2025-05-10 00:00:00,2025-10-05 00:00:00,-731.32,35.86,66.33,50.68,884.19,54.21,272.62,-54.52,168.81,111.94,-34.05,0,-30.9,0.0,0,0,0,0,0.0,0,727.0499999999998,1611.2399999999998
2025-05-10 00:15:00,2025-10-05 00:15:00,-729.26,35.87,66.33,50.69,882.1500000000001,54.2,272.7,-54.52,165.19,111.78,-33.96,0,-30.87,0.0,0,0,0,0,0.0,0,723.2199999999999,1605.37
2025-05-10 00:30:00,2025-10-05 00:30:00,-731.54,35.87,66.32,50.67,884.4,54.2,272.5,-54.49,162.48,111.68,-33.75,0,-30.87,0.0,0,0,0,0,0.0,0,719.9699999999999,1604.37
2025-05-10 00:45:00,2025-10-05 00:45:00,-733.09,35.87,66.3,50.65,885.91,54.2,272.54,-54.49,161.94,97.47,-33.59,0,-30.89,0.0,0,0,0,0,0.0,0,705.1200000000001,1591.0300000000002
2025-05-10 01:00:00,2025-10-05 01:00:00,-725.58,35.87,66.3,50.67,878.42,54.2,271.24,-54.47,163.56,90.99,-33.37,0,-30.9,0.0,0,0,0,0,0.0,0,698.73,1577.15
2025-05-10 01:15:00,2025-10-05 01:15:00,-713.08,35.89,55.49,30.12,834.58,54.21,267.55,-54.45,162.7,70.01,-32.88,0,-30.86,0.0,0,0,0,0,0.0,0,672.66,1507.24
2025-05-10 01:30:00,2025-10-05 01:30:00,-726.15,35.92,12.69,25.57,800.33,54.2,239.92,-54.45,120.22,20.22,-33.07,0,-30.85,0.0,0,0,0,0,0.0,0,552.9300000000001,1353.2600000000002
2025-05-10 01:45:00,2025-10-05 01:45:00,-728.67,35.88,12.0,25.58,802.13,54.21,210.23,-54.46,100.64,0.0,-33.23,0,-30.86,0.0,0,0,0,0,0.0,0,483.63,1285.76
2025-05-10 02:00:00,2025-10-05 02:00:00,-629.77,35.87,12.0,25.62,703.26,54.2,212.21,-54.47,80.24,0.0,-33.52,0,-30.85,0.0,0,0,0,0,0.0,0,465.49,1168.75
2025-05-10 02:15:00,2025-10-05 02:15:00,-643.2,35.83,12.0,25.66,716.69,54.21,213.17,-54.47,81.24,0.0,-33.74,0,-30.87,0.0,0,0,0,0,0.0,0,467.70000000000005,1184.39
2025-05-10 02:30:00,2025-10-05 02:30:00,-686.76,35.79,12.0,25.76,760.31,54.21,212.68,-54.49,80.93,0.0,-33.72,0,-30.85,0.0,0,0,0,0,0.0,0,466.88,1227.19
2025-05-10 02:45:00,2025-10-05 02:45:00,-686.98,35.76,12.0,25.78,760.52,54.22,212.82,-54.48,64.26,0.0,-33.74,0,-30.83,0.0,0,0,0,0,0.0,0,450.34999999999997,1210.87
2025-05-10 03:00:00,2025-10-05 03:00:00,-697.56,35.76,12.0,25.82,771.14,54.22,214.73,-54.48,56.99,0.0,-33.93,0,-30.87,0.0,0,0,0,0,0.0,0,445.22,1216.3600000000001
2025-05-10 03:15:00,2025-10-05 03:15:00,-698.24,35.71,12.0,25.85,771.8000000000001,54.21,213.55,-54.48,56.47,0.0,-33.86,0,-30.83,0.0,0,0,0,0,0.0,0,443.40000000000003,1215.2
2025-05-10 03:30:00,2025-10-05 03:30:00,-679.06,35.67,12.0,24.36,751.0899999999999,54.21,250.36,-54.45,35.54,0.0,-33.63,0,-30.84,0.0,0,0,0,0,0.0,0,459.03,1210.12
2025-05-10 03:45:00,2025-10-05 03:45:00,-702.81,35.66,12.0,25.22,775.6899999999999,54.21,271.91,-54.44,10.58,0.0,-33.4,0,-30.87,0.0,0,0,0,0,0.0,0,455.40999999999997,1231.1
2025-05-10 04:00:00,2025-10-05 04:00:00,-697.35,35.7,12.0,22.45,767.5000000000001,54.21,271.35,-54.45,0.0,0.0,-33.37,0,-30.87,0.0,0,0,0,0,0.0,0,444.25,1211.75
2025-05-10 04:15:00,2025-10-05 04:15:00,-686.0,35.72,12.0,0.01,733.73,54.21,271.45,-54.45,0.0,0.0,-33.33,0,-30.79,0.0,0,0,0,0,0.0,0,444.22999999999996,1177.96
2025-05-10 04:30:00,2025-10-05 04:30:00,-685.99,35.74,12.0,0.0,733.73,54.21,271.58,-54.46,0.0,0.0,-33.34,0,-30.79,0.0,0,0,0,0,0.0,0,444.37999999999994,1178.11
2025-05-10 04:45:00,2025-10-05 04:45:00,-686.86,35.74,12.0,0.0,734.6,54.21,271.48,-54.45,0.0,0.0,-33.36,0,-30.79,0.0,0,0,0,0,0.0,0,444.29,1178.89
2025-05-10 05:00:00,2025-10-05 05:00:00,-692.18,35.76,12.0,0.0,739.9399999999999,54.21,272.1,-54.45,0.0,0.0,-33.57,0,-30.8,0.0,0,0,0,0,0.0,0,445.13,1185.07
2025-05-10 05:15:00,2025-10-05 05:15:00,-701.63,35.78,12.0,0.0,749.41,54.21,272.68,-54.46,0.0,0.0,-33.75,0,-30.78,0.0,0,0,0,0,0.0,0,445.88,1195.29
2025-05-10 05:30:00,2025-10-05 05:30:00,-695.11,35.79,12.0,0.0,742.9,54.21,212.89,-54.44,0.0,0.0,-33.56,0,-30.77,0.0,0,0,0,0,0.0,0,385.86999999999995,1128.77
2025-05-10 05:45:00,2025-10-05 05:45:00,-682.8,35.75,12.0,0.0,730.55,54.21,184.8,-54.43,0.0,0.0,-33.19,0,-30.76,0.0,0,0,0,0,0.0,0,357.39,1087.94
2025-05-10 06:00:00,2025-10-05 06:00:00,-617.54,35.73,12.0,0.0,665.27,54.22,266.98,-54.42,0.0,0.0,-32.91,0,-30.77,0.0,0,0,0,0,0.0,0,439.30000000000007,1104.5700000000002
2025-05-10 06:15:00,2025-10-05 06:15:00,-610.73,35.71,12.0,0.0,658.44,54.2,267.0,-54.4,0.0,0.0,-32.79,0,-30.74,0.0,0,0,0,0,0.0,0,439.13,1097.5700000000002
2025-05-10 06:30:00,2025-10-05 06:30:00,-617.29,35.71,12.0,0.0,665.0,50.6,255.62,-54.43,0.0,0.0,-33.04,0,-30.78,0.0,0,0,0,0,0.0,0,424.47,1089.47
2025-05-10 06:45:00,2025-10-05 06:45:00,-630.25,35.74,12.0,0.0,677.99,46.24,241.93,-54.41,0.0,0.0,-33.35,0,-30.77,0.0,0,0,0,0,0.0,0,406.70000000000005,1084.69
2025-05-10 07:00:00,2025-10-05 07:00:00,-552.29,35.74,12.0,0.0,600.03,46.23,243.45,-54.43,0.0,0.0,-33.75,0,-30.77,0.0,0,0,0,0,0.0,0,408.63,1008.66
2025-05-10 07:15:00,2025-10-05 07:15:00,-500.54,35.74,12.0,0.0,548.28,46.24,243.37,-54.41,0.0,0.0,-33.78,0,-30.76,0.0,0,0,0,0,0.0,0,408.55999999999995,956.8399999999999
2025-05-10 07:30:00,2025-10-05 07:30:00,-342.53,35.73,12.0,0.0,390.26,37.36,190.37,-47.11,0.0,0.0,-33.91,0,-30.74,0.0,0,0,0,0,0.0,0,339.49,729.75
2025-05-10 07:45:00,2025-10-05 07:45:00,-176.75,35.66,12.0,0.0,224.41,30.14,167.25,-41.91,0.0,0.0,-33.57,0,-30.75,0.0,0,0,0,0,0.0,0,303.62,528.03
2025-05-10 08:00:00,2025-10-05 08:00:00,-253.32,35.6,12.0,0.0,300.92,30.15,171.99,-41.69,0.0,0.0,-33.61,0,-30.77,0.0,0,0,0,0,0.0,0,308.21,609.13
2025-05-10 08:15:00,2025-10-05 08:15:00,-199.35,35.56,12.0,0.0,246.91,30.14,171.69,-41.63,0.0,0.0,-33.74,0,-30.75,0.0,0,0,0,0,0.0,0,307.95,554.86
2025-05-10 08:30:00,2025-10-05 08:30:00,-160.71,35.5,12.0,0.0,208.21,30.14,172.01,-41.56,0.0,0.0,-33.43,0,-30.75,0.0,0,0,0,0,0.0,0,307.89,516.1
2025-05-10 08:45:00,2025-10-05 08:45:00,-153.02,35.42,12.0,0.0,200.44,21.47,128.39,-41.55,0.0,0.0,-32.84,0,-30.73,0.0,0,0,0,0,0.0,0,254.97999999999996,455.41999999999996
2025-05-10 09:00:00,2025-10-05 09:00:00,-153.04,35.3,12.0,0.0,200.33999999999997,20.1,124.59,-33.55,0.0,0.0,-32.79,0,-30.77,0.0,0,0,0,0,0.0,0,241.8,442.14
2025-05-10 09:15:00,2025-10-05 09:15:00,-281.57,35.23,12.0,0.0,328.8,20.09,169.88,-20.45,0.0,0.0,-33.05,0,-30.75,0.0,0,0,0,0,0.0,0,274.21999999999997,603.02
2025-05-10 09:30:00,2025-10-05 09:30:00,-260.64,35.18,12.0,0.0,307.82,20.09,171.17,-20.41,0.0,0.0,-33.21,0,-30.77,0.0,0,0,0,0,0.0,0,275.65,583.47
2025-05-10 09:45:00,2025-10-05 09:45:00,-215.37,35.07,12.0,0.0,262.44,20.1,169.06,-20.44,0.0,0.0,-32.95,0,-30.74,0.0,0,0,0,0,0.0,0,273.29,535.73
2025-05-10 10:00:00,2025-10-05 10:00:00,-187.42,35.02,12.0,0.0,234.44,20.09,170.62,-20.48,0.0,0.0,-33.3,0,-30.79,0.0,0,0,0,0,0.0,0,275.28000000000003,509.72
2025-05-10 10:15:00,2025-10-05 10:15:00,-244.19,34.96,12.0,0.0,291.15,20.1,172.56,-20.51,0.0,0.0,-33.64,0,-30.69,0.0,0,0,0,0,0.0,0,277.5,568.65
2025-05-10 10:30:00,2025-10-05 10:30:00,-187.47,34.93,12.0,0.0,234.4,20.1,196.12,-20.5,0.0,0.0,-33.75,0,-30.58,0.0,0,0,0,0,0.0,0,301.05,535.45
2025-05-10 10:45:00,2025-10-05 10:45:00,-168.94,34.9,12.0,0.0,215.84,20.1,198.23,-20.49,0.0,0.0,-33.66,0,-30.54,0.0,0,0,0,0,0.0,0,303.02000000000004,518.86
2025-05-10 11:00:00,2025-10-05 11:00:00,-167.68,34.85,12.0,0.0,214.53,20.1,198.26,-20.5,0.0,0.0,-33.63,0,-30.57,0.0,0,0,0,0,0.0,0,303.06,517.59
2025-05-10 11:15:00,2025-10-05 11:15:00,-175.03,34.8,12.0,0.0,221.82999999999998,20.1,215.27,-20.5,0.0,0.0,-33.87,0,-30.57,0.0,0,0,0,0,0.0,0,320.31,542.14
2025-05-10 11:30:00,2025-10-05 11:30:00,-140.07,34.77,12.0,0.0,186.84,20.09,218.55,-20.49,0.0,0.0,-33.93,0,-30.56,0.0,0,0,0,0,0.0,0,323.62,510.46000000000004
2025-05-10 11:45:00,2025-10-05 11:45:00,-123.85,34.73,12.0,0.0,170.57999999999998,20.09,218.57,-20.5,0.0,0.0,-33.67,0,-30.54,0.0,0,0,0,0,0.0,0,323.37,493.95
2025-05-10 12:00:00,2025-10-05 12:00:00,-130.85,34.69,12.0,0.0,177.54,20.1,217.96,-20.5,0.0,0.0,-33.34,0,-30.57,0.0,0,0,0,0,0.0,0,322.46999999999997,500.01
2025-05-10 12:15:00,2025-10-05 12:15:00,-140.53,34.67,12.0,0.0,187.2,28.54,218.59,-20.51,0.0,0.0,-33.61,0,-30.57,0.0,0,0,0,0,0.0,0,331.82,519.02
2025-05-10 12:30:00,2025-10-05 12:30:00,-178.56,34.63,12.0,0.0,225.19,36.16,218.57,-20.52,0.0,0.0,-33.62,0,-30.58,0.0,0,0,0,0,0.0,0,339.45,564.64
2025-05-10 12:45:00,2025-10-05 12:45:00,-184.01,34.6,12.0,0.0,230.60999999999999,36.15,218.3,-20.53,0.0,0.0,-33.58,0,-30.57,0.0,0,0,0,0,0.0,0,339.13,569.74
2025-05-10 13:00:00,2025-10-05 13:00:00,-171.86,30.0,12.0,0.0,213.86,36.18,215.94,-20.74,0.0,0.0,-33.11,0,-30.6,0.0,0,0,0,0,0.0,0,336.57000000000005,550.4300000000001
2025-05-10 13:15:00,2025-10-05 13:15:00,-179.13,24.57,12.0,0.0,215.7,36.17,218.19,-20.76,0.0,0.0,-33.45,0,-30.58,0.0,0,0,0,0,0.0,0,339.15,554.8499999999999
2025-05-10 13:30:00,2025-10-05 13:30:00,-190.64,24.59,12.0,0.0,227.23,36.19,218.39,-20.77,0.0,0.0,-33.76,0,-30.61,0.0,0,0,0,0,0.0,0,339.71999999999997,566.9499999999999
2025-05-10 13:45:00,2025-10-05 13:45:00,-238.37,24.69,12.0,0.0,275.06,36.18,218.47,-20.77,0.0,0.0,-33.82,0,-30.57,0.0,0,0,0,0,0.0,0,339.81,614.87
2025-05-10 14:00:00,2025-10-05 14:00:00,-261.99,24.72,12.0,0.0,298.71000000000004,36.18,217.8,-20.75,0.0,0.0,-33.39,0,-30.58,0.0,0,0,0,0,0.0,0,338.7,637.4100000000001
2025-05-10 14:15:00,2025-10-05 14:15:00,-283.52,24.75,12.0,0.0,320.27,36.19,217.36,-20.76,0.0,0.0,-33.37,0,-30.58,0.0,0,0,0,0,0.0,0,338.26,658.53
2025-05-10 14:30:00,2025-10-05 14:30:00,-329.03,24.8,12.0,0.0,365.83,36.19,217.62,-20.7,0.0,0.0,-22.45,0,-20.95,0.0,0,0,0,0,0.0,0,317.90999999999997,683.74
2025-05-10 14:45:00,2025-10-05 14:45:00,-350.27,24.81,12.0,0.0,387.08,36.18,217.83,-20.67,0.87,0.0,-16.7,0,-15.13,0.0,0,0,0,0,0.0,0,307.38,694.46
2025-05-10 15:00:00,2025-10-05 15:00:00,-342.86,24.79,12.0,0.0,379.65000000000003,36.18,215.32,-20.64,45.82,0.0,-16.52,0,-15.15,0.0,0,0,0,0,0.0,0,349.62999999999994,729.28
2025-05-10 15:15:00,2025-10-05 15:15:00,-354.23,25.0,12.0,0.0,391.23,36.19,216.3,-20.63,58.86,0.0,-16.58,0,-15.12,0.0,0,0,0,0,0.0,0,363.68,754.9100000000001
2025-05-10 15:30:00,2025-10-05 15:30:00,-350.53,35.13,12.0,0.0,397.65999999999997,36.18,212.66,-20.64,100.42,0.0,-16.38,0,-15.13,0.0,0,0,0,0,0.0,0,401.41,799.0699999999999
2025-05-10 15:45:00,2025-10-05 15:45:00,-364.8,35.18,12.0,0.0,411.98,36.18,212.97,-20.63,149.67,0.0,-16.41,0,-15.14,0.0,0,0,0,0,0.0,0,451.00000000000006,862.98
2025-05-10 16:00:00,2025-10-05 16:00:00,-286.78,35.13,12.0,0.0,333.90999999999997,36.18,214.35,-20.65,165.61,0.0,-16.5,0,-15.12,0.0,0,0,0,0,0.0,0,468.41,802.3199999999999
2025-05-10 16:15:00,2025-10-05 16:15:00,-290.09,35.13,12.0,0.0,337.21999999999997,36.18,214.58,-20.64,165.77,0.0,-16.51,0,-15.09,0.0,0,0,0,0,0.0,0,468.77000000000004,805.99
2025-05-10 16:30:00,2025-10-05 16:30:00,-273.03,35.05,12.0,0.0,320.08,36.18,231.66,-20.63,141.6,0.0,-16.26,0,-15.1,0.0,0,0,0,0,0.0,0,461.42999999999995,781.51
2025-05-10 16:45:00,2025-10-05 16:45:00,-360.03,35.01,12.0,0.0,407.03999999999996,36.17,234.93,-20.63,122.13,0.0,-16.29,0,-15.08,0.0,0,0,0,0,0.0,0,445.23,852.27
2025-05-10 17:00:00,2025-10-05 17:00:00,-345.41,34.98,12.0,0.0,392.39000000000004,34.38,230.03,-20.63,133.88,0.0,-16.06,0,-15.1,0.0,0,0,0,0,0.0,0,450.08000000000004,842.47
2025-05-10 17:15:00,2025-10-05 17:15:00,-512.36,34.98,12.0,0.0,559.34,30.11,266.31,-20.64,147.15,0.0,-16.55,0,-15.12,0.0,0,0,0,0,0.0,0,495.88000000000005,1055.22
2025-05-10 17:30:00,2025-10-05 17:30:00,-570.66,35.0,12.0,0.17,617.8299999999999,30.12,272.4,-20.65,148.46,0.0,-16.65,0,-15.13,0.0,0,0,0,0,0.0,0,503.40999999999997,1121.2399999999998
2025-05-10 17:45:00,2025-10-05 17:45:00,-545.79,35.01,12.0,11.44,604.24,30.1,272.18,-20.65,147.99,0.0,-16.66,0,-15.16,0.0,0,0,0,0,0.0,0,502.74000000000007,1106.98
2025-05-10 18:00:00,2025-10-05 18:00:00,-333.24,34.99,12.0,12.71,392.94,30.13,261.0,-26.97,142.92,4.85,-16.13,0,-15.14,0.0,0,0,0,0,0.0,0,497.14,890.0799999999999
2025-05-10 18:15:00,2025-10-05 18:15:00,-227.77,35.04,22.0,18.05,302.86,30.12,268.53,-41.46,144.69,47.41,-19.0,0,-23.13,0.0,0,0,0,0,0.0,0,574.3399999999999,877.1999999999999
2025-05-10 18:30:00,2025-10-05 18:30:00,-453.27,35.06,48.57,19.6,556.5,49.73,270.97,-53.81,148.73,58.09,-31.24,0,-30.71,0.0,0,0,0,0,0.0,0,643.2800000000001,1199.7800000000002
2025-05-10 18:45:00,2025-10-05 18:45:00,-521.37,35.08,50.18,32.02,638.65,54.24,269.18,-54.41,164.62,104.2,-33.05,0,-30.71,0.0,0,0,0,0,0.0,0,710.4100000000001,1349.06
2025-05-10 19:00:00,2025-10-05 19:00:00,-640.09,35.11,66.32,38.01,779.53,54.24,271.66,-54.45,166.74,112.72,-33.54,0,-30.74,0.0,0,0,0,0,0.0,0,724.09,1503.62
2025-05-10 19:15:00,2025-10-05 19:15:00,-731.73,35.12,66.31,38.05,871.21,54.24,272.46,-54.46,169.58,112.85,-33.79,0,-30.74,0.0,0,0,0,0,0.0,0,728.12,1599.33
2025-05-10 19:30:00,2025-10-05 19:30:00,-734.61,35.13,66.29,38.05,874.0799999999999,54.24,272.59,-54.46,167.85,112.73,-33.74,0,-30.72,0.0,0,0,0,0,0.0,0,726.33,1600.4099999999999
2025-05-10 19:45:00,2025-10-05 19:45:00,-733.72,35.12,66.29,38.0,873.13,54.24,272.64,-54.5,166.57,112.62,-33.51,0,-30.73,0.0,0,0,0,0,0.0,0,724.8100000000001,1597.94
2025-05-10 20:00:00,2025-10-05 20:00:00,-730.37,35.12,66.27,37.97,869.73,54.25,271.48,-54.49,165.35,112.5,-33.26,0,-30.75,0.0,0,0,0,0,0.0,0,722.08,1591.81
2025-05-10 20:15:00,2025-10-05 20:15:00,-731.64,35.12,66.26,37.98,871.0,54.23,271.86,-54.49,165.79,112.35,-33.33,0,-30.74,0.0,0,0,0,0,0.0,0,722.7900000000001,1593.79
2025-05-10 20:30:00,2025-10-05 20:30:00,-735.88,35.15,65.19,37.98,874.2,54.25,272.36,-54.51,163.73,111.4,-33.61,0,-30.77,0.0,0,0,0,0,0.0,0,720.63,1594.83
2025-05-10 20:45:00,2025-10-05 20:45:00,-714.94,35.16,51.06,38.05,839.21,54.24,271.88,-54.48,146.65,101.54,-33.53,0,-30.73,0.0,0,0,0,0,0.0,0,693.05,1532.26
2025-05-10 21:00:00,2025-10-05 21:00:00,-729.05,35.15,48.61,38.01,850.8199999999999,54.25,268.92,-54.46,144.23,101.15,-44.71,0,-30.73,0.0,0,0,0,0,0.0,0,698.45,1549.27
2025-05-10 21:15:00,2025-10-05 21:15:00,-658.62,35.18,48.61,38.02,780.43,54.26,268.54,-54.45,144.07,101.14,-57.8,0,-30.69,0.0,0,0,0,0,0.0,0,710.9499999999999,1491.3799999999999
2025-05-10 21:30:00,2025-10-05 21:30:00,-717.31,35.2,48.6,38.02,839.13,54.25,268.01,-54.47,143.75,91.99,-57.71,0,-30.67,0.0,0,0,0,0,0.0,0,700.85,1539.98
2025-05-10 21:45:00,2025-10-05 21:45:00,-734.4,35.22,59.26,38.02,866.9,54.26,270.02,-54.46,161.66,103.91,-57.9,0,-30.69,0.0,0,0,0,0,0.0,0,732.9,1599.8
2025-05-10 22:00:00,2025-10-05 22:00:00,-738.05,35.44,66.3,38.04,877.8299999999999,54.27,271.32,-54.49,166.22,113.06,-58.14,0,-30.71,0.0,0,0,0,0,0.0,0,748.2099999999999,1626.04
2025-05-10 22:15:00,2025-10-05 22:15:00,-739.96,35.69,66.33,38.03,880.0100000000001,54.27,272.51,-54.51,168.08,111.49,-58.47,0,-30.69,0.0,0,0,0,0,0.0,0,750.0200000000001,1630.0300000000002
2025-05-10 22:30:00,2025-10-05 22:30:00,-740.47,35.71,66.35,38.07,880.6000000000001,54.28,272.42,-54.56,168.75,111.5,-58.32,0,-30.73,0.0,0,0,0,0,0.0,0,750.5600000000001,1631.1600000000003
2025-05-10 22:45:00,2025-10-05 22:45:00,-733.92,35.73,66.35,38.03,874.03,54.27,272.54,-54.56,168.15,111.47,-58.49,0,-30.69,0.0,0,0,0,0,0.0,0,750.1700000000001,1624.2
2025-05-10 23:00:00,2025-10-05 23:00:00,-731.44,35.75,66.32,38.03,871.54,54.26,272.53,-54.52,166.56,111.35,-58.16,0,-30.69,0.0,0,0,0,0,0.0,0,748.0699999999999,1619.61
2025-05-10 23:15:00,2025-10-05 23:15:00,-730.92,35.72,66.3,37.99,870.93,54.25,272.48,-54.48,165.81,111.17,-57.79,0,-30.68,0.0,0,0,0,0,0.0,0,746.6599999999999,1617.5899999999997
2025-05-10 23:30:00,2025-10-05 23:30:00,-730.02,35.68,66.28,38.05,870.0299999999999,54.24,271.84,-54.43,165.13,111.03,-57.69,0,-30.69,0.0,0,0,0,0,0.0,0,745.05,1615.08
2025-05-10 23:45:00,2025-10-05 23:45:00,-728.34,35.66,66.27,38.03,868.3,54.25,270.98,-54.42,164.4,110.93,-57.59,0,-30.71,0.0,0,0,0,0,0.0,0,743.2800000000001,1611.58
2025-05-11 00:00:00,2025-11-05 00:00:00,-733.73,35.71,66.29,38.04,873.77,54.24,272.13,-54.42,165.37,112.0,-57.67,0,-30.72,0.0,0,0,0,0,0.0,0,746.5500000000001,1620.3200000000002
2025-05-11 00:15:00,2025-11-05 00:15:00,-731.78,35.7,66.28,38.02,871.78,54.25,272.58,-54.43,166.67,112.19,-57.81,0,-30.72,0.0,0,0,0,0,0.0,0,748.6499999999999,1620.4299999999998
2025-05-11 00:30:00,2025-11-05 00:30:00,-731.03,35.68,66.26,38.02,870.9899999999999,54.24,272.1,-54.43,166.36,112.06,-57.78,0,-30.72,0.0,0,0,0,0,0.0,0,747.69,1618.6799999999998
2025-05-11 00:45:00,2025-11-05 00:45:00,-727.63,35.69,66.26,38.0,867.5799999999999,54.25,270.91,-54.41,165.52,112.02,-57.54,0,-30.73,0.0,0,0,0,0,0.0,0,745.38,1612.96
2025-05-11 01:00:00,2025-11-05 01:00:00,-728.8,35.73,66.25,37.99,868.77,54.25,271.31,-54.43,165.64,111.94,-57.57,0,-30.73,0.0,0,0,0,0,0.0,0,745.87,1614.6399999999999
2025-05-11 01:15:00,2025-11-05 01:15:00,-729.04,35.72,66.26,38.0,869.02,54.25,271.03,-54.41,165.84,111.85,-57.66,0,-30.73,0.0,0,0,0,0,0.0,0,745.77,1614.79
2025-05-11 01:30:00,2025-11-05 01:30:00,-727.67,35.76,62.75,37.99,864.17,54.27,270.8,-54.39,139.82,96.34,-57.45,0,-30.73,0.0,0,0,0,0,0.0,0,703.8000000000001,1567.97
2025-05-11 01:45:00,2025-11-05 01:45:00,-730.92,35.76,19.26,37.99,823.93,54.26,271.83,-54.4,123.01,92.13,-57.61,0,-30.72,0.0,0,0,0,0,0.0,0,683.9599999999999,1507.8899999999999
2025-05-11 02:00:00,2025-11-05 02:00:00,-731.59,35.76,12.0,20.6,799.95,54.25,271.66,-54.41,92.46,92.01,-57.73,0,-30.7,0.0,0,0,0,0,0.0,0,653.2200000000001,1453.17
2025-05-11 02:15:00,2025-11-05 02:15:00,-731.16,35.77,12.0,19.2,798.13,54.24,271.87,-54.39,76.34,80.16,-57.65,0,-30.68,0.0,0,0,0,0,0.0,0,625.3299999999999,1423.46
2025-05-11 02:30:00,2025-11-05 02:30:00,-669.42,35.76,12.0,19.19,736.37,54.24,272.02,-54.4,31.14,16.7,-57.61,0,-30.68,0.0,0,0,0,0,0.0,0,516.79,1253.1599999999999
2025-05-11 02:45:00,2025-11-05 02:45:00,-610.88,35.76,12.0,19.18,677.8199999999999,54.24,272.16,-54.38,26.99,0.0,-57.64,0,-30.68,0.0,0,0,0,0,0.0,0,496.09000000000003,1173.9099999999999
2025-05-11 03:00:00,2025-11-05 03:00:00,-614.61,35.76,12.0,10.98,673.35,54.25,271.92,-54.4,11.53,0.0,-57.64,0,-30.66,0.0,0,0,0,0,0.0,0,480.4,1153.75
2025-05-11 03:15:00,2025-11-05 03:15:00,-619.81,35.77,12.0,0.0,667.5799999999999,54.25,272.54,-54.4,0.0,0.0,-57.74,0,-30.63,0.0,0,0,0,0,0.0,0,469.56,1137.1399999999999
2025-05-11 03:30:00,2025-11-05 03:30:00,-620.81,35.77,12.0,0.0,668.5799999999999,54.24,272.34,-54.38,0.0,0.0,-57.75,0,-30.64,0.0,0,0,0,0,0.0,0,469.34999999999997,1137.9299999999998
2025-05-11 03:45:00,2025-11-05 03:45:00,-650.62,35.76,12.0,0.0,698.38,54.25,271.7,-54.38,0.0,0.0,-57.7,0,-30.64,0.0,0,0,0,0,0.0,0,468.66999999999996,1167.05
2025-05-11 04:00:00,2025-11-05 04:00:00,-672.9,35.76,12.0,0.0,720.66,54.25,272.44,-54.39,0.0,0.0,-57.9,0,-30.65,0.0,0,0,0,0,0.0,0,469.62999999999994,1190.29
2025-05-11 04:15:00,2025-11-05 04:15:00,-679.93,35.77,12.0,0.0,727.6999999999999,54.25,272.15,-54.39,0.0,0.0,-58.02,0,-30.64,0.0,0,0,0,0,0.0,0,469.44999999999993,1197.1499999999999
2025-05-11 04:30:00,2025-11-05 04:30:00,-677.42,35.8,12.0,0.0,725.2199999999999,54.25,272.33,-54.38,0.0,0.0,-58.03,0,-30.64,0.0,0,0,0,0,0.0,0,469.63,1194.85
2025-05-11 04:45:00,2025-11-05 04:45:00,-667.87,35.81,12.0,0.0,715.6800000000001,54.25,272.06,-54.36,0.0,0.0,-57.71,0,-30.63,0.0,0,0,0,0,0.0,0,469.01,1184.69
2025-05-11 05:00:00,2025-11-05 05:00:00,-665.72,35.84,12.0,0.0,713.5600000000001,54.26,271.94,-54.36,0.0,0.0,-57.76,0,-30.64,0.0,0,0,0,0,0.0,0,468.96,1182.52
2025-05-11 05:15:00,2025-11-05 05:15:00,-663.23,35.83,12.0,0.0,711.0600000000001,54.26,272.24,-54.35,0.0,0.0,-57.84,0,-30.64,0.0,0,0,0,0,0.0,0,469.33000000000004,1180.39
2025-05-11 05:30:00,2025-11-05 05:30:00,-709.93,35.83,12.0,0.0,757.76,54.25,271.99,-54.33,0.0,0.0,-57.62,0,-30.64,0.0,0,0,0,0,0.0,0,468.83,1226.59
2025-05-11 05:45:00,2025-11-05 05:45:00,-734.68,35.85,12.0,0.0,782.53,54.26,271.98,-54.32,0.0,0.0,-57.64,0,-30.65,0.0,0,0,0,0,0.0,0,468.84999999999997,1251.3799999999999
2025-05-11 06:00:00,2025-11-05 06:00:00,-733.07,35.86,12.0,0.0,780.9300000000001,54.27,271.01,-54.3,0.0,0.0,-57.44,0,-30.65,0.0,0,0,0,0,0.0,0,467.66999999999996,1248.6
2025-05-11 06:15:00,2025-11-05 06:15:00,-729.5,35.89,12.0,0.0,777.39,54.25,269.92,-54.33,0.0,0.0,-57.29,0,-30.64,0.0,0,0,0,0,0.0,0,466.43,1243.82
2025-05-11 06:30:00,2025-11-05 06:30:00,-723.9,35.88,12.0,0.0,771.78,54.27,269.83,-54.32,0.0,0.0,-57.32,0,-30.64,0.0,0,0,0,0,0.0,0,466.37999999999994,1238.1599999999999
2025-05-11 06:45:00,2025-11-05 06:45:00,-673.19,35.87,12.0,0.0,721.0600000000001,54.26,271.1,-54.29,0.0,0.0,-43.81,0,-13.72,0.0,0,0,0,0,0.0,0,437.18000000000006,1158.2400000000002
2025-05-11 07:00:00,2025-11-05 07:00:00,-642.55,35.9,12.0,0.0,690.4499999999999,52.2,272.69,-54.33,0.0,0.0,-24.41,0,0.1,0.0,0,0,0,0,0.0,0,403.73,1094.1799999999998
2025-05-11 07:15:00,2025-11-05 07:15:00,-600.27,35.9,12.0,0.0,648.17,30.15,272.63,-54.34,0.0,0.0,-24.44,0,0.05,0.0,0,0,0,0,0.0,0,381.61,1029.78
2025-05-11 07:30:00,2025-11-05 07:30:00,-290.33,35.9,12.0,0.0,338.22999999999996,30.12,272.96,-52.1,0.0,0.0,-22.29,0,0.08,0.0,0,0,0,0,0.0,0,377.55,715.78
2025-05-11 07:45:00,2025-11-05 07:45:00,-203.43,35.88,12.0,0.0,251.31,30.12,270.13,-32.27,0.0,0.0,0.0,0,0.16,0.0,0,0,0,0,0.0,0,332.68,583.99
2025-05-11 08:00:00,2025-11-05 08:00:00,-173.6,35.9,12.0,0.0,221.5,23.6,272.82,-21.07,0.0,0.0,0.0,0,0.16,0.0,0,0,0,0,0.0,0,317.65000000000003,539.1500000000001
2025-05-11 08:15:00,2025-11-05 08:15:00,-184.46,35.92,12.0,0.0,232.38,20.07,259.13,-21.03,23.25,0.0,0.0,0,0.16,0.0,0,0,0,0,0.0,0,323.64000000000004,556.02
2025-05-11 08:30:00,2025-11-05 08:30:00,-221.51,35.91,12.0,0.0,269.41999999999996,20.08,214.05,-21.05,27.04,0.0,0.0,0,0.15,0.0,0,0,0,0,0.0,0,282.37,551.79
2025-05-11 08:45:00,2025-11-05 08:45:00,-114.25,35.87,12.0,0.0,162.12,20.09,214.19,-21.01,39.54,0.0,0.0,0,0.16,0.0,0,0,0,0,0.0,0,294.99,457.11
2025-05-11 09:00:00,2025-11-05 09:00:00,-81.86,35.83,12.0,0.0,129.69,20.08,214.26,-21.06,27.91,0.0,0.0,0,0.15,0.0,0,0,0,0,0.0,0,283.46,413.15
2025-05-11 09:15:00,2025-11-05 09:15:00,-159.07,35.78,12.0,0.0,206.85,20.07,212.11,-21.04,26.36,0.0,0.0,0,0.14,0.0,0,0,0,0,0.0,0,279.71999999999997,486.56999999999994
2025-05-11 09:30:00,2025-11-05 09:30:00,-213.89,35.73,12.0,0.0,261.62,20.07,214.56,-21.05,27.63,0.0,0.0,0,0.13,0.0,0,0,0,0,0.0,0,283.44,545.06
2025-05-11 09:45:00,2025-11-05 09:45:00,-214.97,35.71,12.0,0.0,262.68,20.08,211.88,-21.04,26.2,0.0,0.0,0,0.13,0.0,0,0,0,0,0.0,0,279.33,542.01
2025-05-11 10:00:00,2025-11-05 10:00:00,-110.7,35.66,12.0,0.0,158.36,20.07,209.06,-21.0,25.36,0.0,0.0,0,0.15,0.0,0,0,0,0,0.0,0,275.64,434.0
2025-05-11 10:15:00,2025-11-05 10:15:00,-60.53,35.62,12.0,0.0,108.15,20.07,209.86,-21.0,25.64,0.0,0.0,0,0.17,0.0,0,0,0,0,0.0,0,276.74,384.89
2025-05-11 10:30:00,2025-11-05 10:30:00,-104.76,35.59,12.0,0.0,152.35000000000002,20.08,213.65,-21.06,26.58,0.0,0.0,0,0.16,0.0,0,0,0,0,0.0,0,281.53000000000003,433.88000000000005
2025-05-11 10:45:00,2025-11-05 10:45:00,-124.71,35.55,12.0,0.0,172.26,20.07,211.93,-21.03,26.04,0.0,0.0,0,0.15,0.0,0,0,0,0,0.0,0,279.21999999999997,451.47999999999996
2025-05-11 11:00:00,2025-11-05 11:00:00,-73.06,35.5,12.0,0.0,120.56,20.08,186.67,-21.03,26.03,0.0,0.0,0,0.16,0.0,0,0,0,0,0.0,0,253.97,374.53
2025-05-11 11:15:00,2025-11-05 11:15:00,-75.7,35.44,12.0,0.0,123.14,20.07,210.11,-21.06,27.9,0.0,0.0,0,0.16,0.0,0,0,0,0,0.0,0,279.3,402.44
2025-05-11 11:30:00,2025-11-05 11:30:00,-65.87,35.39,12.0,0.0,113.26,20.07,175.64,-21.02,28.29,0.0,0.0,0,0.16,0.0,0,0,0,0,0.0,0,245.17999999999998,358.44
2025-05-11 11:45:00,2025-11-05 11:45:00,-64.12,35.33,12.0,0.0,111.45,20.07,199.66,-21.01,28.56,0.0,0.0,0,0.16,0.0,0,0,0,0,0.0,0,269.46,380.90999999999997
2025-05-11 12:00:00,2025-11-05 12:00:00,-65.83,32.34,12.0,0.0,110.17,20.07,215.24,-20.99,28.83,0.0,0.0,0,0.15,0.0,0,0,0,0,0.0,0,285.28,395.45
2025-05-11 12:15:00,2025-11-05 12:15:00,-114.43,24.46,12.0,0.0,150.89000000000001,20.07,215.21,-21.0,29.26,0.0,0.0,0,0.15,0.0,0,0,0,0,0.0,0,285.68999999999994,436.5799999999999
2025-05-11 12:30:00,2025-11-05 12:30:00,-115.81,24.67,12.0,0.0,152.48000000000002,20.09,215.01,-20.94,28.99,0.0,0.0,0,0.15,0.0,0,0,0,0,0.0,0,285.18,437.66
2025-05-11 12:45:00,2025-11-05 12:45:00,-144.17,24.68,12.0,0.0,180.85,20.07,215.13,-20.95,28.79,0.0,0.0,0,0.14,0.0,0,0,0,0,0.0,0,285.08,465.92999999999995
2025-05-11 13:00:00,2025-11-05 13:00:00,-112.82,24.7,12.0,0.0,149.51999999999998,20.08,215.19,-20.95,28.67,0.0,0.0,0,0.15,0.0,0,0,0,0,0.0,0,285.03999999999996,434.55999999999995
2025-05-11 13:15:00,2025-11-05 13:15:00,-149.47,24.74,12.0,0.0,186.21,20.07,215.18,-27.98,30.85,0.0,0.0,0,0.13,0.0,0,0,0,0,0.0,0,294.21000000000004,480.4200000000001
2025-05-11 13:30:00,2025-11-05 13:30:00,-190.51,24.74,12.0,0.0,227.25,20.08,214.79,-29.89,29.72,0.0,0.0,0,0.13,0.0,0,0,0,0,0.0,0,294.61,521.86
2025-05-11 13:45:00,2025-11-05 13:45:00,-199.42,24.77,12.0,0.0,236.19,20.07,214.89,-29.89,29.15,0.0,0.0,0,0.13,0.0,0,0,0,0,0.0,0,294.12999999999994,530.3199999999999
2025-05-11 14:00:00,2025-11-05 14:00:00,-250.92,24.81,12.0,0.0,287.72999999999996,30.81,214.55,-29.89,27.96,0.0,0.0,0,0.12,0.0,0,0,0,0,0.0,0,303.33,591.06
2025-05-11 14:15:00,2025-11-05 14:15:00,-255.69,24.85,12.0,0.0,292.54,36.13,214.59,-29.88,47.75,0.0,0.0,0,0.2,0.0,0,0,0,0,0.0,0,328.55,621.09
2025-05-11 14:30:00,2025-11-05 14:30:00,-204.53,24.88,12.0,0.0,241.41,36.15,210.22,-29.87,29.05,0.0,0.0,0,-7.81,0.0,0,0,0,0,0.0,0,313.1,554.51
2025-05-11 14:45:00,2025-11-05 14:45:00,-225.01,24.91,12.0,0.0,261.91999999999996,36.15,213.09,-29.89,28.04,0.0,0.0,0,-19.06,0.0,0,0,0,0,0.0,0,326.23,588.15
2025-05-11 15:00:00,2025-11-05 15:00:00,-216.37,24.94,12.0,0.0,253.31,36.15,213.13,-29.85,28.41,0.0,0.0,0,-30.54,0.0,0,0,0,0,0.0,0,338.08000000000004,591.3900000000001
2025-05-11 15:15:00,2025-11-05 15:15:00,-288.3,5.82,12.0,0.0,306.12,36.16,214.33,-29.87,29.34,0.0,0.0,0,-30.55,0.0,0,0,0,0,0.0,0,340.25,646.37
2025-05-11 15:30:00,2025-11-05 15:30:00,-340.92,0.0,12.0,0.0,352.92,36.15,214.01,-29.87,28.71,0.0,0.0,0,-30.54,0.0,0,0,0,0,0.0,0,339.28,692.2
2025-05-11 15:45:00,2025-11-05 15:45:00,-347.17,3.53,12.0,0.0,362.7,36.15,213.18,-29.86,27.17,0.0,0.0,0,-30.56,0.0,0,0,0,0,0.0,0,336.92,699.62
2025-05-11 16:00:00,2025-11-05 16:00:00,-136.8,24.37,12.0,0.0,173.17000000000002,24.35,117.45,-22.95,25.08,0.0,0.0,0,-30.52,0.0,0,0,0,0,0.0,0,220.35,393.52
2025-05-11 16:15:00,2025-11-05 16:15:00,-140.7,24.51,12.0,0.0,177.20999999999998,20.09,80.67,-21.06,25.91,0.0,0.0,0,-30.54,0.0,0,0,0,0,0.0,0,178.27,355.48
2025-05-11 16:30:00,2025-11-05 16:30:00,-451.79,24.49,12.0,0.0,488.28000000000003,20.08,93.58,-28.16,25.46,0.0,0.0,0,-30.5,0.0,0,0,0,0,0.0,0,197.78,686.0600000000001
2025-05-11 16:45:00,2025-11-05 16:45:00,-525.15,24.68,12.0,0.0,561.8299999999999,20.07,130.02,-29.86,32.28,0.0,0.0,0,-30.48,0.0,0,0,0,0,0.0,0,242.70999999999998,804.54
2025-05-11 17:00:00,2025-11-05 17:00:00,-548.68,24.7,12.0,0.0,585.38,25.02,160.19,-30.2,52.67,0.0,0.0,0,-30.56,0.0,0,0,0,0,0.0,0,298.64,884.02
2025-05-11 17:15:00,2025-11-05 17:15:00,-554.28,24.69,12.0,0.0,590.97,30.11,157.78,-53.2,52.54,0.0,0.0,0,-30.55,0.0,0,0,0,0,0.0,0,324.18,915.1500000000001
2025-05-11 17:30:00,2025-11-05 17:30:00,-344.92,24.72,12.0,0.0,381.64,30.13,157.2,-54.33,52.24,0.0,0.0,0,-30.54,4.27,0,0,0,0,0.0,0,328.71,710.3499999999999
2025-05-11 17:45:00,2025-11-05 17:45:00,-527.58,24.71,12.02,0.0,564.3100000000001,30.11,176.66,-54.33,53.91,0.0,0.0,0,-30.54,7.42,0,0,0,0,0.0,0,352.97,917.2800000000001
2025-05-11 18:00:00,2025-11-05 18:00:00,-208.13,24.73,28.07,4.54,265.47,30.12,187.1,-43.9,84.9,0.0,0.0,0,-30.54,9.94,0,0,0,0,0.0,0,386.5,651.97
2025-05-11 18:15:00,2025-11-05 18:15:00,-171.59,24.73,48.47,11.38,256.17,29.79,130.66,-41.78,103.26,4.86,-17.18,0,-30.59,9.95,0,0,0,0,0.0,0,368.07,624.24
2025-05-11 18:30:00,2025-11-05 18:30:00,-221.91,25.25,48.47,27.36,322.99,30.13,242.65,-44.22,101.88,47.38,-43.7,0,-30.66,9.96,0,0,0,0,0.0,0,550.58,873.57
2025-05-11 18:45:00,2025-11-05 18:45:00,-253.51,29.91,48.47,31.69,363.58,34.0,215.66,-46.5,112.28,47.23,-57.23,0,-30.67,9.96,0,0,0,0,0.0,0,553.53,917.1099999999999
2025-05-11 19:00:00,2025-11-05 19:00:00,-515.57,24.51,48.47,36.65,625.2,54.24,270.61,-54.32,154.69,92.82,-57.5,0,-30.7,9.97,0,0,0,0,0.0,0,724.8500000000001,1350.0500000000002
2025-05-11 19:15:00,2025-11-05 19:15:00,-666.3,24.7,53.04,38.09,782.13,54.26,272.51,-54.31,165.61,91.77,-57.92,0,-30.69,9.97,0,0,0,0,0.0,0,737.0400000000001,1519.17
2025-05-11 19:30:00,2025-11-05 19:30:00,-619.22,23.61,66.26,38.07,747.1600000000001,54.26,272.52,-54.33,167.37,91.83,-58.33,0,-30.7,9.98,0,0,0,0,0.0,0,739.3200000000002,1486.4800000000002
2025-05-11 19:45:00,2025-11-05 19:45:00,-730.86,31.58,66.23,38.06,866.73,54.26,271.91,-54.32,165.06,91.7,-57.7,0,-30.69,9.97,0,0,0,0,0.0,0,735.6100000000001,1602.3400000000001
2025-05-11 20:00:00,2025-11-05 20:00:00,-727.5,35.6,66.23,38.06,867.3900000000001,54.28,271.15,-54.3,163.82,91.64,-57.24,0,-30.71,9.98,0,0,0,0,0.0,0,733.12,1600.5100000000002
2025-05-11 20:15:00,2025-11-05 20:15:00,-706.02,35.61,66.23,38.03,845.89,54.29,268.58,-54.28,162.52,91.57,-57.02,0,-30.71,9.97,0,0,0,0,0.0,0,728.94,1574.83
2025-05-11 20:30:00,2025-11-05 20:30:00,-737.57,35.64,66.21,38.09,877.5100000000001,54.28,272.0,-54.31,164.98,91.59,-57.64,0,-30.73,9.98,0,0,0,0,0.0,0,735.51,1613.02
2025-05-11 20:45:00,2025-11-05 20:45:00,-737.29,35.68,66.22,38.12,877.31,54.28,272.57,-54.3,166.94,91.61,-58.21,0,-30.72,9.97,0,0,0,0,0.0,0,738.6000000000001,1615.91
2025-05-11 21:00:00,2025-11-05 21:00:00,-674.75,35.68,59.21,38.08,807.72,54.27,272.38,-54.28,166.1,91.54,-57.9,0,-30.69,9.98,0,0,0,0,0.0,0,737.14,1544.8600000000001
2025-05-11 21:15:00,2025-11-05 21:15:00,-603.34,35.67,48.64,38.04,725.6899999999999,54.28,271.37,-54.27,164.14,91.46,-57.3,0,-30.68,9.97,0,0,0,0,0.0,0,733.4699999999999,1459.1599999999999
2025-05-11 21:30:00,2025-11-05 21:30:00,-602.93,35.69,48.62,38.06,725.3,54.28,271.81,-54.27,164.2,91.41,-57.24,0,-30.68,9.97,0,0,0,0,0.0,0,733.8599999999999,1459.1599999999999
2025-05-11 21:45:00,2025-11-05 21:45:00,-628.53,35.7,48.63,38.05,750.91,54.28,211.19,-54.28,164.08,91.39,-57.33,0,-30.68,9.97,0,0,0,0,0.0,0,673.2,1424.1100000000001
2025-05-11 22:00:00,2025-11-05 22:00:00,-717.28,35.7,48.66,38.05,839.6899999999999,54.28,247.34,-54.31,165.54,91.4,-57.75,0,-30.71,9.97,0,0,0,0,0.0,0,711.3000000000001,1550.99
2025-05-11 22:15:00,2025-11-05 22:15:00,-734.59,35.69,48.65,38.02,856.9499999999999,54.29,272.51,-54.33,165.62,91.35,-57.78,0,-30.67,9.97,0,0,0,0,0.0,0,736.52,1593.4699999999998
2025-05-11 22:30:00,2025-11-05 22:30:00,-736.98,35.72,48.67,38.04,859.41,54.28,272.56,-54.37,168.02,91.36,-58.44,0,-30.7,9.97,0,0,0,0,0.0,0,739.7,1599.1100000000001
2025-05-11 22:45:00,2025-11-05 22:45:00,-736.77,35.73,48.66,38.02,859.18,54.28,272.52,-54.34,167.58,91.3,-58.1,0,-30.72,9.97,0,0,0,0,0.0,0,738.8100000000001,1597.99
2025-05-11 23:00:00,2025-11-05 23:00:00,-731.41,35.75,59.04,38.05,864.2499999999999,54.28,272.62,-54.36,169.28,108.61,-58.25,0,-30.7,9.97,0,0,0,0,0.0,0,758.07,1622.32
2025-05-11 23:15:00,2025-11-05 23:15:00,-736.68,35.78,55.19,37.99,865.6399999999999,54.28,272.46,-54.4,169.16,112.84,-58.59,0,-30.73,9.98,0,0,0,0,0.0,0,762.44,1628.08
2025-05-11 23:30:00,2025-11-05 23:30:00,-727.15,35.75,39.18,37.92,839.9999999999999,54.27,272.28,-54.32,161.8,112.7,-57.65,0,-30.67,9.95,0,0,0,0,0.0,0,753.64,1593.6399999999999
2025-05-11 23:45:00,2025-11-05 23:45:00,-724.42,35.74,40.04,37.65,837.8499999999999,54.28,272.1,-54.26,162.49,112.57,-57.36,0,-30.72,9.95,0,0,0,0,0.0,0,753.7300000000001,1591.58
2025-05-12 00:00:00,2025-12-05 00:00:00,-729.27,35.73,40.04,37.3,842.3399999999999,54.28,271.99,-54.27,164.65,112.5,-57.62,0,-30.74,9.95,0,0,0,0,0.0,0,756.0,1598.34
2025-05-12 00:15:00,2025-12-05 00:15:00,-728.98,35.72,27.85,37.32,829.8700000000001,54.29,272.11,-54.27,164.94,112.4,-57.42,0,-30.73,9.94,0,0,0,0,0.0,0,756.1,1585.9700000000003
2025-05-12 00:30:00,2025-12-05 00:30:00,-724.02,35.72,12.0,37.33,809.07,54.28,267.8,-54.26,164.19,63.79,-53.28,0,-30.73,9.94,0,0,0,0,0.0,0,698.27,1507.3400000000001
2025-05-12 00:45:00,2025-12-05 00:45:00,-720.51,35.72,12.0,37.34,805.57,54.28,221.27,-54.26,154.4,47.22,-41.16,0,-30.74,9.95,0,0,0,0,0.0,0,613.2800000000001,1418.8500000000001
2025-05-12 01:00:00,2025-12-05 01:00:00,-724.92,35.71,12.0,29.53,802.16,54.27,259.92,-54.28,141.86,46.9,-41.28,0,-30.75,9.95,0,0,0,0,0.0,0,639.21,1441.37
2025-05-12 01:15:00,2025-12-05 01:15:00,-730.1,35.72,12.0,24.64,802.46,54.28,271.44,-54.29,137.14,46.85,-41.3,0,-30.76,9.94,0,0,0,0,0.0,0,646.0000000000001,1448.46
2025-05-12 01:30:00,2025-12-05 01:30:00,-734.84,35.74,12.0,24.64,807.22,54.27,272.55,-54.27,140.99,46.91,-41.43,0,-30.75,9.95,0,0,0,0,0.0,0,651.1199999999999,1458.34
2025-05-12 01:45:00,2025-12-05 01:45:00,-735.28,35.77,12.0,24.64,807.6899999999999,54.27,272.61,-54.27,98.43,46.91,-41.43,0,-30.75,9.95,0,0,0,0,0.0,0,608.62,1416.31
2025-05-12 02:00:00,2025-12-05 02:00:00,-736.47,35.8,12.0,24.65,808.92,48.13,272.63,-54.28,70.8,14.6,-30.94,0,-30.77,9.95,0,0,0,0,0.0,0,532.1,1341.02
2025-05-12 02:15:00,2025-12-05 02:15:00,-732.03,35.78,12.0,24.66,804.4699999999999,36.19,272.58,-54.24,54.3,0.0,-24.53,0,-30.74,9.95,0,0,0,0,0.0,0,482.53000000000003,1287.0
2025-05-12 02:30:00,2025-12-05 02:30:00,-730.71,35.8,12.0,24.65,803.16,36.18,272.64,-54.24,54.11,0.0,-24.49,0,-30.74,9.94,0,0,0,0,0.0,0,482.34000000000003,1285.5
2025-05-12 02:45:00,2025-12-05 02:45:00,-726.68,35.8,12.0,24.64,799.1199999999999,36.19,272.48,-54.21,15.0,0.0,-24.56,0,-30.76,9.93,0,0,0,0,0.0,0,443.13,1242.25
2025-05-12 03:00:00,2025-12-05 03:00:00,-730.97,35.82,12.0,24.62,803.4100000000001,36.18,272.6,-54.22,0.0,0.0,-24.5,0,-30.76,9.93,0,0,0,0,0.0,0,428.19,1231.6000000000001
2025-05-12 03:15:00,2025-12-05 03:15:00,-730.22,35.83,12.0,24.62,802.6700000000001,36.18,272.43,-54.19,0.0,0.0,-24.55,0,-30.76,9.93,0,0,0,0,0.0,0,428.04,1230.71
2025-05-12 03:30:00,2025-12-05 03:30:00,-724.14,35.85,12.0,24.6,796.59,36.18,271.46,-54.18,0.0,0.0,-24.5,0,-30.75,9.92,0,0,0,0,0.0,0,426.99,1223.58
2025-05-12 03:45:00,2025-12-05 03:45:00,-723.81,35.87,12.0,17.77,789.4499999999999,36.18,271.3,-54.17,0.0,0.0,-24.55,0,-30.75,9.94,0,0,0,0,0.0,0,426.89000000000004,1216.34
2025-05-12 04:00:00,2025-12-05 04:00:00,-721.17,35.87,12.0,12.82,781.86,36.19,270.79,-54.15,0.0,0.0,-24.52,0,-30.73,9.94,0,0,0,0,0.0,0,426.32,1208.18
2025-05-12 04:15:00,2025-12-05 04:15:00,-719.31,35.88,12.0,12.84,780.03,36.18,270.2,-54.16,0.0,0.0,-24.53,0,-30.72,9.93,0,0,0,0,0.0,0,425.71999999999997,1205.75
2025-05-12 04:30:00,2025-12-05 04:30:00,-720.17,35.89,12.0,12.86,780.92,36.2,270.24,-54.16,0.0,0.0,-24.55,0,-30.73,9.93,0,0,0,0,0.0,0,425.81000000000006,1206.73
2025-05-12 04:45:00,2025-12-05 04:45:00,-720.47,35.9,12.0,12.85,781.22,36.19,270.01,-54.15,0.0,0.0,-24.57,0,-30.71,9.93,0,0,0,0,0.0,0,425.55999999999995,1206.78
2025-05-12 05:00:00,2025-12-05 05:00:00,-726.96,35.93,12.0,12.84,787.73,36.2,271.72,-54.16,0.0,0.0,-24.48,0,-30.73,9.94,0,0,0,0,0.0,0,427.2300000000001,1214.96
2025-05-12 05:15:00,2025-12-05 05:15:00,-730.63,35.95,12.0,12.84,791.4200000000001,36.19,272.53,-54.17,0.0,0.0,-24.51,0,-30.7,9.96,0,0,0,0,0.0,0,428.05999999999995,1219.48
2025-05-12 05:30:00,2025-12-05 05:30:00,-731.78,35.97,12.0,12.83,792.58,36.2,272.44,-54.19,0.0,0.0,-24.52,0,-30.71,9.96,0,0,0,0,0.0,0,428.0199999999999,1220.6
2025-05-12 05:45:00,2025-12-05 05:45:00,-733.29,35.98,12.0,12.82,794.09,32.93,272.41,-54.2,0.0,0.0,-24.47,0,-30.69,9.96,0,0,0,0,0.0,0,424.65999999999997,1218.75
2025-05-12 06:00:00,2025-12-05 06:00:00,-730.56,35.99,18.8,14.2,799.55,0.0,271.41,-54.21,0.0,0.0,-24.56,0,-30.7,9.96,0,0,0,0,0.0,0,390.84,1190.3899999999999
2025-05-12 06:15:00,2025-12-05 06:15:00,-736.61,36.01,24.0,25.2,821.82,0.0,272.43,-54.21,0.0,0.0,-24.52,0,-30.71,9.97,0,0,0,0,0.0,0,391.84,1213.66
2025-05-12 06:30:00,2025-12-05 06:30:00,-738.12,36.03,23.92,25.32,823.39,26.62,272.51,-54.18,0.0,0.0,-24.53,0,-30.72,9.96,0,0,0,0,0.0,0,418.52000000000004,1241.91
2025-05-12 06:45:00,2025-12-05 06:45:00,-622.12,36.02,12.0,25.33,695.47,36.0,272.0,-54.19,0.0,0.0,-24.52,0,-30.7,9.95,0,0,0,0,0.0,0,427.35999999999996,1122.83
2025-05-12 07:00:00,2025-12-05 07:00:00,-536.88,36.04,12.0,25.34,610.26,36.0,272.07,-51.65,0.0,0.0,-24.49,0,-30.72,9.96,0,0,0,0,0.0,0,424.88999999999993,1035.1499999999999
2025-05-12 07:15:00,2025-12-05 07:15:00,-435.94,36.05,12.0,17.26,501.25,36.0,272.51,-40.62,0.0,0.0,-24.51,0,-30.65,9.96,0,0,0,0,0.0,0,414.24999999999994,915.5
2025-05-12 07:30:00,2025-12-05 07:30:00,-403.8,36.06,12.0,12.78,464.64,36.0,271.67,-40.72,0.0,0.0,-24.46,0,-30.65,9.96,0,0,0,0,0.0,0,413.4599999999999,878.0999999999999
2025-05-12 07:45:00,2025-12-05 07:45:00,-159.75,36.03,12.0,24.19,231.97,36.0,264.21,-37.17,0.0,0.0,-24.47,0,-30.68,9.95,0,0,0,0,0.0,0,402.48,634.45
2025-05-12 08:00:00,2025-12-05 08:00:00,-211.94,36.06,12.0,25.25,285.25,36.0,266.17,-26.97,0.0,0.0,-24.51,0,-19.29,9.95,0,0,0,0,0.0,0,382.89,668.14
2025-05-12 08:15:00,2025-12-05 08:15:00,-248.33,36.09,12.0,25.18,321.6,36.0,273.37,-28.85,0.0,0.0,-24.46,0,-15.63,9.96,0,0,0,0,0.0,0,388.27,709.87
2025-05-12 08:30:00,2025-12-05 08:30:00,-127.92,36.1,12.0,25.19,201.21,36.0,239.09,-22.41,0.0,0.0,-24.48,0,-5.07,9.95,0,0,0,0,0.0,0,337.00000000000006,538.21
2025-05-12 08:45:00,2025-12-05 08:45:00,-115.72,36.05,12.0,25.18,188.95,36.0,193.58,-20.46,0.0,0.0,-24.42,0,0.04,9.95,0,0,0,0,0.0,0,284.45000000000005,473.40000000000003
2025-05-12 09:00:00,2025-12-05 09:00:00,-248.52,36.04,12.0,16.07,312.63,36.0,185.08,-20.5,0.0,0.0,-24.49,0,0.01,9.95,0,0,0,0,0.0,0,276.03,588.66
2025-05-12 09:15:00,2025-12-05 09:15:00,-306.97,36.02,12.0,12.78,367.77,36.0,188.75,-20.49,0.0,0.0,-24.44,0,0.02,9.96,0,0,0,0,0.0,0,279.65999999999997,647.43
2025-05-12 09:30:00,2025-12-05 09:30:00,-387.39,35.99,12.0,12.76,448.14,36.0,190.08,-21.8,0.0,0.0,-24.44,0,0.01,9.96,0,0,0,0,0.0,0,282.29,730.4300000000001
2025-05-12 09:45:00,2025-12-05 09:45:00,-490.68,35.91,12.0,11.33,549.9200000000001,36.0,200.67,-28.85,0.0,0.0,-24.45,0,-0.01,9.94,0,0,0,0,0.0,0,299.91999999999996,849.84
2025-05-12 10:00:00,2025-12-05 10:00:00,-480.51,35.85,12.0,6.32,534.6800000000001,36.0,198.52,-28.82,0.0,0.0,-24.51,0,0.0,9.94,0,0,0,0,0.0,0,297.79,832.47
2025-05-12 10:15:00,2025-12-05 10:15:00,-477.1,35.8,12.0,6.38,531.28,36.0,172.3,-28.82,0.0,0.0,-23.24,0,0.01,9.94,0,0,0,0,0.0,0,270.31,801.5899999999999
2025-05-12 10:30:00,2025-12-05 10:30:00,-478.63,35.76,12.0,6.4,532.79,36.0,181.64,-28.81,0.0,0.0,-24.46,0,0.0,9.95,0,0,0,0,0.0,0,280.85999999999996,813.6499999999999
2025-05-12 10:45:00,2025-12-05 10:45:00,-488.95,35.73,12.0,6.42,543.0999999999999,36.0,139.42,-28.8,0.0,0.0,-24.5,0,0.01,9.94,0,0,0,0,0.0,0,238.67,781.7699999999999
2025-05-12 11:00:00,2025-12-05 11:00:00,-472.53,35.65,12.0,6.44,526.62,36.0,133.58,-28.82,0.0,0.0,-24.46,0,0.01,9.95,0,0,0,0,0.0,0,232.82,759.44
2025-05-12 11:15:00,2025-12-05 11:15:00,-464.33,35.6,12.0,6.43,518.36,36.0,133.75,-23.56,0.0,0.0,-24.41,0,0.02,9.95,0,0,0,0,0.0,0,227.69,746.05
2025-05-12 11:30:00,2025-12-05 11:30:00,-422.17,35.65,12.0,6.42,476.24,36.0,134.25,-20.5,0.0,0.0,-24.43,0,0.02,9.94,0,0,0,0,0.0,0,225.14000000000001,701.38
2025-05-12 11:45:00,2025-12-05 11:45:00,-414.28,35.65,12.0,1.99,463.91999999999996,36.0,134.35,-20.46,0.0,0.0,-24.39,0,0.04,9.94,0,0,0,0,0.0,0,225.17999999999998,689.0999999999999
2025-05-12 12:00:00,2025-12-05 12:00:00,-280.47,35.65,12.0,0.0,328.12,22.6,134.35,-20.41,0.0,0.0,-24.42,0,0.07,9.93,0,0,0,0,0.0,0,211.77999999999997,539.9
2025-05-12 12:15:00,2025-12-05 12:15:00,-385.77,35.65,12.0,0.0,433.41999999999996,20.0,134.35,-20.52,0.0,0.0,-24.43,0,0.05,9.93,0,0,0,0,0.0,0,209.28000000000003,642.7
2025-05-12 12:30:00,2025-12-05 12:30:00,-268.78,35.65,12.0,0.0,316.42999999999995,20.0,134.35,-20.51,0.0,0.0,-24.39,0,0.06,9.93,0,0,0,0,0.0,0,209.24,525.67
2025-05-12 12:45:00,2025-12-05 12:45:00,-257.02,35.65,12.0,0.0,304.66999999999996,20.0,134.35,-20.5,0.0,0.0,-24.45,0,0.06,9.92,0,0,0,0,0.0,0,209.27999999999997,513.9499999999999
2025-05-12 13:00:00,2025-12-05 13:00:00,-155.84,35.65,12.0,0.0,203.49,20.0,134.35,-20.51,0.0,0.0,-24.4,0,0.08,9.92,0,0,0,0,0.0,0,209.26,412.75
2025-05-12 13:15:00,2025-12-05 13:15:00,-139.99,35.65,12.0,0.0,187.64000000000001,20.0,134.35,-20.52,0.0,0.0,-24.43,0,0.08,9.93,0,0,0,0,0.0,0,209.31000000000003,396.95000000000005
2025-05-12 13:30:00,2025-12-05 13:30:00,-150.04,35.65,12.0,0.0,197.69,20.0,263.41,-20.52,0.0,0.0,-24.38,0,0.09,9.92,0,0,0,0,0.0,0,338.32,536.01
2025-05-12 13:45:00,2025-12-05 13:45:00,-195.54,35.65,12.0,0.0,243.19,20.0,270.0,-28.03,0.0,0.0,-24.4,0,0.08,9.93,0,0,0,0,0.0,0,352.43999999999994,595.6299999999999
2025-05-12 14:00:00,2025-12-05 14:00:00,-365.21,35.65,12.0,0.0,412.85999999999996,20.0,270.0,-28.66,0.0,0.0,-24.42,0,0.06,9.93,0,0,0,0,0.0,0,353.07000000000005,765.9300000000001
2025-05-12 14:15:00,2025-12-05 14:15:00,-500.72,35.65,12.0,0.0,548.37,20.0,270.0,-35.81,0.0,0.0,-24.5,0,0.05,9.94,0,0,0,0,0.0,0,360.3,908.6700000000001
2025-05-12 14:30:00,2025-12-05 14:30:00,-590.15,35.65,12.0,0.0,637.8,20.0,270.6,-53.99,0.0,0.0,-24.36,0,0.06,9.94,0,0,0,0,0.0,0,378.95000000000005,1016.75
2025-05-12 14:45:00,2025-12-05 14:45:00,-682.89,35.65,12.0,0.0,730.54,20.0,273.57,-54.23,2.83,0.0,-24.36,0,0.06,9.93,0,0,0,0,0.0,0,384.98,1115.52
2025-05-12 15:00:00,2025-12-05 15:00:00,-719.02,35.52,12.0,0.0,766.54,20.0,269.01,-54.17,25.46,0.0,-24.37,0,0.05,9.92,0,0,0,0,0.0,0,402.98,1169.52
2025-05-12 15:15:00,2025-12-05 15:15:00,-733.84,34.9,12.0,0.0,780.74,20.0,273.4,-54.19,26.57,0.0,-24.31,0,0.12,9.92,0,0,0,0,0.0,0,408.51,1189.25
2025-05-12 15:30:00,2025-12-05 15:30:00,-651.41,34.86,12.0,0.0,698.27,20.0,272.93,-54.19,26.04,0.0,-24.44,0,-3.07,9.91,0,0,0,0,0.0,0,410.58000000000004,1108.85
2025-05-12 15:45:00,2025-12-05 15:45:00,-596.71,34.85,12.0,0.0,643.5600000000001,20.0,272.48,-54.16,26.0,0.0,-24.43,0,-15.35,9.92,0,0,0,0,0.0,0,422.34000000000003,1065.9
2025-05-12 16:00:00,2025-12-05 16:00:00,-487.6,34.86,12.0,0.0,534.46,20.0,270.06,-54.19,47.62,0.0,-24.45,0,-21.4,9.9,0,0,0,0,0.0,0,447.61999999999995,982.0799999999999
2025-05-12 16:15:00,2025-12-05 16:15:00,-512.64,34.9,12.0,0.0,559.54,20.0,273.06,-54.19,52.25,0.0,-24.37,0,-30.71,9.92,0,0,0,0,0.0,0,464.5,1024.04
2025-05-12 16:30:00,2025-12-05 16:30:00,-534.64,34.95,12.0,0.0,581.59,20.0,273.43,-54.21,52.73,0.0,-24.37,0,-30.72,9.92,0,0,0,0,0.0,0,465.38000000000005,1046.97
2025-05-12 16:45:00,2025-12-05 16:45:00,-563.73,35.0,12.0,0.0,610.73,20.0,273.27,-54.22,56.39,0.0,-24.38,0,-30.7,9.91,0,0,0,0,0.0,0,468.87,1079.6
2025-05-12 17:00:00,2025-12-05 17:00:00,-517.05,34.98,12.0,0.0,564.03,20.0,271.4,-54.17,50.75,0.0,-24.43,0,-30.63,9.9,0,0,0,0,0.0,0,461.28,1025.31
2025-05-12 17:15:00,2025-12-05 17:15:00,-526.51,35.02,12.0,0.0,573.53,26.15,272.25,-54.17,51.4,0.0,-24.46,0,-30.66,9.9,0,0,0,0,0.0,0,468.98999999999995,1042.52
2025-05-12 17:30:00,2025-12-05 17:30:00,-581.22,35.02,12.0,2.01,630.25,30.04,270.99,-54.18,71.89,0.0,-28.37,0,-30.68,9.89,0,0,0,0,0.0,0,496.04,1126.29
2025-05-12 17:45:00,2025-12-05 17:45:00,-549.45,35.0,26.1,16.14,626.69,30.04,269.3,-54.16,89.65,0.0,-49.41,0,-30.69,9.9,0,0,0,0,0.0,0,533.15,1159.8400000000001
2025-05-12 18:00:00,2025-12-05 18:00:00,-381.07,34.98,46.3,31.64,493.99,30.05,263.2,-54.12,98.75,0.0,-56.57,0,-30.72,9.9,0,0,0,0,0.0,0,543.31,1037.3
2025-05-12 18:15:00,2025-12-05 18:15:00,-350.13,35.01,48.51,32.38,466.03,33.03,265.55,-54.14,101.01,0.0,-56.8,0,-30.71,9.9,0,0,0,0,0.0,0,551.14,1017.17
2025-05-12 18:30:00,2025-12-05 18:30:00,-635.21,35.03,54.11,37.98,762.33,54.23,268.41,-54.15,106.94,1.87,-57.09,0,-30.74,9.9,0,0,0,0,0.0,0,583.33,1345.66
2025-05-12 18:45:00,2025-12-05 18:45:00,-731.02,35.03,66.21,38.03,870.29,54.24,270.87,-54.17,163.57,53.88,-57.91,0,-30.77,9.9,0,0,0,0,0.0,0,695.31,1565.6
2025-05-12 19:00:00,2025-12-05 19:00:00,-732.07,35.03,66.21,38.04,871.35,54.24,272.37,-54.15,168.92,110.95,-57.93,0,-30.74,9.9,0,0,0,0,0.0,0,759.1999999999999,1630.55
2025-05-12 19:15:00,2025-12-05 19:15:00,-730.41,35.03,66.19,38.04,869.6699999999998,54.25,272.5,-54.15,168.17,113.91,-57.73,0,-30.74,9.9,0,0,0,0,0.0,0,761.3499999999999,1631.0199999999998
2025-05-12 19:30:00,2025-12-05 19:30:00,-735.4,35.03,66.19,38.05,874.6699999999998,54.24,272.58,-54.13,168.83,114.19,-58.02,0,-30.75,9.9,0,0,0,0,0.0,0,762.64,1637.31
2025-05-12 19:45:00,2025-12-05 19:45:00,-736.65,35.03,66.18,38.01,875.8699999999999,54.23,272.48,-54.13,169.66,114.14,-58.2,0,-30.76,9.9,0,0,0,0,0.0,0,763.5,1639.37
2025-05-12 20:00:00,2025-12-05 20:00:00,-729.65,35.03,66.17,38.01,868.8599999999999,54.26,272.41,-54.12,167.28,114.03,-57.8,0,-30.75,9.9,0,0,0,0,0.0,0,760.55,1629.4099999999999
2025-05-12 20:15:00,2025-12-05 20:15:00,-729.6,35.03,66.18,37.98,868.79,54.25,272.48,-54.11,167.35,113.93,-57.75,0,-30.74,9.89,0,0,0,0,0.0,0,760.5000000000001,1629.29
2025-05-12 20:30:00,2025-12-05 20:30:00,-732.29,35.03,66.14,38.01,871.4699999999999,54.25,272.44,-54.11,168.26,113.93,-58.19,0,-30.77,9.89,0,0,0,0,0.0,0,761.84,1633.31
2025-05-12 20:45:00,2025-12-05 20:45:00,-722.49,35.03,66.14,38.03,861.6899999999999,54.25,272.37,-54.14,166.65,113.78,-57.84,0,-30.76,9.89,0,0,0,0,0.0,0,759.68,1621.37
2025-05-12 21:00:00,2025-12-05 21:00:00,-590.35,35.03,66.15,37.96,729.49,54.25,271.86,-54.12,166.56,113.67,-57.57,0,-30.76,9.88,0,0,0,0,0.0,0,758.67,1488.1599999999999
2025-05-12 21:15:00,2025-12-05 21:15:00,-544.66,35.03,66.14,38.0,683.8299999999999,54.26,271.78,-54.11,166.77,113.61,-57.62,0,-30.52,9.89,0,0,0,0,0.0,0,758.56,1442.3899999999999
2025-05-12 21:30:00,2025-12-05 21:30:00,-567.45,35.03,66.14,37.95,706.57,54.27,272.37,-54.1,167.4,113.58,-57.81,0,-30.39,9.88,0,0,0,0,0.0,0,759.8,1466.37
2025-05-12 21:45:00,2025-12-05 21:45:00,-682.78,35.03,66.14,37.95,821.9,54.26,272.36,-54.12,167.9,113.54,-57.84,0,-30.4,9.89,0,0,0,0,0.0,0,760.31,1582.21
2025-05-12 22:00:00,2025-12-05 22:00:00,-734.96,35.03,66.15,37.96,874.1,54.29,272.12,-54.15,169.38,113.5,-58.14,0,-30.43,9.9,0,0,0,0,0.0,0,761.91,1636.01
2025-05-12 22:15:00,2025-12-05 22:15:00,-736.25,35.03,66.15,37.96,875.39,54.28,272.36,-54.17,167.87,113.36,-58.5,0,-30.38,9.89,0,0,0,0,0.0,0,760.8100000000001,1636.2
2025-05-12 22:30:00,2025-12-05 22:30:00,-730.36,35.03,66.13,37.98,869.5,54.27,272.51,-54.17,165.62,113.26,-58.13,0,-30.4,9.89,0,0,0,0,0.0,0,758.2499999999999,1627.75
2025-05-12 22:45:00,2025-12-05 22:45:00,-726.21,35.03,66.13,37.98,865.35,54.27,272.66,-54.12,165.14,113.17,-57.82,0,-30.42,9.88,0,0,0,0,0.0,0,757.48,1622.83
2025-05-12 23:00:00,2025-12-05 23:00:00,-730.13,35.03,66.13,37.96,869.25,54.25,272.57,-54.13,165.19,113.18,-57.82,0,-30.41,9.88,0,0,0,0,0.0,0,757.43,1626.6799999999998
2025-05-12 23:15:00,2025-12-05 23:15:00,-730.98,35.03,66.14,37.96,870.11,54.26,272.29,-54.06,166.44,113.11,-57.63,0,-30.42,9.87,0,0,0,0,0.0,0,758.0799999999999,1628.19
2025-05-12 23:30:00,2025-12-05 23:30:00,-733.87,35.03,66.12,37.95,872.97,54.26,271.78,-54.07,166.0,113.0,-57.65,0,-30.43,9.87,0,0,0,0,0.0,0,757.0599999999998,1630.0299999999997
2025-05-12 23:45:00,2025-12-05 23:45:00,-730.61,35.03,66.12,37.93,869.6899999999999,54.26,270.31,-54.06,165.14,112.92,-57.42,0,-30.44,9.87,0,0,0,0,0.0,0,754.42,1624.11
